Object,Correct_Location,Wrong_Locations
action figure,pantry room,"['palace', 'laundry room', 'suitcase', 'car']"
adjustable wrench,bedroom,"['loft', 'cat', 'glass', 'press']"
alarmclock,bedroom,"['different room', ""child's room"", 'larder', 'attic']"
aluminumfoil,kitchen,"[""prostitute's bedroom"", 'exercise room', 'lamp', 'bathroom cabinet']"
android figure,corridor,"['teapot', 'chest', 'separate room', 'castle']"
anti slip tape,exercise room,"['icebox', 'side of the room', ""children's room"", 'home']"
antidepressant,pantry room,"['motel room', 'larder', 'laundry room', 'bundle']"
antique,attic,"['pot', 'court', 'butt', 'hall']"
apple,kitchen,"['loft', 'cup', 'bus', 'furniture']"
applesauce,jar,"['sack', 'dishwasher', 'teapot', 'engine']"
appliance,home,"['backyard', 'chest', 'hamper', 'dining room']"
apricot,table,"['bathroom', 'tea room', 'bar', 'bike']"
armchair,bedroom,"['classroom', 'suitcase', 'ir rooms', 'basket']"
armoire,living room,"['hospital drug storeroom', 'cabin', 'music room', 'vault']"
armrest,car,"['childs room', 'wallet', 'purse', 'room of the house']"
arrow,quiver,"['restroom', 'oven', 'can', 'container']"
artichoke,refrigerator,"['freezer', 'range', 'bookshelf', ""teenager's bedroom""]"
article,press,"['drawer', 'ambulance', ' middle of the room', 'way']"
ashtray,house,"['storage room', 'guest room', 'orchestra', 'basket']"
asparagus,oven,"[""cash's room"", 'stand', 'pantry room', 'glass']"
atm,bank,"['palace', 'palace', 'dining room', 'bathroom']"
attic,home,"['bank', 'family room', 'deck', 'dresser']"
backpack,storage room,"['pantry', ""children's room"", 'loungeroom', 'barrel']"
bacon,oven,"['art classroom', 'classroom', 'briefcase', 'butt']"
balancing cactus,television room,"['locker', 'small room', 'small room', 'pocket']"
ball,sack,"['ambulance', 'truck', 'bathtub', 'motorbike']"
balustrade,grand ballroom,"['storage room', 'classroom', 'motel room', 'camp']"
banana,closet,"['bathroom drawer', 'plate', 'small room', 'castle']"
bar,oven,"['stand', 'bookshelf', 'side of the room', 'backyard']"
baseball,lobby,"['glass', 'livingroom', 'court', 'band room']"
baseballbat,bedroom,"['sink', 'hive', 'container', 'den']"
basil,garden,"['bicycle', 'bunk', 'jar', 'quiver']"
basketball,bedroom,"['jacket', 'card room', 'cabinet', 'mailbox']"
bat,attic,"['range', 'butt', 'different room', 'carton']"
bath sheet,bedroom,"['vault', 'shelf', 'broom closet', 'tea room']"
bathtub,bathroom,"['fridge', 'shoe', 'separate room', 'dresser']"
bathtubbasin,bathroom,"['package', 'barrel', 'nest', 'tin']"
batter,box,"['place', 'livingroom', 'can', 'freezer']"
battery,childs room,"['plate', 'backyard', 'bus', 'floor']"
beacon,range,"['tin', 'loft', 'cruet', 'utility room']"
beanbag,child's bedroom,"['hatbox', 'barrel', 'briefcase', 'chest']"
beard color gel,utility room,"['deck', ' middle of the room', 'tin', 'study']"
beauty pack,utility room,"['backyard', 'palace', 'house', 'study']"
bed,bedroom,"['pod', 'bedroom drawer', 'packet', 'dishwasher']"
bedroom,dwelling,"['class room', 'sack', 'range', 'refrigerator']"
beer,can,"['sofa', 'engine', 'engine', 'most rooms']"
beet,can,"['loungeroom', 'toaster', 'foyer', 'container']"
belt,closet,"['childs room', 'hall', 'jacket', 'most rooms']"
beverage,bottle,"[""prostitute's bedroom"", 'case', 'parlor', 'dining room']"
binoculars,suitcase,"['belfry', 'kitchen or bathroom', 'quiver', 'shelf']"
biscuit,oven,"['mansion', 'stove', 'dumpster', ""children's room""]"
blanket,closet,"['hive', 'wallet', 'dimly lit room', 'toolbox']"
bleach cleanser,bathroom,"['jar', ""children's room"", 'motel room', 'attic']"
blender,kitchen,"['living rooms', 'wardrobe', 'hotel room', 'package']"
blender jar,garage,"['pitcher', 'bar', 'sack', 'pantry']"
blind,bedroom,"['palace', 'bed', 'briefcase', 'beehive']"
blouse,suitcase,"['butt', 'locker', 'tea room', 'bowl']"
board game,childs room,"['furniture', 'most rooms', 'bed', 'different room']"
boat,bay,"[""men's restroom"", 'pantry', 'every bedroom', 'quiver']"
boater,boat,"['place', 'dining room', 'stand', ""person's living room""]"
bolt,jar,"['bundle', 'den', 'garbage', 'package']"
book,living room,"['aquarium', 'locker', 'garden', 'bike']"
bookcase,den,"['bookshelf', 'pot', 'nest', 'hospital drug storeroom']"
bookend,utility room,"['glass', 'bathroom drawer', 'larder', 'every bedroom']"
bookshelf,bedroom,"['toaster', 'teapot', 'hamper', 'boot']"
boot,living room,"['floor', 'tin', 'one room flat', 'belfry']"
booze,bar,"['hall', 'mailbox', 'small room', 'hive']"
bottle,kitchen,"['briefcase', 'waiting room', 'dumpster', 'floor']"
bourbon,barrel,"['tin', 'card room', 'sofa', 'bathtub']"
bowl,kitchen,"['backyard', 'grand ballroom', 'packet', 'locker']"
box,bedroom,"['anor room', 'bath', 'bottle', 'drawer']"
bra,drawer,"['cat', 'guest room', 'bath', 'pot']"
brain,head,"['bowl', 'keg', 'every bedroom', 'beehive']"
brandy,bar,"['tank', 'microwave', 'waiting room', 'grand ballroom']"
bread,kitchen,"['machine', 'closet', 'dining room', 'corridor']"
breakfast,table,"['machine', 'childs room', 'parlor', 'garbage']"
broccoli,oven,"['most rooms', 'tin', 'truck', 'packet']"
broiler,oven,"['broom closet', 'motorbike', 'pot', 'cellar']"
broom,cabinet,"['den', 'schoolroom', 'one of the classrooms', 'butt']"
bug,garden,"['cup', 'childs room', 'card room', 'broom closet']"
bulb,lamp,"['sink', 'different room', 'lounge', 'cabin']"
bullet,barrel,"['bike', 'storage room', 'hotel room', 'briefcase']"
bumper,car,"['home office', 'attic', 'loft', 'ir rooms']"
bun,breadbox,"['beehive', 'tank', ""child's bedroom"", 'well']"
bundt pan,living room,"['vault', 'wallet', 'art classroom', 'bicycle']"
bureau,bedroom,"['tea room', 'camp', 'sofa', 'box']"
burner,oven,"['dumpster', 'chest', 'kitchen', 'laundry room']"
butter dish,garage,"['cellar', 'bunk', 'trunk', ""cash's room""]"
butterknife,kitchen,"['shelf', 'can', 'tank', 'suitcase']"
cabbage,plate,"['pocket', 'boot', 'bathroom drawer', 'card room']"
cabinet,bathroom,"['grand ballroom', 'backyard', ""child's room"", 'bay']"
cake mix,lobby,"['laundry room', 'microwave', 'pantry', 'chest']"
cake pan,childs room,"[""person's living room"", 'truck', 'hamper', 'pot']"
calender,desk,"['cruet', 'broom closet', 'sofa', 'master bedroom']"
camera,dining room,"['sedan', 'press', 'art classroom', 'tank']"
camper,bunk,"['bay', 'one of the classrooms', 'packet', 'pod']"
can opener,living room,"['ambulance', 'library', 'motel room', 'cabin']"
candelabra,table,"['bar', 'stove', 'basement', 'anor room']"
candle,living room,"['belfry', 'washer', 'stove', 'box']"
candle holder,corridor,"['tank', 'castle', 'mansion', 'bathroom or kitchen']"
candlestick,table,"['art classroom', 'lamp', 'dresser', 'basement']"
candy,lobby,"['packet', 'boot', 'chamber', 'dwelling']"
candy bar,garage,"['glass', 'belfry', 'shell', 'classroom']"
canister,utility room,"[""child's bedroom"", 'deck', 'toolbox', 'nest']"
canteen,backpack,"['bike', 'schoolroom', 'court', 'carton']"
canvas,art classroom,"['keg', 'home', 'bike', 'keg']"
cap,suitcase,"['orchestra', 'grand ballroom', 'apartment', 'glass']"
carburettor,car,"['wardrobe', 'sedan', 'furniture', 'cubicle']"
card,box,"['cabin', 'closet', 'purse', 'study']"
card game,playroom,"['side of the room', 'ambulance', ""child's room"", ""teenager's bedroom""]"
carpeting,house,"['closet', 'larder', 'engine', 'container']"
carrot,fridge,"['butt', 'hall', 'sink', 'cradle']"
carrying case,kitchen,"['handbag', 'wardrobe', 'belfry', 'dormroom']"
case,trunk,"['bathroom and kitchen', 'dishwasher', 'separate room', 'bright room']"
casserole dish,television room,"['case', 'nest', 'floor', 'one of the classrooms']"
cauliflower,oven,"['small room', 'living rooms', 'boot', 'wallet']"
cd,bedroom,"['deck', 'corridor', 'shaker', 'place']"
celery,refrigerator,"['pan', 'lobby', 'engine', 'numerous modern washrooms']"
cellar,basement,"['drawer', 'dresser', 'room of the house', ""person's living room""]"
cellphone,living room,"['basket', 'guest room', 'machine', 'bank']"
centerpiece,table,"['briefcase', 'trunk', 'schoolroom', 'suitcase']"
cereal,living room,"['laundry room', 'pan', 'livingroom', 'desk']"
chain,dining room,"['chest', 'livin room', 'art classroom', 'sedan']"
chair,living room,"[""men's restroom"", 'storage room', 'dimly lit room', 'castle']"
chalk,classroom,"['bathroom cabinet', 'carton', 'tank', 'plate']"
chalkboard,classroom,"['family room', 'garage', 'bathroom drawer', 'larder']"
check,bank,"['freezer', 'bay', 'lounge', ""prostitute's bedroom""]"
cheese,fridge,"['freezer', 'music room', 'press', 'living room']"
chesterfield,living room,"['television room', 'stove', 'belfry', 'plate']"
chicken,freezer,"['family room', 'tea room', 'camp', ""child's room""]"
chickpea,oven,"['every bedroom', 'stand', 'hatbox', 'basket']"
china,cabinet,"['freezer', 'bay', 'table', 'bath']"
chip,pot,"['card room', 'deck', 'bed', 'hamper']"
chocolate,childs room,"['art classroom', 'hospital drug storeroom', 'safe', 'container']"
chocolate box,exercise room,"['apartment', 'automobile', 'bookshelf', 'dresser']"
chocolate milk pods,kitchen,"['music room', 'bathroom or kitchen', ""men's restroom"", 'dungeon']"
chocolate powder,playroom,"['nest', 'garbage', 'refrigerator', 'chest']"
chopping board,television room,"['truck', 'counter', 'hall', 'toolbox']"
cinnamon,kitchen,"['art classroom', 'dresser', 'purse', 'bathroom drawer']"
clamp,lobby,"['camp', 'waiting room', 'apartment', 'freezer']"
clay,storage room,"['ballroom', 'attic', 'toolbox', 'bank']"
clipboard,desk,"['cabinet', 'jar', 'art classroom', 'wardrobe']"
clock,television room,"['shaker', 'head', 'oven', 'bar']"
closet,apartment,"['boat', 'bright room', 'garbage', 'oven']"
cloth,bathroom,"['one room flat', 'well', 'music room', 'schoolroom']"
clothing,house,"[""child's bedroom"", 'jar', 'hatbox', 'broom closet']"
coaster,table,"['bathroom', 'every bedroom', ""child's bedroom"", 'bathroom cabinet']"
coat,closet,"['room of the house', 'motel room', 'stand', 'jacket']"
coating,range,"['dumpster', 'furniture', 'garbage', 'bath']"
cockpit,head,"['different room', 'camp', 'butt', 'camp']"
coffee,pot,"['bike', 'cat', 'broom closet', 'side of the room']"
coffee beans,exercise room,"['one of the classrooms', 'ballroom', 'bar', 'beehive']"
coffee pods,closet,"['guest room', 'camp', 'shelf', 'toaster']"
coffeemachine,kitchen,"['most rooms', 'box', 'basket', 'pantry']"
coffeemaker,exercise room,"['sofa', 'delivery room', 'pod', ""prostitute's bedroom""]"
coffeetable,living room,"['mansion', 'plate', 'range', 'truck']"
coil,machine,"['boot', 'washer', 'utility room', 'spoon']"
coke,can,"['pot', 'fridge', 'bag', 'shell']"
cola,fridge,"['loft', 'sink', ""men's restroom"", 'home']"
collage,one of the classrooms,"['bank', 'every bedroom', 'basket', 'cruet']"
colored wood blocks,bedroom,"['living rooms', 'boot', 'bookshelf', 'lamp']"
column,table,"['chamber', 'head', 'home', 'numerous modern washrooms']"
comb,hive,"['larder', 'cellar', 'kitchen', 'carton']"
comfort,bed,"['palace', 'quiver', 'range', 'class room']"
compass,cabinet,"['class room', 'box', 'orchestra', 'bar']"
compote,jar,"['case', 'car', 'hamper', 'palace']"
computer,table,"['butt', 'dumpster', 'bathroom and kitchen', 'master bedroom']"
condiment,closet,"['jar', 'attic', 'larder', 'boot']"
condom,bathroom,"['beehive', 'table', 'dining room', 'basket']"
conserve,jar,"['study', 'plate', 'breadbox', 'class room']"
container,car,"['house', 'art classroom', 'trunk', 'engine']"
contraceptive,drawer,"['den', 'bag', 'separate room', 'different room']"
cookbook,shelf,"['bottle', 'garage', 'motorbike', 'packet']"
cookie,oven,"['jacket', 'storage room', 'bookshelf', 'washer']"
cooky,container,"['class room', 'barrel', 'side of the room', 'backpack']"
cooler,kitchen,"['different room', 'wallet', 'grand ballroom', ""cash's room""]"
copyholder,desk,"['loft', 'childs room', 'wardrobe', ""teenager's bedroom""]"
cord,backpack,"['package', 'one of the classrooms', 'guest room', 'bathroom']"
coronet,cabinet,"['bay', 'place', 'small room', 'tin']"
cosmetic,drawer,"['home', 'home', 'quiver', 'boat']"
couch,house,"['shoe', 'truck', 'most rooms', 'basket']"
countertop,bathroom,"['playroom', 'loft', 'wardrobe', 'packet']"
cracker,breadbox,"['hive', 'most rooms', 'well', 'bright room']"
cracker box,closet,"['music room', 'pitcher', 'bag', 'motorbike']"
crate,kitchen,"['living rooms', 'tin', 'chamber', 'playroom']"
crayon,utility room,"['kitchen or bathroom', 'briefcase', 'orchestra', 'larder']"
creditcard,living room,"['attic', 'briefcase', 'quiver', 'sedan']"
crisp,table,"['parlor', 'bath', 'packet', 'cabinet']"
crowbar,cabinet,"['house', 'package', 'room', 'class room']"
cube storage box,lobby,"['kitchen or bathroom', ' middle of the room', 'dungeon', 'freezer']"
cubicle,bank,"['room of the house', 'livin room', 'board', 'bathtub']"
cup,kitchen,"['family room', 'jacket', 'oven', 'breadbox']"
cupcake,oven,"['card room', 'guest room', 'room', 'dresser']"
curtain,living room,"['range', 'jacket', 'bowl', 'laundry room']"
cushion,closet,"['freezer', 'every room', 'briefcase', 'study']"
custard,refrigerator,"['house', 'bus', ""child's bedroom"", 'head']"
cutlery,table,"['broom closet', 'locker', 'card room', 'hospital drug storeroom']"
damper,attic,"['dimly lit room', ' middle of the room', 'head', 'microwave']"
dashboard,car,"['automobile', 'press', 'larder', 'storage room']"
decanter,bar,"['lobby', 'court', 'hospital drug storeroom', 'hall']"
deck,backyard,"['suitcase', 'cabinet', 'one of the classrooms', 'trap']"
design,plate,"['storage room', 'castle', 'hall', 'machine']"
desk,bedroom,"['hive', 'tin', 'desk', 'cabin']"
desk caddy,storage room,"['bright room', 'sack', 'master bedroom', 'microwave']"
desklamp,living room,"['parlor', ""teenager's bedroom"", 'hospital drug storeroom', 'one room flat']"
desktop,bedroom,"['cruet', 'court', 'floor', 'hospital drug storeroom']"
dessert,refrigerator,"['cubicle', 'teapot', 'hall', 'bag']"
diaper pack,exercise room,"['library', 'lamp', 'pantry', 'home']"
diary,desk,"['floor', ' middle of the room', 'foyer', 'kitchen or bathroom']"
dictionary,table,"['larder', 'quiver', 'room of the house', 'cruet']"
dietary supplement,living room,"['packet', 'bunk', 'furniture', 'board']"
dime,purse,"['box', 'pocket', 'vault', 'bathroom']"
diningtable,kitchen,"['master bedroom', 'laundry room', 'wallet', 'packet']"
dinner,table,"['room', 'sack', 'wallet', 'television room']"
dish,apartment,"['home', 'pot', 'trap', 'keg']"
dish drainer,television room,"['bunk', 'case', 'pan', 'purse']"
dishsponge,bathroom,"['jar', 'court', 'study', 'oven']"
dishtowel,television room,"['fridge', 'sack', ""men's restroom"", 'family room']"
dishwasher,kitchen,"['breadbox', 'pan', 'jar', 'dresser']"
dispensing closure,bedroom,"['lamp', 'bathroom cabinet', 'guest room', 'library']"
document,suitcase,"['art classroom', 'backyard', 'every bedroom', 'case']"
dog bowl,home office,"['microwave', 'den', 'beehive', 'table']"
dog chew toy,kitchen,"['suitcase', 'locker', 'fridge', 'pot']"
dogbed,bedroom,"['card room', 'delivery room', 'anor room', 'numerous modern washrooms']"
dollhouse toy,home office,"['backpack', 'bath', 'truck', 'toolbox']"
donut,home office,"['backpack', 'room of the house', 'jar', 'hive']"
door,room,"['bank', 'quiver', 'head', 'shoe']"
doughnut,fridge,"['machine', 'boat', 'larder', 'bathroom or kitchen']"
drawer,kitchen,"['apartment', 'bicycle', 'bathroom and kitchen', ""person's living room""]"
dress,closet,"['bank', 'chamber', 'childs room', 'waiting room']"
dresser,bedroom,"['bundle', 'cellar', ""person's living room"", 'orchestra']"
dressing,refrigerator,"['aquarium', 'safe', 'laundry room', 'lounge']"
drill,toolbox,"['truck', 'small room', 'hatbox', 'case']"
drink,can,"['package', 'garage', 'hive', 'schoolroom']"
drink coaster,garage,"['bookshelf', ""teenager's bedroom"", 'counter', 'shelf']"
driveway,car,"['independent room', 'closet', 'bright room', 'packet']"
drum,child's room,"['broom closet', 'bathroom drawer', 'hospital drug storeroom', 'oven']"
dryer,basement,"['dresser', 'foyer', 'bath', 'bright room']"
duck,oven,"['sink', 'cruet', 'lobby', 'shoe']"
duct,attic,"['case', 'bowl', 'small room', 'backyard']"
duct tape,childs room,"['nest', 'ir rooms', 'suitcase', ""prostitute's bedroom""]"
dumbbell,bedroom,"['pan', 'garbage', 'dormroom', 'den']"
dumbbell rack,television room,"['master bedroom', 'tank', 'trunk', 'microwave']"
dungeon,basement,"['locker', 'can', 'motorbike', 'mansion']"
dustbin,kitchen,"['garage', 'bar', 'bicycle', 'dimly lit room']"
dustpan and brush,playroom,"['small room', 'every bedroom', 'tank', 'toolbox']"
dutch oven,pantry room,"['card room', 'parlor', 'side of the room', 'bathroom drawer']"
duvet,living room,"['bowl', 'art classroom', 'garbage', 'stand']"
easter basket,corridor,"['every bedroom', 'loungeroom', 'wardrobe', 'sedan']"
edible,plate,"['cup', 'dormroom', 'kitchen', 'furniture']"
egg,kitchen,"['pan', 'every bedroom', 'orchestra', 'basket']"
eggplant,oven,"['cabin', 'chest', 'bundle', 'hive']"
electric heater,home office,"['suitcase', 'machine', 'basement', 'handbag']"
electric toothbrush,lobby,"['basement', 'sack', 'class room', 'range']"
electronic adapter,playroom,"[' middle of the room', 'packet', 'different room', 'backpack']"
electronic cable,kitchen,"['classroom', 'tin', 'mailbox', 'tin']"
elevator,apartment,"['loft', 'room of the house', 'furniture', 'music room']"
emperor,hall,"['hatbox', 'closet', 'basement', 'bathroom']"
encyclopedia,library,"['bottle', 'cruet', 'truck', 'wallet']"
engraving,plate,"['tank', 'deck', 'one of the classrooms', 'pocket']"
envelope,desk,"['tin', ' middle of the room', 'chest', 'wallet']"
face moisturizer,kitchen,"['barrel', 'cradle', 'cat', 'home']"
faucet,bathroom,"[""men's restroom"", 'pocket', 'master bedroom', 'bike']"
fiberglass,boat,"['tin', 'laundry room', 'freezer', 'home office']"
figurine,shelf,"['garbage', 'nest', 'boat', 'stove']"
file sorter,childs room,"[""child's room"", 'larder', 'counter', 'cabin']"
film,cabinet,"['dishwasher', 'bright room', 'bathroom drawer', 'bus']"
fingerpaint,bathroom,"['cruet', 'shelf', 'guest room', 'classroom']"
fire,basement,"['chest', 'bike', 'family room', 'vault']"
firearm,cabinet,"['engine', 'closet', 'bookshelf', 'parlor']"
fireplace,room,"['classroom', 'keg', 'livingroom', 'bank']"
fish,boat,"['hall', 'shelf', 'sack', 'jacket']"
fitness tracker wristband,dining room,"['motel room', 'separate room', 'court', 'schoolroom']"
flag,classroom,"['bathroom and kitchen', 'cellar', 'dwelling', 'bathroom or kitchen']"
flashlight,utility room,"['stove', 'classroom', 'stove', 'boot']"
flat screwdriver,utility room,"['car', 'camp', 'beehive', 'sink']"
floor,kitchen,"['stove', 'bathroom drawer', 'bathroom drawer', 'wardrobe']"
floorlamp,living room,"['mansion', 'guest room', 'desk', 'anor room']"
flour,pantry,"['beehive', 'living rooms', 'library', 'shaker']"
foam brick,television room,"['pot', 'bowl', ""person's living room"", 'card room']"
folder,garage,"['purse', 'loft', 'handbag', 'engine']"
fondant,bedroom,"['cradle', 'desk', 'pitcher', 'bicycle']"
food,backpack,"['car', 'art classroom', 'stand', 'den']"
foot,shoe,"['pantry room', 'master bedroom', 'cabinet', 'bank']"
footstool,bathroom,"['pantry room', 'jar', 'icebox', 'room']"
foresail,boat,"['anor room', 'dresser', 'dresser', 'jacket']"
fork,kitchen,"['tea room', 'hive', 'pot', 'sack']"
form,cabinet,"['hotel room', 'barrel', 'cat', 'sink']"
foundation,closet,"[""children's room"", 'aquarium', 'pod', 'cellar']"
foyer,apartment,"['hive', ""men's restroom"", 'teapot', 'shaker']"
frame,bed,"['restroom', 'room', 'hall', 'jacket']"
freezer,kitchen,"['boat', 'stove', 'restroom', 'mailbox']"
fridge,kitchen,"['motorbike', 'freezer', 'automobile', 'way']"
frosting,jar,"['furniture', 'storage room', 'attic', 'den']"
fruit,plate,"['microwave', 'chamber', 'music room', 'dishwasher']"
fruit snack,playroom,"['desk', 'backpack', 'cellar', 'cabinet']"
fur,cat,"['bathroom drawer', 'head', 'loungeroom', 'machine']"
furnace,basement,"['broom closet', 'lounge', 'jacket', 'lobby']"
furniture,loft,"['refrigerator', 'corridor', 'one of the classrooms', 'camp']"
galley,boat,"['ambulance', 'bag', 'independent room', 'toolbox']"
garage,house,"['anor room', 'exercise room', 'childs room', 'bathroom and kitchen']"
garbage,dumpster,"['living rooms', 'freezer', 'dormroom', 'bag']"
garbagebag,kitchen,"['pan', 'vault', 'every room', 'cubicle']"
garbagecan,bedroom,"['freezer', 'house', 'handbag', 'library']"
garlic,kitchen,"['parlor', 'different room', 'fridge', 'safe']"
garment,suitcase,"['purse', 'attic', 'bathroom', 'basement']"
garter,drawer,"['room of the house', 'board', 'nest', 'lounge']"
gas,boat,"['aquarium', 'small room', 'cabinet', 'floor']"
gate,garden,"['cup', 'bathroom cabinet', 'room of the house', 'well']"
gauze,cabinet,"['pot', 'camp', 'jar', 'cubicle']"
gear,car,"['hamper', 'bike', 'chest', 'wallet']"
gel,refrigerator,"['ir rooms', 'garbage', 'house', 'drawer']"
gelatin box,home office,"[""child's room"", 'camp', 'sack', 'floor']"
gin,bar,"['cat', 'basement', 'jar', 'bedroom']"
glove,bathroom,"['hotel room', 'tea room', 'cellar', 'case']"
golf ball,kitchen,"['dwelling', 'shell', 'range', 'automobile']"
goose,oven,"['purse', 'one of the classrooms', 'bag', 'house']"
graphics card,home office,"['tin', 'one room flat', 'bookshelf', 'floor']"
guard,kitchen,"['dormroom', 'orchestra', 'bathroom drawer', 'den']"
guinness,bar,"['dormroom', 'furniture', 'hamper', 'toaster']"
gun,trunk,"['fridge', 'microwave', 'chest', 'dining room']"
hair color,storage room,"['loungeroom', 'cat', 'den', 'class room']"
hair conditioner,utility room,"['bus', 'delivery room', 'ir rooms', 'palace']"
hair dryer,bathroom,"['lounge', 'toaster', 'dresser', 'glass']"
hair straightener,storage room,"['castle', 'tin', 'dwelling', 'pitcher']"
ham,refrigerator,"['board', 'kitchen or bathroom', 'drawer', 'bundle']"
hammer,playroom,"['refrigerator', 'guest room', 'sack', 'delivery room']"
hand,pocket,"[""cash's room"", 'backyard', 'trap', ""children's room""]"
hand bell,garage,"['study', 'family room', 'boat', 'cabin']"
handbag,television room,"['backpack', 'motorbike', 'sedan', 'cubicle']"
handset,cradle,"['bathroom drawer', 'independent room', 'vault', 'every room']"
handtowel,bathroom,"['pantry room', 'library', 'orchestra', 'side of the room']"
handtowelholder,bathroom,"['hotel room', 'grand ballroom', 'court', 'pod']"
harbor,boat,"['container', 'dishwasher', 'dresser', 'laundry room']"
hard drive,utility room,"['room of the house', 'jacket', 'backyard', 'bright room']"
hard drive case,home office,"['butt', 'press', 'cup', 'different room']"
hardware,house,"['every room', 'drawer', 'waiting room', 'hamper']"
hat,closet,"['sedan', 'cellar', 'toaster', 'car']"
headlight,car,"['side of the room', 'mansion', 'cruet', 'dining room']"
headphone,television room,"['dresser', 'aquarium', 'desk', 'fridge']"
heater,house,"['room of the house', 'board', 'quiver', 'board']"
heavy duty gloves,lobby,"['attic', 'oven', 'bottle', 'box']"
heavy master chef can,corridor,"['carton', 'hotel room', 'motorbike', 'livingroom']"
hedge,backyard,"['bathroom or kitchen', 'family room', 'furniture', 'case']"
helmet,playroom,"['shaker', 'bar', 'well', 'tank']"
herring,jar,"['lounge', 'hive', 'class room', 'chest']"
herring fillets,playroom,"['broom closet', 'home', 'kitchen or bathroom', 'box']"
holdall,closet,"['toolbox', 'cellar', 'hotel room', 'cellar']"
honey,beehive,"['storage room', 'cruet', 'storage room', 'bag']"
honey dipper,kitchen,"['backpack', 'fridge', 'dwelling', 'container']"
horn,truck,"['wallet', ""cash's room"", 'engine', 'dormroom']"
house,bedroom,"['home', 'independent room', 'family room', 'orchestra']"
houseplant,living room,"['purse', 'sink', 'freezer', ""child's bedroom""]"
icecream,freezer,"['court', 'bathroom', 'refrigerator', 'delivery room']"
incontinence pads,garage,"['package', 'hive', 'table', 'plate']"
ingredient,kitchen,"['television room', 'art classroom', 'every room', 'numerous modern washrooms']"
ink cartridge,home office,"['waiting room', 'bathroom drawer', 'garbage', 'hospital drug storeroom']"
instant camera,closet,"['schoolroom', 'nest', 'bright room', 'lamp']"
invitation card,utility room,"['press', 'teapot', 'quiver', 'sofa']"
ipod,apartment,"['fridge', 'delivery room', 'bathroom drawer', 'broom closet']"
jack,box,"['tank', 'loft', 'pantry', 'breadbox']"
jacket,suitcase,"['storage room', 'icebox', 'pantry', 'storage room']"
jam,jar,"['garbage', 'guest room', 'childs room', 'kitchen']"
jar,childs room,"['cat', 'bookshelf', 'washer', ' middle of the room']"
jean,closet,"['livin room', 'carton', 'bathtub', 'toaster']"
jenga,corridor,"['handbag', 'dresser', 'bright room', 'bath']"
jewelry,box,"['pantry', 'bicycle', 'bike', 'breadbox']"
jewelry box,childs room,"['bike', 'dumpster', 'refrigerator', 'loungeroom']"
john,prostitute's bedroom,"['safe', 'one of the classrooms', 'attic', 'music room']"
joist,basement,"['spoon', ' middle of the room', 'stand', 'wallet']"
journal,library,"['music room', 'cat', 'aquarium', 'toolbox']"
juice,refrigerator,"['bathtub', 'bowl', 'hive', 'court']"
jukebox,bar,"['lamp', 'hamper', ""prostitute's bedroom"", 'handbag']"
junk,cellar,"['bank', 'separate room', 'shell', 'one of the classrooms']"
kettle,kitchen,"['backyard', 'basement', 'bag', 'card room']"
keyboard,exercise room,"['waiting room', ""teenager's bedroom"", 'ambulance', 'one room flat']"
keychain,living room,"['pitcher', 'cabinet', 'utility room', 'toaster']"
kitchen,home,"['keg', 'suitcase', 'quiver', 'childs room']"
kitchenette,hotel room,"['pitcher', 'bus', 'band room', 'bathroom cabinet']"
knife,kitchen,"[' middle of the room', 'shaker', 'package', 'chamber']"
knife block,television room,"['garbage', 'room of the house', 'press', 'icebox']"
labeling tape,home office,"['delivery room', 'castle', 'camp', 'attic']"
ladle,kitchen,"['breadbox', ""child's room"", 'home', 'machine']"
lamb,oven,"['bus', 'bathtub', 'drawer', 'bed']"
lame,loft,"['backyard', 'aquarium', 'bay', 'shelf']"
lamp,bedroom,"['wallet', ""children's room"", 'refrigerator', 'sink']"
lantern,home office,"[""cash's room"", 'side of the room', 'art classroom', 'card room']"
laptop,bedroom,"['bathroom and kitchen', 'one room flat', 'microwave', 'loungeroom']"
laptop cover,home office,"['dishwasher', 'foyer', 'pot', 'bay']"
laptop stand,lobby,"['cabin', 'breadbox', 'toaster', 'trunk']"
large marker,bedroom,"['locker', 'case', 'barrel', 'belfry']"
lasagna,plate,"['home office', 'pitcher', 'motel room', 'dresser']"
laundry,cellar,"['family room', 'bank', 'apartment', 'every room']"
laundry box,garage,"['sink', 'microwave', 'dumpster', 'backpack']"
laundryhamper,bedroom,"['boat', 'handbag', 'storage room', 'anor room']"
laxative,television room,"['hamper', 'bus', 'art classroom', 'can']"
lego duplo,lobby,"['shell', 'cat', 'art classroom', 'microwave']"
lemon,corridor,"['table', 'head', 'bus', 'sedan']"
letter holder,exercise room,"['lamp', 'microwave', 'automobile', 'wallet']"
lettuce,kitchen,"['handbag', 'shoe', 'way', 'shell']"
library,room,"['laundry room', 'lounge', 'cat', ""teenager's bedroom""]"
lid,drawer,"['bundle', 'band room', 'foyer', 'carton']"
lifeboat,boat,"['lounge', 'tin', 'sack', 'nest']"
light,attic,"['machine', 'spoon', 'dresser', 'apartment']"
light bulb,garage,"['pitcher', 'bunk', 'belfry', 'one of the classrooms']"
lightswitch,bathroom,"['dwelling', 'spoon', 'class room', 'corridor']"
lime squeezer,television room,"['numerous modern washrooms', 'safe', 'trunk', 'purse']"
linoleum,house,"['toolbox', 'exercise room', 'carton', 'safe']"
lip,can,"['drawer', 'delivery room', 'fridge', 'teapot']"
lipstick,bathroom,"['aquarium', 'bike', 'living rooms', 'beehive']"
liquor,bar,"[""child's bedroom"", 'bunk', 'foyer', 'bathroom']"
loaf,fridge,"['microwave', 'small room', 'stove', 'toolbox']"
lobster,tank,"['bath', 'table', 'loft', 'floor']"
loft,apartment,"['bathroom and kitchen', 'drawer', 'lamp', 'garage']"
lotion,cabinet,"['bathroom and kitchen', 'ir rooms', 'utility room', ""teenager's bedroom""]"
lunch,backpack,"['shell', 'sack', 'castle', 'refrigerator']"
lunch bag,kitchen,"['bedroom drawer', ""child's bedroom"", 'camp', 'package']"
lunch box,closet,"['delivery room', 'foyer', 'master bedroom', 'wallet']"
magazine,table,"['bike', 'shell', 'orchestra', 'playroom']"
magnet,fridge,"['freezer', 'deck', 'dishwasher', 'hospital drug storeroom']"
magnifying glass,dining room,"['camp', 'bowl', 'quiver', 'basket']"
mail,fridge,"['stand', 'shoe', 'dresser', 'hamper']"
mailbox,garden,"['parlor', 'bar', 'aquarium', ""men's restroom""]"
mainsail,boat,"['bike', 'every room', 'ir rooms', 'hatbox']"
makeup,purse,"['garden', 'car', 'belfry', 'library']"
marshmallow,oven,"['side of the room', 'art classroom', 'delivery room', 'hive']"
mascara,dining room,"['refrigerator', 'house', 'chamber', ""cash's room""]"
mast,boat,"['backyard', 'box', 'vault', 'bathroom drawer']"
master chef can,bedroom,"['den', 'bathroom cabinet', 'bath', 'tea room']"
mat,house,"['stand', 'pot', 'restroom', ""child's bedroom""]"
match,backpack,"['aquarium', 'bathtub', 'shaker', 'one of the classrooms']"
mattress,bed,"['bicycle', 'guest room', 'attic', 'garage']"
mayo,jar,"['icebox', 'art classroom', 'bedroom drawer', 'basement']"
mayonnaise,jar,"['different room', 'home office', 'closet', 'lounge']"
measuring tape,bedroom,"['shaker', 'ir rooms', 'way', 'range']"
meatloaf,oven,"['master bedroom', 'sink', 'packet', 'glass']"
medicine,garage,"['study', 'backpack', 'cabin', ""child's bedroom""]"
memory,pantry,"['stand', 'lobby', 'dresser', 'attic']"
meringue,oven,"['spoon', 'tea room', 'bar', 'mansion']"
mess,table,"['hatbox', 'cabinet', 'waiting room', 'chest']"
metronome,class room,"['dimly lit room', 'hotel room', 'small room', 'jar']"
microwave,kitchen,"['livingroom', ""teenager's bedroom"", 'furniture', 'handbag']"
milk,bottle,"['jar', 'basement', 'garage', 'microwave']"
milk fror,dining room,"['freezer', 'vault', 'ballroom', 'range']"
mini soccer ball,kitchen,"['classroom', 'hospital drug storeroom', ""teenager's bedroom"", 'ir rooms']"
mint,refrigerator,"['belfry', 'cat', 'bar', 'bundle']"
mirror,bedroom,"['bike', 'home', 'stove', 'purse']"
mit,bed,"['bundle', 'pitcher', 'container', 'locker']"
moistener,purse,"['garage', 'packet', 'pod', 'pot']"
mold,breadbox,"['hospital drug storeroom', 'stove', 'freezer', 'small room']"
monitor,desk,"['sedan', 'separate room', 'broom closet', 'motel room']"
moonshine,jar,"['loft', 'safe', 'livingroom', 'freezer']"
mop,apartment,"['master bedroom', 'grand ballroom', 'camp', 'motorbike']"
morboard,exercise room,"['shelf', 'band room', 'basement', 'stand']"
mouse,kitchen,"['stove', 'boot', 'family room', 'breadbox']"
mouse pad,playroom,"['shaker', 'motel room', 'dishwasher', 'suitcase']"
mousepad,desk,"['dormroom', 'machine', 'ambulance', 'court']"
movie dvd,pantry room,"['dresser', 'toolbox', 'music room', 'room of the house']"
muffin,oven,"[""children's room"", 'hive', 'package', 'bike']"
mug,kitchen,"['breadbox', 'most rooms', 'purse', 'basket']"
mule,pitcher,"[' middle of the room', 'den', 'separate room', 'safe']"
multiport hub,storage room,"['laundry room', 'parlor', 'basement', 'backpack']"
museum,castle,"['restroom', 'independent room', 'court', 'range']"
mustard bottle,playroom,"['fridge', 'library', 'press', 'bicycle']"
nail,cabinet,"['dimly lit room', 'livingroom', 'most rooms', 'cellar']"
napkin,table,"['bedroom drawer', ""men's restroom"", 'spoon', ""child's room""]"
neck rest,playroom,"['bath', 'teapot', 'study', 'sack']"
neckwear,closet,"['garden', 'home', 'bright room', 'hive']"
net,boat,"['bedroom drawer', 'way', ' middle of the room', 'bathroom cabinet']"
netting,backpack,"['sink', 'bottle', 'jar', 'kitchen or bathroom']"
newspaper,living room,"['attic', 'restroom', 'washer', 'bay']"
nine hole peg test,bathroom,"['foyer', 'chamber', 'machine', 'bag']"
nintendo switch,garage,"['boot', 'orchestra', 'sofa', 'trap']"
notebook,package,"['shaker', 'room', 'bus', 'room']"
oil,car,"['loungeroom', 'different room', 'bathroom drawer', 'suitcase']"
ointment,jar,"['every bedroom', 'can', 'room of the house', 'backpack']"
olive,refrigerator,"['lounge', 'storage room', 'master bedroom', 'toaster']"
orange,playroom,"['tank', 'drawer', 'tank', 'ir rooms']"
organiser,desk,"['plate', 'safe', 'engine', 'castle']"
ottoman,living room,"['keg', 'sink', 'loft', 'art classroom']"
outfit,closet,"['hive', 'dwelling', 'stand', 'art classroom']"
oven,stove,"['place', 'trunk', 'motorbike', 'kitchen or bathroom']"
pad,bathroom drawer,"['can', ""cash's room"", 'lounge', 'floor']"
padlock,utility room,"['bundle', 'one of the classrooms', 'trap', 'keg']"
paint,can,"['press', 'dimly lit room', 'bottle', 'cradle']"
paint bottle set,exercise room,"['separate room', 'sack', 'car', 'study']"
paint maker,pantry room,"['camp', 'broom closet', 'study', 'pitcher']"
painting,living room,"['bar', 'refrigerator', 'anor room', 'bag']"
pajama,suitcase,"['carton', 'closet', 'bath', 'purse']"
pan,kitchen,"['class room', 'freezer', 'butt', 'foyer']"
pantry,kitchen,"['mansion', 'bar', 'purse', 'pitcher']"
paper,suitcase,"['microwave', 'storage room', 'bathtub', 'kitchen']"
paper bag,exercise room,"[""person's living room"", 'pocket', 'tank', 'aquarium']"
paperclip,cabinet,"['hall', 'bedroom', 'apartment', 'ir rooms']"
papertowelroll,kitchen,"['laundry room', 'table', 'bag', 'one room flat']"
paperweight,desk,"['library', ""person's living room"", 'dishwasher', 'room']"
parchment sheet,pantry room,"['belfry', 'handbag', 'sedan', 'barrel']"
parsley,plate,"['sedan', 'kitchen', 'spoon', 'childs room']"
pasta,pantry,"['bedroom drawer', 'bank', 'mansion', 'basket']"
paste,cabinet,"['anor room', 'teapot', 'room', 'way']"
pastry,tin,"['table', 'pot', 'chamber', 'shaker']"
pea,freezer,"['restroom', 'bathroom cabinet', 'bottle', 'sedan']"
peach,exercise room,"['bookshelf', 'shaker', 'every bedroom', 'hotel room']"
pear,bathroom,"['washer', ""children's room"", 'wardrobe', 'apartment']"
pedal,car,"['fridge', 'bathroom and kitchen', 'pantry', 'cubicle']"
peg and hammer toy,utility room,"['separate room', 'lamp', 'foyer', ""person's living room""]"
pen,living room,"['motorbike', 'most rooms', 'place', 'card room']"
pencil,bedroom,"['basket', 'washer', 'butt', 'toaster']"
pencil case,lobby,"['room of the house', 'home', 'boot', 'teapot']"
pepper,oven,"['bar', 'parlor', 'furniture', 'package']"
peppermint,kitchen,"['bathroom cabinet', 'loungeroom', 'sink', 'icebox']"
peppershaker,kitchen,"['trunk', 'backpack', 'backpack', 'small room']"
pepsi,fridge,"['shoe', 'belfry', 'pan', 'bicycle']"
pepsi can pack,garage,"['bus', 'bar', 'plate', 'different room']"
perfume,cabinet,"['room', 'bunk', 'living room', 'basket']"
pesto,jar,"['ambulance', 'restroom', 'deck', 'beehive']"
pet food supplement,television room,"['different room', 'lamp', 'independent room', 'sedan']"
phillips screwdriver,kitchen,"['bathroom cabinet', 'hall', 'board', 'hatbox']"
phone,pocket,"['bunk', 'pantry room', 'kitchen or bathroom', 'trap']"
phone armband case,dining room,"['dimly lit room', 'loungeroom', 'bowl', ""prostitute's bedroom""]"
phone stand,television room,"['schoolroom', 'one of the classrooms', 'butt', 'board']"
photo,cabinet,"['house', 'shell', 'dresser', 'bunk']"
photocopier,library,"['class room', 'drawer', 'study', 'board']"
photograph,home,"['delivery room', 'ballroom', 'corridor', 'bedroom']"
piccalilli,jar,"['bar', ""child's bedroom"", 'bookshelf', 'sink']"
picture frame,television room,"[' middle of the room', 'anor room', 'press', 'hive']"
pie,oven,"['press', ' middle of the room', 'bathroom and kitchen', 'music room']"
pill,bottle,"['one of the classrooms', 'pantry', 'bath', 'bathroom drawer']"
pillow,bedroom,"['bath', 'different room', 'belfry', 'hall']"
pillowcase,bedroom,"['beehive', 'floor', 'sofa', 'band room']"
pineapple,jar,"['belfry', 'locker', 'car', 'bedroom']"
pirate,boat,"[' middle of the room', 'bank', 'teapot', 'cellar']"
pit,backyard,"['deck', 'purse', 'classroom', 'shaker']"
pitcher base,garage,"['quiver', 'cubicle', 'basement', 'bright room']"
pizza,oven,"['shoe', 'bathroom and kitchen', 'grand ballroom', 'bedroom drawer']"
plant,living room,"['ambulance', 'den', 'cellar', 'backpack']"
plant container,utility room,"['mansion', ""teenager's bedroom"", 'drawer', 'independent room']"
plant saucer,kitchen,"['boat', 'grand ballroom', 'art classroom', 'suitcase']"
plate,living room,"['chest', 'bunk', 'suitcase', 'bag']"
platter,cabinet,"['range', 'bath', 'breadbox', 'bathroom drawer']"
plum,corridor,"['lounge', 'board', 'hall', 'castle']"
plumbing,house,"['livingroom', 'ir rooms', 'toaster', 'pot']"
plunger,bathroom,"['dimly lit room', 'bathroom drawer', 'washer', 'dwelling']"
popsicle,freezer,"['beehive', 'carton', 'press', 'box']"
pork,oven,"['truck', 'storage room', 'loft', 'corridor']"
portable speaker,closet,"['ballroom', 'bowl', 'icebox', 'wardrobe']"
poster,bedroom,"['head', 'toolbox', 'toolbox', 'engine']"
pot,kitchen,"['bathroom cabinet', 'sink', 'dungeon', 'spoon']"
potato,kitchen,"['bundle', 'bathroom drawer', 'basket', 'barrel']"
potpourri,drawer,"['engine', 'head', 'way', 'livingroom']"
potted meat can,pantry room,"['board', 'kitchen or bathroom', 'motorbike', 'trunk']"
pottery,chamber,"['master bedroom', 'dwelling', 'cat', 'ballroom']"
pouch,pantry,"['dishwasher', 'house', 'pitcher', 'bag']"
power drill,childs room,"['board', 'pan', 'bag', 'floor']"
prawn,oven,"['stove', 'bathroom cabinet', 'shaker', 'hall']"
presentation,way,"['dining room', 'backpack', 'belfry', 'bay']"
preserve,jar,"['side of the room', 'tea room', 'lobby', 'garage']"
pressure cooker,exercise room,"['locker', 'belfry', 'plate', 'music room']"
pretzel,oven,"['schoolroom', 'table', 'head', 'master bedroom']"
propellor,boat,"[""children's room"", 'tea room', 'place', ""prostitute's bedroom""]"
prow,boat,"['card room', 'home', 'pot', 'carton']"
pudding,container,"['kitchen or bathroom', 'bay', 'bike', 'furniture']"
pudding box,bathroom,"['band room', 'spoon', 'bright room', 'drawer']"
pump,boat,"['truck', 'mailbox', 'house', 'container']"
puzzle game,childs room,"['dumpster', 'case', 'every room', 'restroom']"
pyjama,bedroom,"['machine', 'shaker', 'bright room', 'aquarium']"
quilt,trunk,"['cubicle', 'pot', 'cellar', 'shelf']"
rack,oven,"['sofa', 'pod', 'house', 'independent room']"
racquetball,pantry room,"[""children's room"", 'shelf', 'master bedroom', 'briefcase']"
radiator,apartment,"['shell', 'package', 'den', 'bath']"
radio,bedroom,"['automobile', 'place', 'cabinet', 'teapot']"
rafter,attic,"['safe', 'board', 'range', 'garage']"
rag,cabinet,"['anor room', 'apartment', 'purse', 'independent room']"
raincoat,backpack,"['library', 'toolbox', 'bike', 'machine']"
ramekin,kitchen,"['one of the classrooms', 'box', 'kitchen or bathroom', 'room of the house']"
reader,library,"['spoon', 'garden', 'can', 'basket']"
reference,library,"['keg', 'cat', 'barrel', 'study']"
refrigerator,home,"['briefcase', 'cabinet', ' middle of the room', 'locker']"
remote control,living room,"['bay', 'oven', 'floor', 'trunk']"
remotecontrol,bedroom,"['motorbike', 'spoon', 'one room flat', 'room']"
residence,home,"[""prostitute's bedroom"", 'garden', 'bathroom', 'bathroom and kitchen']"
restroom,library,"['corridor', 'bathroom and kitchen', 'case', 'laundry room']"
rib,refrigerator,"['boot', ""person's living room"", 'hive', 'cruet']"
ribbon,bath,"['purse', 'bunk', 'exercise room', 'boat']"
rice,refrigerator,"['pod', 'shoe', 'cat', 'bag']"
rmal laminator,playroom,"['one room flat', 'wardrobe', 'oven', 'pot']"
roast,oven,"['bottle', 'pocket', 'fridge', 'refrigerator']"
robe,suitcase,"['one room flat', 'dormroom', 'library', 'package']"
rod,engine,"['desk', 'washer', 'tank', 'bath']"
roll,breadbox,"['orchestra', 'box', 'toolbox', 'shaker']"
rolodex,desk,"['case', 'trunk', ""cash's room"", 'aquarium']"
romaine,refrigerator,"['hall', 'microwave', 'loungeroom', 'shaker']"
rook,castle,"['ballroom', 'lounge', 'cruet', 'bundle']"
room,apartment,"['living room', 'garden', 'nest', 'cabin']"
roomdecor,living room,"['container', 'closet', 'teapot', 'cruet']"
rope,boat,"['playroom', 'library', 'garbage', 'packet']"
rose,garden,"['jar', 'backpack', 'bus', 'suitcase']"
rotisserie,oven,"[""child's bedroom"", 'handbag', 'box', 'card room']"
router,corridor,"['dungeon', 'carton', ""child's room"", ""child's room""]"
row,table,"['package', ' middle of the room', 'bedroom', 'hall']"
rubiks cube,exercise room,"['nest', 'dishwasher', 'home', 'pan']"
rudder,boat,"['playroom', 'bathroom and kitchen', 'shaker', 'machine']"
rug,table,"['aquarium', 'shoe', 'wardrobe', 'most rooms']"
rule,classroom,"['delivery room', 'ir rooms', 'jacket', 'pot']"
ruler,cabinet,"['bathroom or kitchen', 'every room', 'carton', 'nest']"
sachet,drawer,"['motel room', ' middle of the room', 'deck', 'ambulance']"
safe,living room,"['bottle', 'freezer', 'home office', 'castle']"
salad,refrigerator,"['dining room', 'lamp', 'dining room', 'backyard']"
salmon,oven,"['deck', 'place', 'library', 'room']"
salt,cabinet,"['fridge', 'garbage', 'kitchen', 'camp']"
salt shaker,childs room,"['grand ballroom', 'icebox', 'place', 'dungeon']"
saltshaker,kitchen,"['lamp', 'room of the house', 'bottle', 'hospital drug storeroom']"
sander,cabinet,"['bunk', 'shell', 'way', 'machine']"
sandwich,plate,"['camp', ""child's bedroom"", 'glass', 'corridor']"
sanitary pads,bathroom,"['box', 'hospital drug storeroom', 'room of the house', 'garden']"
sauce,plate,"['palace', 'pitcher', 'table', 'automobile']"
saucepan,cabinet,"['pantry room', 'sedan', 'cellar', 'playroom']"
saucer,kitchen,"['nest', 'camp', 'delivery room', 'bathtub']"
saute pan,exercise room,"['hall', 'press', 'trap', 'bed']"
saw,basement,"['classroom', ""prostitute's bedroom"", 'barrel', ' middle of the room']"
scallop,shell,"['wardrobe', 'barrel', 'hall', 'icebox']"
scarf,suitcase,"['bank', 'can', 'bathroom or kitchen', 'kitchen']"
school,backpack,"['press', 'washer', 'way', 'carton']"
schoolbook,backpack,"['schoolroom', 'corridor', 'barrel', 'mailbox']"
scissors,lobby,"['tank', 'schoolroom', 'bicycle', 'furniture']"
scone,oven,"['cradle', 'shelf', 'restroom', 'loft']"
screwdriver,toolbox,"['palace', 'box', 'livingroom', 'dwelling']"
scrubbrush,bathroom,"['furniture', 'beehive', 'machine', 'independent room']"
set,washer,"['ballroom', 'beehive', ""child's bedroom"", 'furniture']"
set-top box,playroom,"['sedan', 'bedroom drawer', 'shell', 'toolbox']"
setting,table,"['place', 'television room', 'engine', 'head']"
sextant,boat,"['garden', 'sedan', 'refrigerator', 'stand']"
shear,machine,"['bathroom cabinet', ""prostitute's bedroom"", 'basket', 'garden']"
shed,backyard,"['television room', 'barrel', ""child's bedroom"", 'television room']"
sheet,drawer,"['board', 'jacket', 'washer', 'guest room']"
shelf,bathroom,"['hospital drug storeroom', 'laundry room', 'bag', 'fridge']"
shellac,can,"['kitchen or bathroom', 'sedan', 'loft', 'most rooms']"
shelvingunit,living room,"['larder', 'house', 'case', 'garage']"
shirt,suitcase,"['car', 'study', 'pitcher', 'storage room']"
shoe,closet,"['dishwasher', ""person's living room"", 'livingroom', 'camp']"
shoe box,corridor,"['ballroom', 'every room', 'can', 'sedan']"
shop,container,"['lamp', 'childs room', 'court', 'way']"
showercurtain,bathroom,"['engine', ""teenager's bedroom"", 'home', 'bank']"
showerdoor,bathroom,"[""cash's room"", 'bus', 'kitchen or bathroom', 'room of the house']"
showerglass,bathroom,"['dwelling', 'bright room', 'room', 'court']"
showerhead,bathroom,"['board', 'packet', 'lounge', 'purse']"
shredder,garage,"['grand ballroom', 'grand ballroom', 'bath', 'pocket']"
shrimp,tank,"['desk', 'home', 'cat', 'ir rooms']"
sideboard,home,"['vault', 'can', 'motorbike', 'pitcher']"
sidetable,bathroom,"['side of the room', 'nest', 'tea room', 'trap']"
sidewalk chalk,kitchen,"['pitcher', 'truck', 'dimly lit room', 'restroom']"
sink,kitchen,"['master bedroom', 'deck', 'hotel room', 'den']"
sinkbasin,kitchen,"['oven', ""men's restroom"", 'packet', 'handbag']"
skeleton,closet,"['packet', ""teenager's bedroom"", 'ir rooms', 'hall']"
skillet,bathroom,"[""cash's room"", 'loungeroom', 'schoolroom', 'tank']"
skillet lid,utility room,"['palace', 'car', 'deck', 'pan']"
skin care product,lobby,"['lamp', 'parlor', 'package', 'package']"
skin moisturizer,lobby,"['engine', 'safe', 'can', 'every bedroom']"
slack,suitcase,"['toolbox', 'bike', 'pocket', 'bedroom drawer']"
slip,drawer,"['locker', 'bay', 'home', 'bicycle']"
slipper,bedroom,"['washer', 'motorbike', 'every bedroom', 'counter']"
snack,backpack,"['deck', 'cup', 'basket', 'boot']"
snack cake,corridor,"['castle', 'floor', 'bike', 'case']"
snack dispenser,childs room,"['numerous modern washrooms', 'attic', 'side of the room', 'bunk']"
snail,garden,"['kitchen or bathroom', 'glass', 'corridor', 'foyer']"
soap dish,dining room,"['toaster', 'wallet', 'livingroom', 'locker']"
soap dispenser,utility room,"['butt', 'ir rooms', 'camp', 'sofa']"
soapbar,bathroom,"['barrel', 'toaster', 'kitchen', 'bathroom cabinet']"
soapbottle,bathroom,"['waiting room', 'mansion', 'pod', 'machine']"
socket,cabinet,"['waiting room', 'bedroom drawer', 'case', 'automobile']"
soda,can,"['mansion', 'suitcase', 'toaster', 'car']"
sofa,living room,"['suitcase', 'engine', 'parlor', 'dwelling']"
softball,bathroom,"['loft', 'orchestra', 'chest', 'sack']"
software cd,lobby,"['motel room', 'house', 'larder', 'guest room']"
sorting toy,dining room,"['floor', 'handbag', 'bathtub', 'tank']"
soup,container,"[""teenager's bedroom"", 'ballroom', 'corridor', 'car']"
spa,house,"['basement', 'backpack', 'schoolroom', 'wardrobe']"
spaghetti,plate,"['cruet', 'bank', 'pantry', 'package']"
spam,can,"['card room', 'bar', 'hatbox', 'cabin']"
sparkling water,dining room,"['tea room', 'bus', 'press', 'packet']"
spatula,kitchen,"['wallet', 'icebox', 'butt', 'study']"
spice,shelf,"['floor', 'floor', 'garden', 'study']"
spider,closet,"['board', 'cabin', 'broom closet', 'hive']"
spinach,pan,"['purse', 'hive', 'most rooms', 'home']"
sponge,dining room,"['foyer', 'keg', 'cubicle', 'bundle']"
sponge dish,dining room,"['backpack', 'den', 'palace', 'locker']"
spoon,kitchen,"['delivery room', 'locker', 'bicycle', 'den']"
spoon rest,childs room,"['pitcher', 'wardrobe', 'shell', ""child's bedroom""]"
spraybottle,bathroom,"['wallet', 'library', 'family room', 'dimly lit room']"
squash,oven,"['case', 'wallet', 'spoon', 'bathroom drawer']"
stacking cups,closet,"['boot', ""children's room"", 'livingroom', 'pitcher']"
stamper,cabinet,"['corridor', 'packet', 'pantry room', 'tin']"
stand mixer,lobby,"['package', ""teenager's bedroom"", 'dungeon', 'furniture']"
stapler,desk,"['carton', 'room of the house', 'ambulance', 'shaker']"
statue,kitchen,"['closet', 'parlor', 'dimly lit room', 'package']"
statuette,shelf,"['card room', 'shaker', 'counter', 'dumpster']"
steak,oven,"['pod', 'tin', 'schoolroom', 'restroom']"
steel,automobile,"['shelf', 'lobby', 'sedan', 'engine']"
stereo,car,"['loungeroom', 'box', 'playroom', 'study']"
stew,pot,"['bundle', 'boot', 'most rooms', 'suitcase']"
stocking,suitcase,"['cubicle', 'trap', ""person's living room"", 'purse']"
stool,bedroom,"['bath', 'pod', 'television room', 'hotel room']"
storage,attic,"[""prostitute's bedroom"", 'dresser', 'boot', 'library']"
storage bin,childs room,"['sofa', 'bar', 'sack', 'bedroom drawer']"
storehouse,basement,"['schoolroom', 'bath', 'washer', 'kitchen or bathroom']"
storeroom,basement,"['can', 'refrigerator', 'pitcher', 'backpack']"
stove,apartment,"['pan', 'bathtub', 'basement', 'refrigerator']"
stoveburner,kitchen,"['range', 'boot', 'grand ballroom', 'dishwasher']"
stoveknob,kitchen,"['shaker', 'numerous modern washrooms', 'boat', 'freezer']"
strawberry,closet,"['pod', 'microwave', 'hospital drug storeroom', 'library']"
streamer,ballroom,"['dwelling', 'foyer', 'cruet', 'small room']"
string lights,exercise room,"['bag', 'icebox', 'chest', 'cabinet']"
stuffed toy,playroom,"['bank', 'engine', 'one of the classrooms', 'side of the room']"
sugar,container,"['briefcase', 'pitcher', 'numerous modern washrooms', 'wardrobe']"
sugar box,living room,"['bicycle', 'tank', 'grand ballroom', 'bicycle']"
sugar sprinkles,dining room,"['music room', 'deck', 'bundle', 'study']"
suit,suitcase,"['bus', 'automobile', 'classroom', 'orchestra']"
sunglass,car,"['music room', 'basement', 'bar', 'motel room']"
sunscreen,backpack,"['bedroom', 'deck', 'bottle', 'basket']"
supper,oven,"['table', 'fridge', 'broom closet', 'briefcase']"
surface saver ring,storage room,"['head', 'cubicle', 'trap', 'room of the house']"
sushi,plate,"['music room', 'wallet', 'board', 'pot']"
sushi mat,bathroom,"['vault', ""children's room"", 'hatbox', 'waiting room']"
sweater,suitcase,"['loungeroom', 'bathroom', 'glass', 'garden']"
tab,bar,"['basement', 'restroom', 'garden', 'jar']"
table,room,"['toolbox', 'boat', 'lounge', 'bunk']"
table lamp,corridor,"['freezer', 'stove', 'jar', 'room of the house']"
tablet,dining room,"['apartment', 'bunk', 'motel room', 'stove']"
tablet holder,bathroom,"['bay', 'handbag', 'press', 'music room']"
tablet stand,pantry room,"['pantry', 'case', 'toaster', 'freezer']"
tabletopdecor,bedroom,"['hamper', 'schoolroom', 'toolbox', 'wardrobe']"
tag,range,"['delivery room', 'apartment', 'kitchen or bathroom', 'cabinet']"
tampon,corridor,"['class room', 'bank', 'dumpster', 'art classroom']"
tank,range,"['hospital drug storeroom', 'dining room', 'room', 'pan']"
tap,bathroom,"['can', 'classroom', 'dresser', 'sedan']"
tape,cabinet,"['packet', 'oven', 'bathtub', 'hive']"
tea,teapot,"['bathroom or kitchen', 'library', 'different room', 'hospital drug storeroom']"
tea can pack,home office,"['bicycle', 'living rooms', 'lounge', 'room of the house']"
tea pods,exercise room,"['grand ballroom', 'trunk', 'chamber', 'hall']"
teapot,bedroom,"['schoolroom', 'bus', 'trap', 'dungeon']"
teaspoon,cup,"['cabinet', 'dishwasher', 'sink', ""men's restroom""]"
teddybear,bedroom,"['attic', 'every room', ""person's living room"", 'breadbox']"
telephone,desk,"['dishwasher', 'foyer', 'card room', 'broom closet']"
television,bedroom,"['pantry room', 'tank', 'plate', 'playroom']"
tenderloin,oven,"['closet', 'bundle', ' middle of the room', 'restroom']"
tennis ball,television room,"['bath', 'lounge', 'belfry', 'small room']"
tennisracket,bedroom,"['way', 'room of the house', 'board', 'bike']"
tent,backpack,"['delivery room', 'laundry room', 'castle', 'bathroom cabinet']"
textbook,backpack,"['dumpster', 'dimly lit room', 'trap', 'dumpster']"
thimble,cabinet,"['basket', 'living rooms', 'tin', 'camp']"
thing,cabinet,"['car', 'dishwasher', ""cash's room"", 'hospital drug storeroom']"
thread,cabinet,"['room of the house', 'boot', 'pot', 'glass']"
thumbtack,desk,"['every bedroom', 'sink', 'classroom', 'drawer']"
tie,suitcase,"[""children's room"", 'cradle', 'court', 'desk']"
tile,room,"['machine', 'sedan', 'car', 'garbage']"
tissuebox,bathroom,"['laundry room', 'foyer', 'guest room', 'furniture']"
toast,pocket,"['dimly lit room', 'hive', 'cat', 'lamp']"
toaster,kitchen,"['oven', 'bowl', 'nest', 'garbage']"
toffee,jar,"['restroom', 'basement', 'packet', 'machine']"
tofu,oven,"['well', 'dumpster', 'backyard', 'engine']"
toilet,bathroom,"['garbage', 'utility room', 'different room', 'stove']"
toiletpaper,bathroom,"['every bedroom', 'court', 'kitchen or bathroom', 'art classroom']"
toiletpaperhanger,bathroom,"['shoe', 'range', 'waiting room', 'court']"
toiletry,suitcase,"['palace', 'most rooms', ""teenager's bedroom"", 'boot']"
tomato,kitchen,"['truck', 'bath', 'kitchen or bathroom', 'band room']"
tomato soup can,television room,"['beehive', 'cat', 'carton', 'boot']"
tool,drawer,"['pan', 'living room', 'press', 'board']"
toothbrush,bedroom,"['chest', 'bus', 'bottle', 'bright room']"
toothbrush holder,pantry room,"['motorbike', 'aquarium', 'small room', 'dresser']"
toothbrush pack,childs room,"['bed', 'bowl', 'automobile', 'pod']"
toothpick,box,"['card room', 'can', 'room', 'garden']"
top,drawer,"['trunk', 'hotel room', ""person's living room"", 'separate room']"
torch,backpack,"[""teenager's bedroom"", 'one room flat', 'box', 'beehive']"
tortilla,oven,"['stove', 'livin room', 'every bedroom', 'childs room']"
tourniquet,ambulance,"['bay', 'playroom', 'basket', 'stand']"
towel,bathroom,"['every bedroom', 'table', 'container', 'dwelling']"
towelholder,bathroom,"[""person's living room"", 'dimly lit room', 'teapot', 'bathroom or kitchen']"
toy,box,"['cabinet', 'pantry', 'sink', 'belfry']"
toy airplane,bedroom,"['card room', 'shaker', 'bathroom or kitchen', 'motorbike']"
toy animal,living room,"['livin room', 'shelf', 'safe', 'spoon']"
toy basketball,television room,"['bottle', 'grand ballroom', 'plate', 'living rooms']"
toy bowling set,garage,"['table', 'motel room', 'hall', 'palace']"
toy construction set,bedroom,"['way', 'bar', 'jar', 'barrel']"
toy fishing,living room,"[""teenager's bedroom"", 'boat', 'boot', 'bright room']"
toy food,lobby,"[""person's living room"", 'art classroom', 'small room', 'orchestra']"
toy furniture set,dining room,"['dormroom', 'teapot', 'trap', 'bookshelf']"
toy instrument,childs room,"['parlor', 'jar', 'every room', 'sofa']"
toy kitchen set,exercise room,"['sack', 'dresser', 'lounge', 'stand']"
toy tool kit,bathroom,"['master bedroom', 'beehive', 'den', 'pantry']"
toy vehicle,pantry room,"['pan', 'larder', 'most rooms', 'larder']"
transmission,car,"['keg', 'breadbox', ""men's restroom"", 'vault']"
transom,boat,"['house', 'garage', 'sink', 'bathroom or kitchen']"
tray,storage room,"['press', ""teenager's bedroom"", 'package', 'toolbox']"
treasure,box,"['range', 'purse', 'most rooms', 'restroom']"
trinket,shelf,"['keg', 'one of the classrooms', 'garden', 'larder']"
trouser,suitcase,"['dungeon', 'motorbike', 'grand ballroom', 'garbage']"
trowel,cabinet,"['belfry', 'room', 'trunk', 'grand ballroom']"
trunk,automobile,"['loft', ' middle of the room', 'fridge', 'shaker']"
tub,kitchen,"['counter', ""child's bedroom"", 'dishwasher', 'bowl']"
tumbler,corridor,"['dormroom', 'family room', 'cruet', 'court']"
tuna,can,"['bag', 'dormroom', 'closet', 'livin room']"
turkey,oven,"['head', 'card room', 'dormroom', 'safe']"
turtle,box,"['drawer', 'nest', 'stand', 'hotel room']"
tuxedo,ballroom,"['castle', 'desk', 'freezer', 'ambulance']"
tv,bedroom,"['living rooms', 'cellar', 'bunk', 'automobile']"
tvstand,living room,"['schoolroom', 'dwelling', 'breadbox', 'room of the house']"
tweed,closet,"['boat', 'every bedroom', 'jar', 'teapot']"
umbrella,dining room,"['glass', 'container', 'bathroom or kitchen', 'washer']"
underpants,drawer,"['garage', 'bathroom drawer', 'hall', 'trunk']"
undershirt,drawer,"['garage', 'carton', 'jar', 'nest']"
underwear,suitcase,"['bathroom or kitchen', 'press', 'machine', 'bathroom drawer']"
urinal,men's restroom,"['chamber', ""child's room"", 'bathroom or kitchen', 'small room']"
usb drive,bathroom,"['motel room', 'bright room', 'bag', 'band room']"
utensil,drawer,"['garage', 'exercise room', 'tea room', 'garage']"
utensil holder,garage,"['floor', 'separate room', 'delivery room', 'press']"
vacuum,closet,"['toolbox', 'nest', 'cup', 'tea room']"
vacuumcleaner,bedroom,"['press', 'laundry room', 'bathroom and kitchen', 'home office']"
varnish,desk,"['attic', 'small room', 'toaster', 'floor']"
vase,kitchen,"['hatbox', 'pitcher', 'cellar', 'dumpster']"
vault,bank,"['loft', 'freezer', 'belfry', 'tank']"
vegetable,oven,"['cellar', 'den', 'table', 'chamber']"
vent,room,"['bathroom and kitchen', 'foyer', 'keg', 'belfry']"
vermouth,bar,"['can', 'bedroom drawer', 'living rooms', 'toolbox']"
video,drawer,"['loft', 'anor room', 'utility room', 'bowl']"
video game,bathroom,"['backyard', 'well', 'automobile', 'well']"
vinyl tape,kitchen,"['palace', 'art classroom', 'cradle', 'tank']"
viola,orchestra,"['toaster', 'library', 'bike', 'every bedroom']"
violin,orchestra,"['hotel room', 'cubicle', 'ambulance', ""child's bedroom""]"
virtual reality viewer,closet,"['container', 'broom closet', 'bath', 'dimly lit room']"
vodka,cabinet,"['boat', 'library', 'quiver', 'most rooms']"
voltmeter,drawer,"['orchestra', 'suitcase', ""prostitute's bedroom"", 'bike']"
volume,library,"['palace', 'machine', 'bag', 'bus']"
waffle,fridge,"['shaker', 'bottle', 'lounge', ""prostitute's bedroom""]"
wagon,backyard,"['camp', 'pan', 'beehive', 'dining room']"
wallet,pocket,"['hatbox', 'bike', 'packet', 'quiver']"
wardrobe,room,"['lamp', 'pitcher', 'classroom', 'shell']"
washcloth,home office,"['parlor', 'microwave', 'loungeroom', 'stand']"
washer,jar,"['bed', 'stand', 'hive', 'bag']"
waste basket,corridor,"['basket', 'bath', 'living rooms', 'guest room']"
wastebasket,desk,"['vault', 'childs room', 'childs room', 'stove']"
watch,living room,"['home office', 'nest', 'study', 'shaker']"
water bottle,living room,"['laundry room', ""child's room"", 'truck', 'delivery room']"
wateringcan,living room,"['bright room', 'wallet', 'case', 'numerous modern washrooms']"
weight,basement,"['house', 'side of the room', 'mansion', 'bicycle']"
weight loss guide,childs room,"['cup', ' middle of the room', 'lounge', 'purse']"
whale whistle,television room,"['loungeroom', 'tin', 'fridge', 'every room']"
wheelchair,home,"['chest', ""children's room"", 'every bedroom', 'pantry room']"
whisk,drawer,"['castle', 'backyard', 'toaster', 'family room']"
whiskey,bar,"['room', 'head', 'bay', 'bathroom and kitchen']"
whisky,bar,"['bundle', 'aquarium', 'small room', 'home']"
window,living room,"['furniture', 'pocket', 'dresser', 'handbag']"
windshield,sedan,"['package', 'anor room', 'waiting room', 'sofa']"
wine,glass,"['vault', 'range', 'mailbox', 'independent room']"
wine glass,kitchen,"['deck', 'one of the classrooms', ""person's living room"", 'dining room']"
winebottle,kitchen,"['laundry room', 'every bedroom', 'jacket', 'card room']"
wipe warmer,living room,"['cabinet', 'pan', 'tea room', 'loft']"
wireless accessory,storage room,"['sofa', 'bathroom drawer', 'purse', ' middle of the room']"
wood,desk,"['bay', ""children's room"", 'head', 'bathroom or kitchen']"
wool,butt,"['pantry', 'pocket', 'fridge', 'one of the classrooms']"
work,desk,"['aquarium', 'washer', 'shell', 'fridge']"
wristwatch,case,"['trap', 'most rooms', 'kitchen', 'bay']"
xylitol sweetener,kitchen,"['livin room', 'board', 'hotel room', 'waiting room']"
yam,oven,"['stand', 'castle', 'bathroom or kitchen', ""prostitute's bedroom""]"
yarn,cabinet,"['bedroom drawer', 'apartment', 'dwelling', 'closet']"
yearbook,trunk,"['loft', 'dormroom', 'hall', 'boot']"
yoghurt,freezer,"['box', 'sack', 'bathroom or kitchen', 'range']"
yogurt,oven,"['shaker', 'childs room', 'basket', 'bundle']"
