principle_question,principles,question,full_answer,final_answer,correct_answer
"Task: cleaning up spills
Tools: drill, shampoo, sponge, alligator wrench, kri
Principles:","1. **Appropriate Tool Selection**: Understanding which tools are suitable for cleaning spills (e.g., sponge for absorption vs. drill for mechanical tasks).

2. **Safety Considerations**: Ensuring that the cleaning process does not pose hazards, such as using electrical tools near liquids.

3. **Material Compatibility**: Recognizing the types of spills and surfaces involved to avoid damage (e.g., using shampoo on fabrics vs. hard surfaces).

4. **Efficiency of Cleaning Method**: Evaluating the effectiveness of different tools and methods for specific types of spills (e.g., using a sponge for quick absorption).

5. **Environmental Impact**: Considering the ecological effects of cleaning agents and tools used in the cleanup process.","Task: cleaning up spills
Tools: drill, shampoo, sponge, alligator wrench, kri
Your Choice:","To determine the most suitable tool for cleaning up spills from the provided list, I will evaluate each tool based on the principles outlined.

1. **Appropriate Tool Selection**: The task is to clean up spills, which typically requires tools that can absorb or wipe up liquids. A sponge is designed for absorption and is commonly used for cleaning spills. The other tools (drill, shampoo, alligator wrench, kri) are not suitable for this task as they do not serve the purpose of cleaning spills.

2. **Safety Considerations**: Using a sponge for cleaning spills is safe, as it does not involve any electrical components or sharp edges that could pose a hazard when dealing with liquids. The drill, for instance, could be dangerous if used near spills due to the risk of electric shock.

3. **Material Compatibility**: A sponge is versatile and can be used on various surfaces, including countertops and floors, without causing damage. In contrast, shampoo is not typically used for cleaning spills and may not be suitable for all surfaces, especially if it leaves a residue. The alligator wrench and kri are not relevant for cleaning spills.

4. **Efficiency of Cleaning Method**: A sponge is highly effective for quickly absorbing liquids, making it the best choice for immediate cleanup. It can soak up spills efficiently, whereas the other tools would not provide the same level of effectiveness for this specific task.

5. **Environmental Impact**: A sponge is generally an environmentally friendly option, especially if it is made from natural materials. In contrast, using shampoo could introduce chemicals into the environment, depending on its formulation.

Considering all these factors, the most suitable tool for cleaning up spills from the given list is the **sponge**.",sponge,sponge
"Task: drying the dishes
Tools: toothpick, strickle, tack hammer, hunting knife, sponge
Principles:","1. **Absorption**: Understanding how materials absorb water and the effectiveness of different tools in soaking up moisture (e.g., sponge vs. other tools).

2. **Surface Area**: The importance of surface area in drying efficiency; larger surfaces can absorb more water.

3. **Material Properties**: Knowledge of the materials used in the tools and their suitability for drying (e.g., sponges are designed for absorption, while toothpicks and hammers are not).

4. **Safety**: Ensuring that the tools used do not pose a risk of injury or damage to dishes (e.g., using a hunting knife or tack hammer could be unsafe).

5. **Functionality**: Evaluating the primary function of each tool and its relevance to the task of drying dishes, focusing on practicality and effectiveness.","Task: drying the dishes
Tools: toothpick, strickle, tack hammer, hunting knife, sponge
Your Choice:","To determine the most suitable tool for drying dishes from the provided list, I will evaluate each tool based on the principles outlined.

1. **Absorption**: The primary requirement for drying dishes is the ability to absorb moisture. Among the tools listed, the sponge is specifically designed for absorption, making it highly effective in soaking up water. The other tools (toothpick, strickle, tack hammer, hunting knife) do not have any absorption capabilities.

2. **Surface Area**: The efficiency of drying is also influenced by the surface area of the tool. A sponge typically has a larger surface area compared to the other tools, allowing it to absorb more water at once. The other tools have minimal or no surface area that would contribute to drying.

3. **Material Properties**: The sponge is made from materials that are specifically engineered for absorbing liquids, such as cellulose or synthetic fibers. In contrast, the toothpick, strickle, tack hammer, and hunting knife are made from materials that are not suitable for drying purposes. They are either rigid or sharp, which would not aid in the drying process.

4. **Safety**: Safety is a crucial consideration when selecting a tool for drying dishes. The sponge poses no risk of injury and is safe to use on dishes. In contrast, the toothpick could potentially splinter, the tack hammer and hunting knife could cause injury, and the strickle is not designed for this purpose.

5. **Functionality**: The primary function of the sponge aligns perfectly with the task of drying dishes. It is practical and effective for this specific purpose. The other tools do not serve the function of drying and would be ineffective in this context.

Based on the evaluation of absorption, surface area, material properties, safety, and functionality, the most suitable tool for drying the dishes is the **sponge**.",sponge,sponge
