question,full_answer,final_answer
"Task: add a fourth tile to the word
Configurations: The robot has 1 arm(s) with 7 DoFs and rigid Robot Grippers with 2 Fingers and it can not walk., The robot has 1 arm(s) with 6 DoFs and rigid Robot Grippers with 2 Fingers and it can not walk., The robot has 1 arm(s) with 6 DoFs and rigid No specified Gripper and it can not walk., The robot has 1 arm(s) with 5 DoFs and rigid No specified Gripper and it can not walk., The robot has 1 arm(s) with 1 DoFs and rigid No specified Gripper and it can not walk.
Your answer:
For the task of adding a fourth tile to a word, the most suitable hardware configuration from the given list would be:

The robot has 1 arm(s) with 6 DoFs and rigid Robot Grippers with 2 Fingers and it can not walk.

This configuration provides a good balance of dexterity and control with 6 degrees of freedom (DoFs), allowing the arm to position itself accurately in three-dimensional space. The presence of rigid robot grippers with 2 fingers is essential for securely grasping and manipulating the tile to place it accurately. The ability to walk is not necessary for this task, as it likely involves working on a stationary surface.

Your Feedback:
The answer correctly identifies the most suitable configuration for the task of adding a fourth tile to a word. The choice of a robot with 1 arm, 6 DoFs, and rigid robot grippers with 2 fingers is appropriate because it provides the necessary dexterity and precision for manipulating and placing tiles. The explanation also correctly notes that the ability to walk is not required for this task, as it is likely performed on a stationary surface. Overall, the answer demonstrates a clear understanding of the task requirements and the capabilities of the robot configurations. STOPYour Choice:",The robot has 1 arm(s) with 6 DoFs and rigid Robot Grippers with 2 Fingers and it can not walk.,The robot has 1 arm(s) with 6 DoFs and rigid Robot Grippers with 2 Fingers and it can not walk.
"Task: adjust the desk lamp
Configurations: The robot has 0 arm(s) with 4 DoFs and rigid No specified Gripper and it can not walk., The robot has 1 arm(s) with 6 DoFs and rigid No specified Gripper and it can not walk., The robot has 1 arm(s) with 5 DoFs and rigid No specified Gripper and it can not walk., The robot has 0 arm(s) with 5 DoFs and rigid No specified Gripper and it can not walk., The robot has 1 arm(s) with 1 DoFs and rigid No specified Gripper and it can not walk.
Your answer:
The most suitable hardware configuration for the task of adjusting a desk lamp is ""The robot has 1 arm(s) with 6 DoFs and rigid No specified Gripper and it can not walk."" 

This configuration provides the robot with a single arm that has 6 degrees of freedom (DoFs), which allows for a wide range of motion and the ability to reach and manipulate objects in various positions. Although the gripper is not specified, the 6 DoFs will enable the robot to position its arm accurately to adjust the lamp effectively.

Your Feedback:
The answer correctly identifies the most suitable configuration for adjusting a desk lamp. The choice of a robot with 1 arm and 6 degrees of freedom (DoFs) is appropriate because it provides the necessary range of motion to reach and manipulate the lamp from different angles. The lack of a specified gripper is noted, but the focus on the arm's flexibility is well-justified for the task. The explanation is clear and aligns with the task requirements. STOP.Your Choice:",The robot has 1 arm(s) with 6 DoFs and rigid No specified Gripper and it can not walk.,The robot has 1 arm(s) with 6 DoFs and rigid No specified Gripper and it can not walk.
"Task: align the blue towel with the plate
Configurations: The robot has 1 arm(s) with 1 DoFs and rigid No specified Gripper and it can not walk., The robot has 0 arm(s) with 6 DoFs and rigid No specified Gripper and it can not walk., The robot has 1 arm(s) with 6 DoFs and rigid No specified Gripper and it can not walk., The robot has 1 arm(s) with 7 DoFs and rigid Robot Grippers with 2 Fingers and it can not walk., The robot has 1 arm(s) with 7 DoFs and rigid No specified Gripper and it can not walk.
Your answer:
The most suitable hardware configuration for the task of aligning the blue towel with the plate is: ""The robot has 1 arm(s) with 7 DoFs and rigid Robot Grippers with 2 Fingers and it can not walk.""

This configuration is ideal because:
1. The 7 degrees of freedom (DoFs) provide the necessary flexibility and range of motion to precisely position and align the towel with the plate.
2. The presence of robot grippers with 2 fingers allows the robot to effectively grasp and manipulate the towel, which is essential for alignment tasks.

Your Feedback:
Your answer correctly identifies the most suitable hardware configuration for the task. The 7 DoFs offer the flexibility needed for precise movements, and the 2-finger grippers are essential for handling and aligning the towel with the plate. This configuration ensures the robot can perform the task effectively. STOPYour Choice:",The robot has 1 arm(s) with 7 DoFs and rigid Robot Grippers with 2 Fingers and it can not walk.,The robot has 1 arm(s) with 7 DoFs and rigid Robot Grippers with 2 Fingers and it can not walk.
