question,cot_0,final_answer_0,cot_1,final_answer_1,final_answer
"Task: add a fourth tile to the word
Configurations: The robot has 1 arm(s) with 6 DoFs and rigid Robot Grippers with 2 Fingers and it can not walk., The robot has 1 arm(s) with 6 DoFs and rigid No specified Gripper and it can not walk., The robot has 1 arm(s) with 1 DoFs and rigid No specified Gripper and it can not walk., The robot has 1 arm(s) with 5 DoFs and rigid No specified Gripper and it can not walk., The robot has 1 arm(s) with 7 DoFs and rigid Robot Grippers with 2 Fingers and it can not walk.
Your Choice:","To determine the most suitable hardware configuration for the task of adding a fourth tile to a word, let's analyze the options step by step:

1. **Understanding the Task**:
   - The task involves manipulating tiles, which likely requires picking up a tile and placing it accurately on a surface to form a word.
   - Precision and dexterity are crucial to handle the tiles and position them correctly.

2. **Evaluating the Configurations**:
   - **1 arm with 6 DoFs and rigid Robot Grippers with 2 Fingers**: This configuration provides a good range of motion (6 DoFs) and a gripper capable of grasping objects, which is essential for picking up and placing tiles.
   - **1 arm with 6 DoFs and no specified Gripper**: While it has adequate range of motion, the lack of a specified gripper makes it unsuitable for handling tiles.
   - **1 arm with 1 DoF and no specified Gripper**: This configuration is severely limited in movement and lacks a gripper, making it inadequate for the task.
   - **1 arm with 5 DoFs and no specified Gripper**: Although it offers some range of motion, the absence of a gripper is a significant drawback for manipulating tiles.
   - **1 arm with 7 DoFs and rigid Robot Grippers with 2 Fingers**: This configuration offers the highest range of motion and includes a gripper, providing excellent dexterity and precision for the task.

3. **Final Decision**:
   - The configuration with 1 arm with 7 DoFs and rigid Robot Grippers with 2 Fingers is the most suitable for the task. The additional degree of freedom allows for greater maneuverability, and the gripper ensures the robot can effectively pick up and place tiles.

**Your Choice: 1 arm with 7 DoFs and rigid Robot Grippers with 2 Fingers and it cannot walk.**",The robot has 1 arm(s) with 7 DoFs and rigid Robot Grippers with 2 Fingers and it can not walk.,"To determine the most suitable hardware configuration for the task of adding a fourth tile to a word, let's break down the requirements and match them to the available configurations:

1. **Task Requirements:**
   - The task involves manipulating tiles, which requires precision and the ability to grasp and place tiles accurately.
   - The robot needs to be able to pick up a tile and position it correctly relative to existing tiles, which implies the need for dexterous manipulation.

2. **Key Considerations:**
   - **Degrees of Freedom (DoFs):** More DoFs generally provide greater flexibility and precision in positioning the arm and manipulating objects. For this task, higher DoFs will allow better maneuverability to position the tile accurately.
   - **Gripper Type:** Having a gripper is crucial for picking up and handling tiles. A robot without a specified gripper may not be able to perform the task effectively.

3. **Configuration Analysis:**
   - **1 arm with 6 DoFs and no specified gripper:** While it has a decent number of DoFs, the lack of a gripper makes it unsuitable for picking up tiles.
   - **1 arm with 1 DoF and no specified gripper:** This configuration is too limited in movement and lacks a gripper, making it highly unsuitable.
   - **1 arm with 5 DoFs and no specified gripper:** Although it has more DoFs than the previous option, the absence of a gripper is a major drawback.
   - **1 arm with 6 DoFs and rigid robot grippers with 2 fingers:** This provides a balance of flexibility and the ability to grasp objects, making it a strong candidate.
   - **1 arm with 7 DoFs and rigid robot grippers with 2 fingers:** This configuration offers the highest flexibility with the most DoFs and includes a gripper, making it the most adaptable and precise for the task.

4. **Final Choice:**
   - The configuration with **1 arm with 7 DoFs and rigid robot grippers with 2 fingers** is the most suitable for the task. It provides the necessary dexterity, precision, and grasping capability to effectively add a fourth tile to a word.

Therefore, I choose: **1 arm with 7 DoFs and rigid robot grippers with 2 fingers and it cannot walk.**",The robot has 1 arm(s) with 7 DoFs and rigid Robot Grippers with 2 Fingers and it can not walk.,The robot has 1 arm(s) with 7 DoFs and rigid Robot Grippers with 2 Fingers and it can not walk.
"Task: adjust the desk lamp
Configurations: The robot has 0 arm(s) with 5 DoFs and rigid No specified Gripper and it can not walk., The robot has 0 arm(s) with 4 DoFs and rigid No specified Gripper and it can not walk., The robot has 1 arm(s) with 5 DoFs and rigid No specified Gripper and it can not walk., The robot has 1 arm(s) with 6 DoFs and rigid No specified Gripper and it can not walk., The robot has 1 arm(s) with 1 DoFs and rigid No specified Gripper and it can not walk.
Your Choice:","To determine the most suitable hardware configuration for the task of adjusting a desk lamp, we need to consider the following:

1. **Number of Arms**: The robot needs at least one arm to interact with the desk lamp. Therefore, configurations with 0 arms are unsuitable.

2. **Degrees of Freedom (DoFs)**: The degrees of freedom determine the flexibility and range of motion of the robot's arm. Adjusting a desk lamp may require reaching, grasping, and manipulating the lamp's position, which typically requires more than a simple linear movement.

3. **Ability to Walk**: Although the robot cannot walk, this is not a primary concern for the task if the robot can be positioned close enough to the desk lamp.

Given these considerations, let's evaluate the configurations with at least one arm:

- **1 arm with 1 DoF**: This configuration offers very limited movement, likely only allowing a single directional motion, which is insufficient for adjusting a desk lamp.

- **1 arm with 5 DoFs**: This configuration allows for more complex movements, including reaching and adjusting the lamp from different angles. It should be capable of performing the task effectively.

- **1 arm with 6 DoFs**: This configuration provides even greater flexibility and precision in movement than the 5 DoF option. It can better handle complex adjustments and positioning.

Considering the need for flexibility and precision in adjusting a desk lamp, the most suitable configuration is:

**The robot has 1 arm(s) with 6 DoFs and rigid No specified Gripper and it can not walk.**

This choice provides the necessary range of motion and control to effectively perform the task.",The robot has 1 arm(s) with 6 DoFs and rigid No specified Gripper and it can not walk.,"To determine the most suitable hardware configuration for the task of adjusting a desk lamp, let's consider the requirements and constraints:

1. **Task Requirements**: 
   - The robot needs to reach and adjust the desk lamp, which typically involves moving the lamp's arm or head.
   - This task requires a certain degree of flexibility and range of motion to effectively manipulate the lamp into the desired position.

2. **Degrees of Freedom (DoFs)**:
   - More DoFs generally provide greater flexibility and range of motion, which is beneficial for tasks involving manipulation in 3D space.
   - A configuration with at least 5 DoFs is preferable for complex manipulation tasks like adjusting a desk lamp.

3. **Number of Arms**:
   - At least one arm is necessary to perform the manipulation task. Configurations with zero arms cannot perform the task.

4. **Mobility**:
   - The robot configurations listed cannot walk, so the task should be within reach of the arm from a fixed position.

5. **Gripper**:
   - Although there is no specified gripper, the task may require some form of end-effector to interact with the lamp. However, this detail is not provided, and we assume the task can be completed with the given configurations.

Considering these points, the most suitable configuration for adjusting the desk lamp is:

- **1 arm with 6 DoFs**: This configuration provides the necessary arm for manipulation, and the 6 DoFs offer the greatest flexibility and precision for adjusting the desk lamp effectively.

Therefore, the chosen configuration is: **The robot has 1 arm(s) with 6 DoFs and rigid No specified Gripper and it can not walk.**",The robot has 1 arm(s) with 6 DoFs and rigid No specified Gripper and it can not walk.,The robot has 1 arm(s) with 6 DoFs and rigid No specified Gripper and it can not walk.
"Task: align the blue towel with the plate
Configurations: The robot has 0 arm(s) with 6 DoFs and rigid No specified Gripper and it can not walk., The robot has 1 arm(s) with 1 DoFs and rigid No specified Gripper and it can not walk., The robot has 1 arm(s) with 7 DoFs and rigid No specified Gripper and it can not walk., The robot has 1 arm(s) with 6 DoFs and rigid No specified Gripper and it can not walk., The robot has 1 arm(s) with 7 DoFs and rigid Robot Grippers with 2 Fingers and it can not walk.
Your Choice:","To align the blue towel with the plate, the robot needs to be able to manipulate objects with a certain degree of precision and control. Let's evaluate the configurations step by step:

1. **0 arms with 6 DoFs and no specified gripper**: This configuration lacks any arms, making it impossible for the robot to perform the task of aligning the towel with the plate.

2. **1 arm with 1 DoF and no specified gripper**: A single degree of freedom is extremely limiting and would not allow the robot to perform the necessary movements to align the towel properly.

3. **1 arm with 7 DoFs and no specified gripper**: While this configuration offers a high degree of freedom, the lack of a gripper means the robot cannot grasp or manipulate the towel.

4. **1 arm with 6 DoFs and no specified gripper**: Similar to the previous option, this configuration provides good movement but lacks the ability to grasp objects.

5. **1 arm with 7 DoFs and robot grippers with 2 fingers**: This configuration offers both a high degree of freedom and a gripper, which is essential for manipulating and aligning the towel with the plate.

Based on the analysis, the most suitable configuration for the task is:

**1 arm with 7 DoFs and robot grippers with 2 fingers, and it cannot walk.**

This setup provides the necessary flexibility and capability to grasp and manipulate the towel to align it with the plate effectively.",The robot has 1 arm(s) with 7 DoFs and rigid Robot Grippers with 2 Fingers and it can not walk.,"To determine the most suitable hardware configuration for the task of aligning a blue towel with a plate, we need to consider the degrees of freedom (DoFs) and the presence of a gripper.

1. **Degrees of Freedom (DoFs):** 
   - More DoFs allow for greater flexibility and range of motion. This is crucial for tasks that require precise positioning and orientation adjustments. 
   - Configurations with 6 or 7 DoFs are preferable over those with only 1 DoF, as they allow for more complex movements.

2. **Gripper:**
   - A gripper is necessary for manipulating objects like a towel. Without a gripper, the robot cannot effectively pick up or adjust the towel.
   - The presence of a gripper with fingers is essential for grasping and adjusting the towel.

3. **Mobility:**
   - While the robot cannot walk, this is not a critical factor for the task as long as it can reach the towel and plate.

Considering these factors, the most suitable configuration is the one with:
- 1 arm with 7 DoFs, providing a high degree of flexibility and movement.
- A robot gripper with 2 fingers, allowing it to grasp and manipulate the towel effectively.

Therefore, the chosen configuration is: **The robot has 1 arm(s) with 7 DoFs and rigid Robot Grippers with 2 Fingers and it can not walk.**",The robot has 1 arm(s) with 7 DoFs and rigid Robot Grippers with 2 Fingers and it can not walk.,The robot has 1 arm(s) with 7 DoFs and rigid Robot Grippers with 2 Fingers and it can not walk.
