Location,Objects
ambulance,['tourniquet']
anor room,['phone']
apartment,"['armchair', 'bed', 'bedroom', 'blender', 'closet', 'computer', 'couch', 'cup', 'dish', 'dishwasher', 'door', 'elevator', 'foyer', 'furniture', 'gate', 'ipod', 'kitchen', 'kitchenette', 'lamp', 'loft', 'mailbox', 'microwave', 'mop', 'mouse', 'pillow', 'radiator', 'refrigerator', 'room', 'sink', 'stove', 'table', 'television', 'toilet', 'tv']"
aquarium,['fish']
attic,"['antique', 'bat', 'damper', 'duct', 'fire', 'junk', 'light', 'mouse', 'rafter', 'spider', 'storage', 'trunk', 'vent']"
automobile,"['container', 'heater', 'horn', 'steel', 'trunk']"
backpack,"['blanket', 'canteen', 'clothing', 'coat', 'computer', 'cord', 'drink', 'flashlight', 'food', 'gauze', 'knife', 'lunch', 'match', 'netting', 'pencil', 'pot', 'raincoat', 'rope', 'school', 'schoolbook', 'scissors', 'snack', 'sunscreen', 'tape', 'tent', 'textbook', 'thing', 'torch', 'underwear', 'utensil']"
backyard,"['deck', 'gate', 'hedge', 'mouse', 'pit', 'shed', 'spa', 'wagon']"
bag,"['gun', 'phone', 'radio', 'sugar', 'sunglass']"
ballroom,"['ball', 'streamer', 'tuxedo']"
band room,['violin']
bank,"['atm', 'check', 'cubicle', 'vault']"
bar,"['beer', 'beverage', 'booze', 'brandy', 'coke', 'decanter', 'drink', 'gin', 'glass', 'john', 'jukebox', 'liquor', 'mug', 'screwdriver', 'stool', 'tab', 'tap', 'television', 'vermouth', 'vodka', 'whiskey', 'whisky']"
barrel,"['bourbon', 'bullet', 'wine']"
basement,"['bar', 'bed', 'cellar', 'drill', 'dryer', 'dungeon', 'fire', 'fireplace', 'furnace', 'joist', 'laundry', 'ottoman', 'saw', 'shop', 'spider', 'storehouse', 'storeroom', 'tank', 'toilet', 'tool', 'toy', 'weight']"
basket,['bread']
bath,['ribbon']
bathroom,"['action figure', 'adjustable wrench', 'android figure', 'anti slip tape', 'antidepressant', 'apple', 'backpack', 'balancing cactu', 'banana', 'baseball', 'bath sheet', 'bathtub', 'bathtubbasin', 'battery', 'beard color gel', 'beauty pack', 'bleach cleanser', 'blender jar', 'board game', 'book', 'bookend', 'bowl', 'box', 'bundt pan', 'butter dish', 'cabinet', 'cake mix', 'cake pan', 'camera', 'can opener', 'candle', 'candle holder', 'candy', 'candy bar', 'canister', 'card game', 'carrying case', 'casserole dish', 'cereal', 'chain', 'chocolate', 'chocolate box', 'chocolate milk pod', 'chocolate powder', 'chopping board', 'clamp', 'clay', 'clock', 'cloth', 'coffee bean', 'coffee pod', 'coffeemaker', 'colored wood block', 'condiment', 'condom', 'countertop', 'cracker box', 'crayon', 'cube storage box', 'cup', 'cushion', 'desk caddy', 'diaper pack', 'dietary supplement', 'dish drainer', 'dishsponge', 'dishtowel', 'dispensing closure', 'dog bowl', 'dog chew toy', 'dollhouse toy', 'donut', 'drawer', 'dresser', 'drink coaster', 'duct tape', 'dumbbell', 'dumbbell rack', 'dustpan and brush', 'dutch oven', 'easter basket', 'electric heater', 'electric toothbrush', 'electronic adapter', 'electronic cable', 'face moisturizer', 'faucet', 'file sorter', 'fingerpaint', 'fitness tracker wristband', 'flashlight', 'flat screwdriver', 'floor', 'foam brick', 'folder', 'fondant', 'footstool', 'fork', 'fruit snack', 'garbagecan', 'gel', 'gelatin box', 'glove', 'golf ball', 'graphics card', 'hair color', 'hair conditioner', 'hair dryer', 'hair straightener', 'hammer', 'hand bell', 'handbag', 'handtowel', 'handtowelholder', 'hard drive', 'hard drive case', 'hat', 'headphone', 'heavy duty glove', 'heavy master chef can', 'helmet', 'herring fillet', 'honey dipper', 'houseplant', 'incontinence pad', 'ink cartridge', 'instant camera', 'invitation card', 'jar', 'jenga', 'jewelry box', 'john', 'keyboard', 'knife', 'knife block', 'labeling tape', 'lamp', 'lantern', 'laptop', 'laptop cover', 'laptop stand', 'large marker', 'laundry box', 'laxative', 'lego duplo', 'lemon', 'letter holder', 'light bulb', 'lightswitch', 'lime squeezer', 'lipstick', 'lunch bag', 'lunch box', 'magnifying glas', 'mascara', 'master chef can', 'mat', 'measuring tape', 'medicine', 'milk fror', 'mini soccer ball', 'mirror', 'moistener', 'morboard', 'mouse', 'mouse pad', 'movie dvd', 'mug', 'multiport hub', 'mustard bottle', 'neck rest', 'nine hole peg test', 'nintendo switch', 'orange', 'padlock', 'paint bottle set', 'paint maker', 'painting', 'pan', 'paper bag', 'papertowelroll', 'parchment sheet', 'peach', 'pear', 'peg and hammer toy', 'pencil case', 'peppermint', 'pepsi can pack', 'pet food supplement', 'phillips screwdriver', 'phone armband case', 'phone stand', 'picture frame', 'pillow', 'pitcher base', 'plant', 'plant container', 'plant saucer', 'plate', 'plum', 'plumbing', 'plunger', 'portable speaker', 'potted meat can', 'power drill', 'pressure cooker', 'pudding box', 'puzzle game', 'racquetball', 'ramekin', 'remote control', 'rmal laminator', 'router', 'rubiks cube', 'salt shaker', 'sanitary pad', 'saucer', 'saute pan', 'scissors', 'scrubbrush', 'set-top box', 'shelf', 'shoe', 'shoe box', 'showercurtain', 'showerdoor', 'showerglas', 'showerhead', 'shredder', 'sidetable', 'sidewalk chalk', 'sink', 'sinkbasin', 'skillet', 'skillet lid', 'skin care product', 'skin moisturizer', 'snack cake', 'snack dispenser', 'soap dish', 'soap dispenser', 'soapbar', 'soapbottle', 'softball', 'software cd', 'sorting toy', 'sparkling water', 'spatula', 'spider', 'sponge', 'sponge dish', 'spoon', 'spoon rest', 'spraybottle', 'stacking cup', 'stand mixer', 'storage bin', 'strawberry', 'string light', 'stuffed toy', 'sugar box', 'sugar sprinkle', 'surface saver ring', 'sushi mat', 'table lamp', 'tablet', 'tablet holder', 'tablet stand', 'tampon', 'tap', 'tea can pack', 'tea pod', 'teapot', 'tennis ball', 'tile', 'tissuebox', 'toaster', 'toilet', 'toiletpaper', 'toiletpaperhanger', 'tomato soup can', 'toothbrush holder', 'toothbrush pack', 'towel', 'towelholder', 'toy airplane', 'toy animal', 'toy basketball', 'toy bowling set', 'toy construction set', 'toy fishing', 'toy food', 'toy furniture set', 'toy instrument', 'toy kitchen set', 'toy tool kit', 'toy vehicle', 'tray', 'tumbler', 'umbrella', 'usb drive', 'utensil holder', 'vase', 'video game', 'vinyl tape', 'virtual reality viewer', 'washcloth', 'waste basket', 'water bottle', 'weight loss guide', 'whale whistle', 'window', 'wipe warmer', 'wireless accessory', 'xylitol sweetener']"
bathroom and kitchen,['sink']
bathroom cabinet,['toothbrush']
bathroom drawer,['pad']
bathroom or kitchen,['faucet']
bathtub,"['spider', 'tap']"
bay,['boat']
bed,"['camper', 'carpeting', 'comfort', 'duvet', 'frame', 'junk', 'magazine', 'mit', 'pillowcase', 'rug', 'shoe', 'slipper', 'spider', 'spoon', 'toy', 'wallet']"
bedroom,"['action figure', 'adjustable wrench', 'alarmclock', 'android figure', 'anti slip tape', 'antidepressant', 'apple', 'armchair', 'armoire', 'backpack', 'balancing cactu', 'banana', 'baseball', 'baseballbat', 'basketball', 'bath sheet', 'battery', 'beanbag', 'beard color gel', 'beauty pack', 'bed', 'blanket', 'bleach cleanser', 'blender jar', 'blind', 'board game', 'book', 'bookend', 'bookshelf', 'boot', 'bowl', 'box', 'bundt pan', 'bureau', 'butter dish', 'cabinet', 'cake mix', 'cake pan', 'camera', 'can opener', 'candle', 'candle holder', 'candy', 'candy bar', 'canister', 'card game', 'carpeting', 'carrying case', 'casserole dish', 'cd', 'cellphone', 'cereal', 'chain', 'chair', 'chocolate', 'chocolate box', 'chocolate milk pod', 'chocolate powder', 'chopping board', 'clamp', 'clay', 'clock', 'closet', 'cloth', 'coffee bean', 'coffee pod', 'coffeemaker', 'coffeetable', 'colored wood block', 'condiment', 'condom', 'countertop', 'cracker box', 'crayon', 'creditcard', 'cube storage box', 'cup', 'curtain', 'cushion', 'desk', 'desk caddy', 'desklamp', 'desktop', 'diaper pack', 'dietary supplement', 'dish drainer', 'dishtowel', 'dispensing closure', 'dog bowl', 'dog chew toy', 'dogbed', 'dollhouse toy', 'donut', 'drawer', 'dresser', 'drink coaster', 'duct tape', 'dumbbell', 'dumbbell rack', 'dustpan and brush', 'dutch oven', 'duvet', 'easter basket', 'electric heater', 'electric toothbrush', 'electronic adapter', 'electronic cable', 'face moisturizer', 'file sorter', 'fingerpaint', 'fireplace', 'fitness tracker wristband', 'flashlight', 'flat screwdriver', 'floor', 'foam brick', 'folder', 'fondant', 'footstool', 'fork', 'fruit snack', 'garbagebag', 'garbagecan', 'gelatin box', 'glove', 'golf ball', 'graphics card', 'hair color', 'hair conditioner', 'hair dryer', 'hair straightener', 'hammer', 'hand bell', 'handbag', 'hard drive', 'hard drive case', 'hat', 'headphone', 'heavy duty glove', 'heavy master chef can', 'helmet', 'herring fillet', 'honey dipper', 'house', 'houseplant', 'incontinence pad', 'ink cartridge', 'instant camera', 'invitation card', 'jar', 'jean', 'jenga', 'jewelry box', 'keyboard', 'keychain', 'knife', 'knife block', 'labeling tape', 'lamp', 'lantern', 'laptop', 'laptop cover', 'laptop stand', 'large marker', 'laundry box', 'laundryhamper', 'laxative', 'lego duplo', 'lemon', 'letter holder', 'light bulb', 'lightswitch', 'lime squeezer', 'lipstick', 'lunch bag', 'lunch box', 'magnifying glas', 'mascara', 'master chef can', 'measuring tape', 'medicine', 'milk fror', 'mini soccer ball', 'mirror', 'morboard', 'mouse', 'mouse pad', 'movie dvd', 'mug', 'multiport hub', 'mustard bottle', 'neck rest', 'nine hole peg test', 'nintendo switch', 'orange', 'padlock', 'paint bottle set', 'paint maker', 'painting', 'pan', 'paper bag', 'parchment sheet', 'peach', 'pear', 'peg and hammer toy', 'pen', 'pencil', 'pencil case', 'peppermint', 'pepsi can pack', 'pet food supplement', 'phillips screwdriver', 'phone armband case', 'phone stand', 'picture frame', 'pillow', 'pillowcase', 'pitcher base', 'plant', 'plant container', 'plant saucer', 'plate', 'plum', 'portable speaker', 'poster', 'potted meat can', 'power drill', 'pressure cooker', 'pudding box', 'puzzle game', 'pyjama', 'racquetball', 'radio', 'ramekin', 'remote control', 'remotecontrol', 'rmal laminator', 'router', 'rubiks cube', 'rug', 'safe', 'salt shaker', 'sanitary pad', 'saucer', 'saute pan', 'scissors', 'set-top box', 'sheet', 'shelf', 'shelvingunit', 'shoe', 'shoe box', 'shredder', 'sidetable', 'sidewalk chalk', 'skillet', 'skillet lid', 'skin care product', 'skin moisturizer', 'slipper', 'snack cake', 'snack dispenser', 'soap dish', 'soap dispenser', 'sofa', 'softball', 'software cd', 'sorting toy', 'sparkling water', 'spatula', 'sponge', 'sponge dish', 'spoon', 'spoon rest', 'stacking cup', 'stand mixer', 'statue', 'stool', 'storage bin', 'strawberry', 'string light', 'stuffed toy', 'sugar box', 'sugar sprinkle', 'surface saver ring', 'sushi mat', 'table', 'table lamp', 'tablet', 'tablet holder', 'tablet stand', 'tabletopdecor', 'tampon', 'tea can pack', 'tea pod', 'teapot', 'teddybear', 'television', 'tennis ball', 'tennisracket', 'tissuebox', 'toaster', 'tomato soup can', 'toothbrush', 'toothbrush holder', 'toothbrush pack', 'towel', 'toy airplane', 'toy animal', 'toy basketball', 'toy bowling set', 'toy construction set', 'toy fishing', 'toy food', 'toy furniture set', 'toy instrument', 'toy kitchen set', 'toy tool kit', 'toy vehicle', 'tray', 'trunk', 'tumbler', 'tv', 'umbrella', 'usb drive', 'utensil holder', 'vacuumcleaner', 'vase', 'video game', 'vinyl tape', 'virtual reality viewer', 'wardrobe', 'washcloth', 'waste basket', 'watch', 'water bottle', 'weight loss guide', 'whale whistle', 'window', 'wipe warmer', 'wireless accessory', 'xylitol sweetener']"
bedroom drawer,['watch']
beehive,['honey']
belfry,['bat']
bicycle,['chain']
bike,['garage']
board,['nail']
boat,"['beer', 'boater', 'deck', 'fish', 'food', 'foresail', 'ga', 'galley', 'harbor', 'lifeboat', 'mainsail', 'mast', 'net', 'pirate', 'propellor', 'prow', 'pump', 'rope', 'rudder', 'sextant', 'transom', 'wood']"
bookshelf,"['bookend', 'volume']"
boot,['foot']
bottle,"['beer', 'beverage', 'drink', 'milk', 'pill', 'wine']"
bowl,"['food', 'potato', 'spoon']"
box,"['batter', 'candy', 'card', 'cereal', 'check', 'chocolate', 'computer', 'cookies', 'hat', 'jack', 'jewelry', 'junk', 'match', 'monitor', 'mouse', 'pencil', 'pliers', 'ribbon', 'shoe', 'toothpick', 'toy', 'treasure', 'turtle']"
breadbox,"['bread', 'bun', 'cookies', 'cracker', 'kitchen', 'mold', 'roll']"
briefcase,"['folder', 'pad']"
bright room,['tv']
broom closet,['dustbin']
bundle,['cord']
bunk,['camper']
butt,['wool']
cabin,['camper']
cabinet,"['broom', 'camera', 'candle', 'cd', 'cereal', 'china', 'cord', 'coronet', 'crowbar', 'dish', 'drill', 'drink', 'envelope', 'figurine', 'film', 'firearm', 'folder', 'food', 'form', 'gauze', 'glass', 'glove', 'jar', 'lipstick', 'liquor', 'lotion', 'metronome', 'mug', 'nail', 'napkin', 'paint', 'paperclip', 'paste', 'pencil', 'perfume', 'photo', 'pill', 'platter', 'pliers', 'rag', 'ruler', 'safe', 'salt', 'saltshaker', 'sander', 'saucepan', 'saucer', 'scissors', 'shelf', 'socket', 'spice', 'stamper', 'stapler', 'tape', 'television', 'thimble', 'thing', 'thread', 'toothbrush', 'trowel', 'vase', 'video', 'violin', 'vodka', 'yarn']"
camp,['camper']
can,"['beer', 'beet', 'coke', 'drink', 'food', 'garbage', 'lip', 'paint', 'pea', 'pear', 'shellac', 'soda', 'soup', 'spam', 'tuna', 'vegetable']"
car,"['armrest', 'bumper', 'carburettor', 'computer', 'container', 'dashboard', 'door', 'driveway', 'garage', 'gear', 'gun', 'headlight', 'horn', 'magnet', 'oil', 'pedal', 'radiator', 'stereo', 'sunglass', 'transmission', 'trunk']"
card room,['table']
carton,['milk']
case,"['glass', 'viola', 'wristwatch']"
cash's room,['couch']
castle,"['cellar', 'museum', 'rook']"
cat,"['fur', 'mouse']"
cellar,"['bat', 'bottle', 'carrot', 'furnace', 'jar', 'junk', 'laundry', 'mold', 'mouse', 'spider']"
chamber,"['bullet', 'pottery']"
chest,['drawer']
child's bedroom,"['beanbag', 'toy']"
child's room,['drum']
children's room,['toy']
childs room,"['action figure', 'adjustable wrench', 'android figure', 'anti slip tape', 'antidepressant', 'apple', 'backpack', 'balancing cactu', 'banana', 'baseball', 'bath sheet', 'battery', 'beard color gel', 'beauty pack', 'bleach cleanser', 'blender jar', 'board game', 'book', 'bookend', 'bowl', 'box', 'bundt pan', 'butter dish', 'cake mix', 'cake pan', 'camera', 'can opener', 'candle holder', 'candy', 'candy bar', 'canister', 'card game', 'carrying case', 'casserole dish', 'cereal', 'chain', 'chocolate', 'chocolate box', 'chocolate milk pod', 'chocolate powder', 'chopping board', 'clamp', 'clay', 'clock', 'cloth', 'coffee bean', 'coffee pod', 'coffeemaker', 'colored wood block', 'condiment', 'cracker box', 'crayon', 'cube storage box', 'cup', 'cushion', 'desk caddy', 'diaper pack', 'dietary supplement', 'dish drainer', 'dishtowel', 'dispensing closure', 'dog bowl', 'dog chew toy', 'dollhouse toy', 'donut', 'drink coaster', 'duct tape', 'dumbbell', 'dumbbell rack', 'dustpan and brush', 'dutch oven', 'easter basket', 'electric heater', 'electric toothbrush', 'electronic adapter', 'electronic cable', 'face moisturizer', 'file sorter', 'fingerpaint', 'fitness tracker wristband', 'flashlight', 'flat screwdriver', 'foam brick', 'folder', 'fondant', 'fork', 'fruit snack', 'gelatin box', 'glove', 'golf ball', 'graphics card', 'hair color', 'hair conditioner', 'hair dryer', 'hair straightener', 'hammer', 'hand bell', 'handbag', 'hard drive', 'hard drive case', 'hat', 'headphone', 'heavy duty glove', 'heavy master chef can', 'helmet', 'herring fillet', 'honey dipper', 'incontinence pad', 'ink cartridge', 'instant camera', 'invitation card', 'jar', 'jenga', 'jewelry box', 'keyboard', 'knife', 'knife block', 'labeling tape', 'lamp', 'lantern', 'laptop', 'laptop cover', 'laptop stand', 'large marker', 'laundry box', 'laxative', 'lego duplo', 'lemon', 'letter holder', 'light bulb', 'lime squeezer', 'lipstick', 'lunch bag', 'lunch box', 'magnifying glas', 'mascara', 'master chef can', 'measuring tape', 'medicine', 'milk fror', 'mini soccer ball', 'morboard', 'mouse', 'mouse pad', 'movie dvd', 'mug', 'multiport hub', 'mustard bottle', 'neck rest', 'nine hole peg test', 'nintendo switch', 'orange', 'padlock', 'paint bottle set', 'paint maker', 'pan', 'paper bag', 'parchment sheet', 'peach', 'pear', 'peg and hammer toy', 'pencil case', 'peppermint', 'pepsi can pack', 'pet food supplement', 'phillips screwdriver', 'phone armband case', 'phone stand', 'picture frame', 'pillow', 'pitcher base', 'plant', 'plant container', 'plant saucer', 'plate', 'plum', 'portable speaker', 'potted meat can', 'power drill', 'pressure cooker', 'pudding box', 'puzzle game', 'racquetball', 'ramekin', 'remote control', 'rmal laminator', 'router', 'rubiks cube', 'salt shaker', 'sanitary pad', 'saucer', 'saute pan', 'scissors', 'set-top box', 'shoe', 'shoe box', 'shredder', 'sidewalk chalk', 'skillet', 'skillet lid', 'skin care product', 'skin moisturizer', 'snack cake', 'snack dispenser', 'soap dish', 'soap dispenser', 'softball', 'software cd', 'sorting toy', 'sparkling water', 'spatula', 'sponge', 'sponge dish', 'spoon', 'spoon rest', 'stacking cup', 'stand mixer', 'storage bin', 'strawberry', 'string light', 'stuffed toy', 'sugar box', 'sugar sprinkle', 'surface saver ring', 'sushi mat', 'table lamp', 'tablet', 'tablet holder', 'tablet stand', 'tampon', 'tea can pack', 'tea pod', 'teapot', 'tennis ball', 'toaster', 'tomato soup can', 'toothbrush holder', 'toothbrush pack', 'towel', 'toy airplane', 'toy animal', 'toy basketball', 'toy bowling set', 'toy construction set', 'toy fishing', 'toy food', 'toy furniture set', 'toy instrument', 'toy kitchen set', 'toy tool kit', 'toy vehicle', 'tray', 'tumbler', 'umbrella', 'usb drive', 'utensil holder', 'vase', 'video game', 'vinyl tape', 'virtual reality viewer', 'washcloth', 'waste basket', 'water bottle', 'weight loss guide', 'whale whistle', 'wipe warmer', 'wireless accessory', 'xylitol sweetener']"
class room,['metronome']
classroom,"['chalk', 'chalkboard', 'clipboard', 'computer', 'crayon', 'dictionary', 'door', 'flag', 'pencil', 'rule', 'school', 'stool']"
closet,"['action figure', 'adjustable wrench', 'android figure', 'anti slip tape', 'antidepressant', 'apple', 'backpack', 'balancing cactu', 'ball', 'banana', 'baseball', 'bath sheet', 'battery', 'beard color gel', 'beauty pack', 'belt', 'blanket', 'bleach cleanser', 'blender jar', 'board game', 'book', 'bookend', 'bowl', 'box', 'broom', 'bundt pan', 'butter dish', 'cake mix', 'cake pan', 'camera', 'can opener', 'candle holder', 'candy', 'candy bar', 'canister', 'card game', 'carrying case', 'casserole dish', 'cereal', 'chain', 'chocolate', 'chocolate box', 'chocolate milk pod', 'chocolate powder', 'chopping board', 'clamp', 'clay', 'clock', 'cloth', 'clothing', 'coat', 'coffee bean', 'coffee pod', 'coffeemaker', 'colored wood block', 'condiment', 'cracker box', 'crayon', 'cube storage box', 'cup', 'cushion', 'desk caddy', 'diaper pack', 'dietary supplement', 'dish drainer', 'dishtowel', 'dispensing closure', 'dog bowl', 'dog chew toy', 'dollhouse toy', 'donut', 'drink coaster', 'duct tape', 'dumbbell', 'dumbbell rack', 'dustbin', 'dustpan and brush', 'dutch oven', 'easter basket', 'electric heater', 'electric toothbrush', 'electronic adapter', 'electronic cable', 'face moisturizer', 'file sorter', 'fingerpaint', 'fitness tracker wristband', 'flashlight', 'flat screwdriver', 'foam brick', 'folder', 'fondant', 'fork', 'foundation', 'fruit snack', 'gelatin box', 'glove', 'golf ball', 'graphics card', 'gun', 'hair color', 'hair conditioner', 'hair dryer', 'hair straightener', 'hammer', 'hand bell', 'handbag', 'hard drive', 'hard drive case', 'hat', 'headphone', 'heavy duty glove', 'heavy master chef can', 'helmet', 'herring fillet', 'holdall', 'honey dipper', 'incontinence pad', 'ink cartridge', 'instant camera', 'invitation card', 'jacket', 'jar', 'jean', 'jenga', 'jewelry box', 'keyboard', 'knife', 'knife block', 'labeling tape', 'lamp', 'lantern', 'laptop', 'laptop cover', 'laptop stand', 'large marker', 'laundry box', 'laxative', 'lego duplo', 'lemon', 'letter holder', 'light', 'light bulb', 'lime squeezer', 'lipstick', 'lunch bag', 'lunch box', 'magnifying glas', 'mascara', 'master chef can', 'measuring tape', 'medicine', 'milk fror', 'mini soccer ball', 'morboard', 'mouse', 'mouse pad', 'movie dvd', 'mug', 'multiport hub', 'mustard bottle', 'neck rest', 'neckwear', 'nine hole peg test', 'nintendo switch', 'orange', 'outfit', 'padlock', 'paint bottle set', 'paint maker', 'pan', 'paper bag', 'parchment sheet', 'peach', 'pear', 'peg and hammer toy', 'pencil case', 'peppermint', 'pepsi can pack', 'pet food supplement', 'phillips screwdriver', 'phone armband case', 'phone stand', 'picture frame', 'pillow', 'pitcher base', 'plant', 'plant container', 'plant saucer', 'plate', 'plum', 'portable speaker', 'potted meat can', 'power drill', 'pressure cooker', 'pudding box', 'puzzle game', 'racquetball', 'ramekin', 'remote control', 'rmal laminator', 'router', 'rubiks cube', 'safe', 'salt shaker', 'sanitary pad', 'saucer', 'saute pan', 'scissors', 'set-top box', 'shelf', 'shirt', 'shoe', 'shoe box', 'shredder', 'sidewalk chalk', 'skeleton', 'skillet', 'skillet lid', 'skin care product', 'skin moisturizer', 'snack cake', 'snack dispenser', 'soap dish', 'soap dispenser', 'softball', 'software cd', 'sorting toy', 'sparkling water', 'spatula', 'spider', 'sponge', 'sponge dish', 'spoon', 'spoon rest', 'stacking cup', 'stand mixer', 'storage bin', 'strawberry', 'string light', 'stuffed toy', 'sugar box', 'sugar sprinkle', 'suit', 'surface saver ring', 'sushi mat', 'sweater', 'table lamp', 'tablet', 'tablet holder', 'tablet stand', 'tampon', 'tea can pack', 'tea pod', 'teapot', 'tennis ball', 'toaster', 'tomato soup can', 'toothbrush holder', 'toothbrush pack', 'towel', 'toy', 'toy airplane', 'toy animal', 'toy basketball', 'toy bowling set', 'toy construction set', 'toy fishing', 'toy food', 'toy furniture set', 'toy instrument', 'toy kitchen set', 'toy tool kit', 'toy vehicle', 'tray', 'tumbler', 'tweed', 'umbrella', 'usb drive', 'utensil holder', 'vacuum', 'vase', 'video game', 'vinyl tape', 'virtual reality viewer', 'wardrobe', 'washcloth', 'waste basket', 'water bottle', 'weight loss guide', 'whale whistle', 'wipe warmer', 'wireless accessory', 'xylitol sweetener']"
container,"['beer', 'condiment', 'cookies', 'food', 'fruit', 'garbage', 'gel', 'milk', 'nail', 'paint', 'pudding', 'shop', 'soup', 'spam', 'sugar', 'vacuum']"
corridor,"['action figure', 'adjustable wrench', 'android figure', 'anti slip tape', 'antidepressant', 'apple', 'backpack', 'balancing cactu', 'banana', 'baseball', 'bath sheet', 'battery', 'beard color gel', 'beauty pack', 'bleach cleanser', 'blender jar', 'board game', 'book', 'bookend', 'bowl', 'box', 'bundt pan', 'butter dish', 'cake mix', 'cake pan', 'camera', 'can opener', 'candle holder', 'candy', 'candy bar', 'canister', 'card game', 'carrying case', 'casserole dish', 'cereal', 'chain', 'chocolate', 'chocolate box', 'chocolate milk pod', 'chocolate powder', 'chopping board', 'clamp', 'clay', 'clock', 'cloth', 'coffee bean', 'coffee pod', 'coffeemaker', 'colored wood block', 'condiment', 'cracker box', 'crayon', 'cube storage box', 'cup', 'cushion', 'desk caddy', 'diaper pack', 'dietary supplement', 'dish drainer', 'dishtowel', 'dispensing closure', 'dog bowl', 'dog chew toy', 'dollhouse toy', 'donut', 'drink coaster', 'duct tape', 'dumbbell', 'dumbbell rack', 'dustpan and brush', 'dutch oven', 'easter basket', 'electric heater', 'electric toothbrush', 'electronic adapter', 'electronic cable', 'face moisturizer', 'file sorter', 'fingerpaint', 'fitness tracker wristband', 'flashlight', 'flat screwdriver', 'foam brick', 'folder', 'fondant', 'fork', 'fruit snack', 'gelatin box', 'glove', 'golf ball', 'graphics card', 'hair color', 'hair conditioner', 'hair dryer', 'hair straightener', 'hammer', 'hand bell', 'handbag', 'hard drive', 'hard drive case', 'hat', 'headphone', 'heavy duty glove', 'heavy master chef can', 'helmet', 'herring fillet', 'honey dipper', 'incontinence pad', 'ink cartridge', 'instant camera', 'invitation card', 'jar', 'jenga', 'jewelry box', 'keyboard', 'knife', 'knife block', 'labeling tape', 'lamp', 'lantern', 'laptop', 'laptop cover', 'laptop stand', 'large marker', 'laundry box', 'laxative', 'lego duplo', 'lemon', 'letter holder', 'light bulb', 'lime squeezer', 'lipstick', 'lunch bag', 'lunch box', 'magnifying glas', 'mascara', 'master chef can', 'measuring tape', 'medicine', 'milk fror', 'mini soccer ball', 'morboard', 'mouse', 'mouse pad', 'movie dvd', 'mug', 'multiport hub', 'mustard bottle', 'neck rest', 'nine hole peg test', 'nintendo switch', 'orange', 'padlock', 'paint bottle set', 'paint maker', 'pan', 'paper bag', 'parchment sheet', 'peach', 'pear', 'peg and hammer toy', 'pencil case', 'peppermint', 'pepsi can pack', 'pet food supplement', 'phillips screwdriver', 'phone armband case', 'phone stand', 'picture frame', 'pillow', 'pitcher base', 'plant', 'plant container', 'plant saucer', 'plate', 'plum', 'portable speaker', 'potted meat can', 'power drill', 'pressure cooker', 'pudding box', 'puzzle game', 'racquetball', 'ramekin', 'remote control', 'rmal laminator', 'router', 'rubiks cube', 'salt shaker', 'sanitary pad', 'saucer', 'saute pan', 'scissors', 'set-top box', 'shoe', 'shoe box', 'shredder', 'sidewalk chalk', 'skillet', 'skillet lid', 'skin care product', 'skin moisturizer', 'snack cake', 'snack dispenser', 'soap dish', 'soap dispenser', 'softball', 'software cd', 'sorting toy', 'sparkling water', 'spatula', 'sponge', 'sponge dish', 'spoon', 'spoon rest', 'stacking cup', 'stand mixer', 'storage bin', 'strawberry', 'string light', 'stuffed toy', 'sugar box', 'sugar sprinkle', 'surface saver ring', 'sushi mat', 'table lamp', 'tablet', 'tablet holder', 'tablet stand', 'tampon', 'tea can pack', 'tea pod', 'teapot', 'tennis ball', 'toaster', 'tomato soup can', 'toothbrush holder', 'toothbrush pack', 'towel', 'toy airplane', 'toy animal', 'toy basketball', 'toy bowling set', 'toy construction set', 'toy fishing', 'toy food', 'toy furniture set', 'toy instrument', 'toy kitchen set', 'toy tool kit', 'toy vehicle', 'tray', 'tumbler', 'umbrella', 'usb drive', 'utensil holder', 'vase', 'video game', 'vinyl tape', 'virtual reality viewer', 'washcloth', 'waste basket', 'water bottle', 'weight loss guide', 'whale whistle', 'wipe warmer', 'wireless accessory', 'xylitol sweetener']"
counter,['cup']
court,['case']
cradle,"['handset', 'phone']"
cruet,['saltshaker']
cubicle,"['computer', 'toilet']"
cup,"['drink', 'pencil', 'tea', 'teaspoon']"
deck,['card']
delivery room,['cord']
den,"['bookcase', 'couch', 'desk', 'drawer', 'fireplace', 'ottoman']"
desk,"['calender', 'clipboard', 'coaster', 'copyholder', 'diary', 'drawer', 'envelope', 'foot', 'footstool', 'form', 'junk', 'lamp', 'laptop', 'light', 'lunch', 'monitor', 'mouse', 'mousepad', 'organiser', 'pad', 'paperclip', 'paperweight', 'rolodex', 'rug', 'ruler', 'scissors', 'shoe', 'stapler', 'telephone', 'thumbtack', 'varnish', 'wastebasket', 'wood', 'work']"
different room,['tv']
dimly lit room,['candle']
dining room,"['action figure', 'adjustable wrench', 'android figure', 'anti slip tape', 'antidepressant', 'apple', 'backpack', 'balancing cactu', 'banana', 'baseball', 'bath sheet', 'battery', 'beard color gel', 'beauty pack', 'bleach cleanser', 'blender jar', 'board game', 'book', 'bookend', 'bowl', 'box', 'bundt pan', 'butter dish', 'cake mix', 'cake pan', 'camera', 'can opener', 'candle holder', 'candy', 'candy bar', 'canister', 'card game', 'carrying case', 'casserole dish', 'cereal', 'chain', 'chocolate', 'chocolate box', 'chocolate milk pod', 'chocolate powder', 'chopping board', 'clamp', 'clay', 'clock', 'cloth', 'coffee bean', 'coffee pod', 'coffeemaker', 'colored wood block', 'condiment', 'cracker box', 'crayon', 'cube storage box', 'cup', 'cushion', 'desk caddy', 'diaper pack', 'dietary supplement', 'dish drainer', 'dishtowel', 'dispensing closure', 'dog bowl', 'dog chew toy', 'dollhouse toy', 'donut', 'drink coaster', 'duct tape', 'dumbbell', 'dumbbell rack', 'dustpan and brush', 'dutch oven', 'easter basket', 'electric heater', 'electric toothbrush', 'electronic adapter', 'electronic cable', 'face moisturizer', 'file sorter', 'fingerpaint', 'fireplace', 'fitness tracker wristband', 'flashlight', 'flat screwdriver', 'foam brick', 'folder', 'fondant', 'fork', 'fruit snack', 'gelatin box', 'glove', 'golf ball', 'graphics card', 'hair color', 'hair conditioner', 'hair dryer', 'hair straightener', 'hammer', 'hand bell', 'handbag', 'hard drive', 'hard drive case', 'hat', 'headphone', 'heavy duty glove', 'heavy master chef can', 'helmet', 'herring fillet', 'honey dipper', 'incontinence pad', 'ink cartridge', 'instant camera', 'invitation card', 'jar', 'jenga', 'jewelry box', 'keyboard', 'knife', 'knife block', 'labeling tape', 'lamp', 'lantern', 'laptop', 'laptop cover', 'laptop stand', 'large marker', 'laundry box', 'laxative', 'lego duplo', 'lemon', 'letter holder', 'light bulb', 'lime squeezer', 'lipstick', 'lunch bag', 'lunch box', 'magnifying glas', 'mascara', 'master chef can', 'measuring tape', 'medicine', 'milk fror', 'mini soccer ball', 'morboard', 'mouse', 'mouse pad', 'movie dvd', 'mug', 'multiport hub', 'mustard bottle', 'neck rest', 'nine hole peg test', 'nintendo switch', 'orange', 'padlock', 'paint bottle set', 'paint maker', 'pan', 'paper bag', 'parchment sheet', 'peach', 'pear', 'peg and hammer toy', 'pencil case', 'peppermint', 'pepsi can pack', 'pet food supplement', 'phillips screwdriver', 'phone armband case', 'phone stand', 'picture frame', 'pillow', 'pitcher base', 'plant', 'plant container', 'plant saucer', 'plate', 'plum', 'portable speaker', 'potted meat can', 'power drill', 'pressure cooker', 'pudding box', 'puzzle game', 'racquetball', 'ramekin', 'remote control', 'rmal laminator', 'router', 'rubiks cube', 'salt shaker', 'sanitary pad', 'saucer', 'saute pan', 'scissors', 'set-top box', 'shoe', 'shoe box', 'shredder', 'sideboard', 'sidewalk chalk', 'skillet', 'skillet lid', 'skin care product', 'skin moisturizer', 'snack cake', 'snack dispenser', 'soap dish', 'soap dispenser', 'softball', 'software cd', 'sorting toy', 'sparkling water', 'spatula', 'sponge', 'sponge dish', 'spoon', 'spoon rest', 'stacking cup', 'stand mixer', 'storage bin', 'strawberry', 'string light', 'stuffed toy', 'sugar box', 'sugar sprinkle', 'surface saver ring', 'sushi mat', 'table', 'table lamp', 'tablet', 'tablet holder', 'tablet stand', 'tampon', 'tea can pack', 'tea pod', 'teapot', 'tennis ball', 'toaster', 'tomato soup can', 'toothbrush holder', 'toothbrush pack', 'towel', 'toy airplane', 'toy animal', 'toy basketball', 'toy bowling set', 'toy construction set', 'toy fishing', 'toy food', 'toy furniture set', 'toy instrument', 'toy kitchen set', 'toy tool kit', 'toy vehicle', 'tray', 'tumbler', 'umbrella', 'usb drive', 'utensil holder', 'vase', 'video game', 'vinyl tape', 'virtual reality viewer', 'washcloth', 'waste basket', 'water bottle', 'weight loss guide', 'whale whistle', 'wipe warmer', 'wireless accessory', 'xylitol sweetener']"
dishwasher,"['cup', 'spoon']"
dormroom,['kitchenette']
drawer,"['blanket', 'bra', 'camera', 'candle', 'cap', 'cd', 'clothing', 'coaster', 'contraceptive', 'cosmetic', 'dishtowel', 'dresser', 'envelope', 'film', 'garter', 'glass', 'jean', 'junk', 'knife', 'ladle', 'lid', 'paper', 'pencil', 'pot', 'ruler', 'sachet', 'scarf', 'scissors', 'screwdriver', 'sheet', 'shirt', 'slip', 'spatula', 'sweater', 'tape', 'tool', 'top', 'toy', 'undershirt', 'underwear', 'utensil', 'video', 'voltmeter', 'whisk']"
dresser,"['drawer', 'shirt']"
dumpster,['garbage']
dungeon,['chain']
dwelling,"['bedroom', 'heater']"
engine,"['oil', 'rod']"
every bedroom,['tv']
every room,['tv']
exercise room,"['action figure', 'adjustable wrench', 'android figure', 'anti slip tape', 'antidepressant', 'apple', 'backpack', 'balancing cactu', 'banana', 'baseball', 'bath sheet', 'battery', 'beard color gel', 'beauty pack', 'bleach cleanser', 'blender jar', 'board game', 'book', 'bookend', 'bowl', 'box', 'bundt pan', 'butter dish', 'cake mix', 'cake pan', 'camera', 'can opener', 'candle holder', 'candy', 'candy bar', 'canister', 'card game', 'carrying case', 'casserole dish', 'cereal', 'chain', 'chocolate', 'chocolate box', 'chocolate milk pod', 'chocolate powder', 'chopping board', 'clamp', 'clay', 'clock', 'cloth', 'coffee bean', 'coffee pod', 'coffeemaker', 'colored wood block', 'condiment', 'cracker box', 'crayon', 'cube storage box', 'cup', 'cushion', 'desk caddy', 'diaper pack', 'dietary supplement', 'dish drainer', 'dishtowel', 'dispensing closure', 'dog bowl', 'dog chew toy', 'dollhouse toy', 'donut', 'drink coaster', 'duct tape', 'dumbbell', 'dumbbell rack', 'dustpan and brush', 'dutch oven', 'easter basket', 'electric heater', 'electric toothbrush', 'electronic adapter', 'electronic cable', 'face moisturizer', 'file sorter', 'fingerpaint', 'fitness tracker wristband', 'flashlight', 'flat screwdriver', 'foam brick', 'folder', 'fondant', 'fork', 'fruit snack', 'gelatin box', 'glove', 'golf ball', 'graphics card', 'hair color', 'hair conditioner', 'hair dryer', 'hair straightener', 'hammer', 'hand bell', 'handbag', 'hard drive', 'hard drive case', 'hat', 'headphone', 'heavy duty glove', 'heavy master chef can', 'helmet', 'herring fillet', 'honey dipper', 'incontinence pad', 'ink cartridge', 'instant camera', 'invitation card', 'jar', 'jenga', 'jewelry box', 'keyboard', 'knife', 'knife block', 'labeling tape', 'lamp', 'lantern', 'laptop', 'laptop cover', 'laptop stand', 'large marker', 'laundry box', 'laxative', 'lego duplo', 'lemon', 'letter holder', 'light bulb', 'lime squeezer', 'lipstick', 'lunch bag', 'lunch box', 'magnifying glas', 'mascara', 'master chef can', 'measuring tape', 'medicine', 'milk fror', 'mini soccer ball', 'morboard', 'mouse', 'mouse pad', 'movie dvd', 'mug', 'multiport hub', 'mustard bottle', 'neck rest', 'nine hole peg test', 'nintendo switch', 'orange', 'padlock', 'paint bottle set', 'paint maker', 'pan', 'paper bag', 'parchment sheet', 'peach', 'pear', 'peg and hammer toy', 'pencil case', 'peppermint', 'pepsi can pack', 'pet food supplement', 'phillips screwdriver', 'phone armband case', 'phone stand', 'picture frame', 'pillow', 'pitcher base', 'plant', 'plant container', 'plant saucer', 'plate', 'plum', 'portable speaker', 'potted meat can', 'power drill', 'pressure cooker', 'pudding box', 'puzzle game', 'racquetball', 'ramekin', 'remote control', 'rmal laminator', 'router', 'rubiks cube', 'salt shaker', 'sanitary pad', 'saucer', 'saute pan', 'scissors', 'set-top box', 'shoe', 'shoe box', 'shredder', 'sidewalk chalk', 'skillet', 'skillet lid', 'skin care product', 'skin moisturizer', 'snack cake', 'snack dispenser', 'soap dish', 'soap dispenser', 'softball', 'software cd', 'sorting toy', 'sparkling water', 'spatula', 'sponge', 'sponge dish', 'spoon', 'spoon rest', 'stacking cup', 'stand mixer', 'storage bin', 'strawberry', 'string light', 'stuffed toy', 'sugar box', 'sugar sprinkle', 'surface saver ring', 'sushi mat', 'table lamp', 'tablet', 'tablet holder', 'tablet stand', 'tampon', 'tea can pack', 'tea pod', 'teapot', 'tennis ball', 'toaster', 'tomato soup can', 'toothbrush holder', 'toothbrush pack', 'towel', 'toy airplane', 'toy animal', 'toy basketball', 'toy bowling set', 'toy construction set', 'toy fishing', 'toy food', 'toy furniture set', 'toy instrument', 'toy kitchen set', 'toy tool kit', 'toy vehicle', 'tray', 'tumbler', 'umbrella', 'usb drive', 'utensil holder', 'vase', 'video game', 'vinyl tape', 'virtual reality viewer', 'washcloth', 'waste basket', 'water bottle', 'weight loss guide', 'whale whistle', 'wipe warmer', 'wireless accessory', 'xylitol sweetener']"
family room,"['fireplace', 'footstool', 'tv']"
floor,"['clothing', 'foot', 'furniture', 'garbage', 'linoleum', 'mat', 'shoe', 'spider', 'table', 'toy']"
foyer,['chesterfield']
freezer,"['banana', 'cabbage', 'chicken', 'food', 'icecream', 'lasagna', 'milk', 'pea', 'pie', 'popsicle', 'shrimp', 'steak', 'yoghurt']"
fridge,"['bacon', 'beer', 'carrot', 'cereal', 'cheese', 'cola', 'cookies', 'doughnut', 'food', 'fruit', 'ham', 'juice', 'lemon', 'light', 'loaf', 'magnet', 'mail', 'milk', 'mold', 'pastry', 'pepsi', 'pie', 'sandwich', 'turkey', 'vegetable', 'waffle', 'yogurt']"
furniture,"['linoleum', 'pad']"
garage,"['action figure', 'adjustable wrench', 'android figure', 'anti slip tape', 'antidepressant', 'apple', 'backpack', 'balancing cactu', 'banana', 'baseball', 'bath sheet', 'battery', 'beard color gel', 'beauty pack', 'bleach cleanser', 'blender jar', 'board game', 'book', 'bookend', 'bowl', 'box', 'bundt pan', 'butter dish', 'cake mix', 'cake pan', 'camera', 'can opener', 'candle holder', 'candy', 'candy bar', 'canister', 'card game', 'carrying case', 'casserole dish', 'cereal', 'chain', 'chocolate', 'chocolate box', 'chocolate milk pod', 'chocolate powder', 'chopping board', 'clamp', 'clay', 'clock', 'cloth', 'coffee bean', 'coffee pod', 'coffeemaker', 'colored wood block', 'condiment', 'cracker box', 'crayon', 'cube storage box', 'cup', 'cushion', 'desk caddy', 'diaper pack', 'dietary supplement', 'dish drainer', 'dishtowel', 'dispensing closure', 'dog bowl', 'dog chew toy', 'dollhouse toy', 'donut', 'drink coaster', 'duct tape', 'dumbbell', 'dumbbell rack', 'dustpan and brush', 'dutch oven', 'easter basket', 'electric heater', 'electric toothbrush', 'electronic adapter', 'electronic cable', 'face moisturizer', 'file sorter', 'fingerpaint', 'fitness tracker wristband', 'flashlight', 'flat screwdriver', 'foam brick', 'folder', 'fondant', 'fork', 'fruit snack', 'gelatin box', 'glove', 'golf ball', 'graphics card', 'hair color', 'hair conditioner', 'hair dryer', 'hair straightener', 'hammer', 'hand bell', 'handbag', 'hard drive', 'hard drive case', 'hat', 'headphone', 'heavy duty glove', 'heavy master chef can', 'helmet', 'herring fillet', 'honey dipper', 'incontinence pad', 'ink cartridge', 'instant camera', 'invitation card', 'jar', 'jenga', 'jewelry box', 'keyboard', 'knife', 'knife block', 'labeling tape', 'lamp', 'lantern', 'laptop', 'laptop cover', 'laptop stand', 'large marker', 'laundry box', 'laxative', 'lego duplo', 'lemon', 'letter holder', 'light bulb', 'lime squeezer', 'lipstick', 'lunch bag', 'lunch box', 'magnifying glas', 'mascara', 'master chef can', 'measuring tape', 'medicine', 'milk fror', 'mini soccer ball', 'morboard', 'mouse', 'mouse pad', 'movie dvd', 'mug', 'multiport hub', 'mustard bottle', 'neck rest', 'nine hole peg test', 'nintendo switch', 'orange', 'padlock', 'paint bottle set', 'paint maker', 'pan', 'paper bag', 'parchment sheet', 'peach', 'pear', 'peg and hammer toy', 'pencil case', 'peppermint', 'pepsi can pack', 'pet food supplement', 'phillips screwdriver', 'phone armband case', 'phone stand', 'picture frame', 'pillow', 'pitcher base', 'plant', 'plant container', 'plant saucer', 'plate', 'plum', 'portable speaker', 'potted meat can', 'power drill', 'pressure cooker', 'pudding box', 'puzzle game', 'racquetball', 'ramekin', 'remote control', 'rmal laminator', 'router', 'rubiks cube', 'salt shaker', 'sanitary pad', 'saucer', 'saute pan', 'scissors', 'set-top box', 'shoe', 'shoe box', 'shredder', 'sidewalk chalk', 'skillet', 'skillet lid', 'skin care product', 'skin moisturizer', 'snack cake', 'snack dispenser', 'soap dish', 'soap dispenser', 'softball', 'software cd', 'sorting toy', 'sparkling water', 'spatula', 'sponge', 'sponge dish', 'spoon', 'spoon rest', 'stacking cup', 'stand mixer', 'storage bin', 'strawberry', 'string light', 'stuffed toy', 'sugar box', 'sugar sprinkle', 'surface saver ring', 'sushi mat', 'table lamp', 'tablet', 'tablet holder', 'tablet stand', 'tampon', 'tea can pack', 'tea pod', 'teapot', 'tennis ball', 'toaster', 'tomato soup can', 'toothbrush holder', 'toothbrush pack', 'towel', 'toy airplane', 'toy animal', 'toy basketball', 'toy bowling set', 'toy construction set', 'toy fishing', 'toy food', 'toy furniture set', 'toy instrument', 'toy kitchen set', 'toy tool kit', 'toy vehicle', 'tray', 'tumbler', 'umbrella', 'usb drive', 'utensil holder', 'vase', 'video game', 'vinyl tape', 'virtual reality viewer', 'washcloth', 'waste basket', 'water bottle', 'weight loss guide', 'whale whistle', 'wipe warmer', 'wireless accessory', 'xylitol sweetener']"
garbage,['mouse']
garden,"['basil', 'bug', 'gate', 'mailbox', 'mouse', 'rose', 'snail', 'spider', 'vegetable']"
grand ballroom,['balustrade']
guest room,['desk']
hall,['emperor']
hamper,['clothing']
handbag,['phone']
hatbox,['hat']
head,"['brain', 'cockpit', 'hat']"
hive,['comb']
home,"['appliance', 'attic', 'beer', 'comfort', 'dresser', 'food', 'foyer', 'furnace', 'garage', 'glass', 'gun', 'hat', 'heater', 'kitchen', 'mouse', 'oven', 'photograph', 'pie', 'pillow', 'refrigerator', 'residence', 'salt', 'shoe', 'sideboard', 'sink', 'slipper', 'sofa', 'wheelchair']"
home office,"['action figure', 'adjustable wrench', 'android figure', 'anti slip tape', 'antidepressant', 'apple', 'backpack', 'balancing cactu', 'banana', 'baseball', 'bath sheet', 'battery', 'beard color gel', 'beauty pack', 'bleach cleanser', 'blender jar', 'board game', 'book', 'bookend', 'bowl', 'box', 'bundt pan', 'butter dish', 'cake mix', 'cake pan', 'camera', 'can opener', 'candle holder', 'candy', 'candy bar', 'canister', 'card game', 'carrying case', 'casserole dish', 'cereal', 'chain', 'chocolate', 'chocolate box', 'chocolate milk pod', 'chocolate powder', 'chopping board', 'clamp', 'clay', 'clock', 'cloth', 'coffee bean', 'coffee pod', 'coffeemaker', 'colored wood block', 'condiment', 'cracker box', 'crayon', 'cube storage box', 'cup', 'cushion', 'desk caddy', 'diaper pack', 'dietary supplement', 'dish drainer', 'dishtowel', 'dispensing closure', 'dog bowl', 'dog chew toy', 'dollhouse toy', 'donut', 'drink coaster', 'duct tape', 'dumbbell', 'dumbbell rack', 'dustpan and brush', 'dutch oven', 'easter basket', 'electric heater', 'electric toothbrush', 'electronic adapter', 'electronic cable', 'face moisturizer', 'file sorter', 'fingerpaint', 'fitness tracker wristband', 'flashlight', 'flat screwdriver', 'foam brick', 'folder', 'fondant', 'fork', 'fruit snack', 'gelatin box', 'glove', 'golf ball', 'graphics card', 'hair color', 'hair conditioner', 'hair dryer', 'hair straightener', 'hammer', 'hand bell', 'handbag', 'hard drive', 'hard drive case', 'hat', 'headphone', 'heavy duty glove', 'heavy master chef can', 'helmet', 'herring fillet', 'honey dipper', 'incontinence pad', 'ink cartridge', 'instant camera', 'invitation card', 'jar', 'jenga', 'jewelry box', 'keyboard', 'knife', 'knife block', 'labeling tape', 'lamp', 'lantern', 'laptop', 'laptop cover', 'laptop stand', 'large marker', 'laundry box', 'laxative', 'lego duplo', 'lemon', 'letter holder', 'light bulb', 'lime squeezer', 'lipstick', 'lunch bag', 'lunch box', 'magnifying glas', 'mascara', 'master chef can', 'measuring tape', 'medicine', 'milk fror', 'mini soccer ball', 'morboard', 'mouse', 'mouse pad', 'movie dvd', 'mug', 'multiport hub', 'mustard bottle', 'neck rest', 'nine hole peg test', 'nintendo switch', 'orange', 'padlock', 'paint bottle set', 'paint maker', 'pan', 'paper bag', 'parchment sheet', 'peach', 'pear', 'peg and hammer toy', 'pencil case', 'peppermint', 'pepsi can pack', 'pet food supplement', 'phillips screwdriver', 'phone armband case', 'phone stand', 'picture frame', 'pillow', 'pitcher base', 'plant', 'plant container', 'plant saucer', 'plate', 'plum', 'portable speaker', 'potted meat can', 'power drill', 'pressure cooker', 'pudding box', 'puzzle game', 'racquetball', 'ramekin', 'remote control', 'rmal laminator', 'router', 'rubiks cube', 'salt shaker', 'sanitary pad', 'saucer', 'saute pan', 'scissors', 'set-top box', 'shoe', 'shoe box', 'shredder', 'sidewalk chalk', 'skillet', 'skillet lid', 'skin care product', 'skin moisturizer', 'snack cake', 'snack dispenser', 'soap dish', 'soap dispenser', 'softball', 'software cd', 'sorting toy', 'sparkling water', 'spatula', 'sponge', 'sponge dish', 'spoon', 'spoon rest', 'stacking cup', 'stand mixer', 'storage bin', 'strawberry', 'string light', 'stuffed toy', 'sugar box', 'sugar sprinkle', 'surface saver ring', 'sushi mat', 'table lamp', 'tablet', 'tablet holder', 'tablet stand', 'tampon', 'tea can pack', 'tea pod', 'teapot', 'tennis ball', 'toaster', 'tomato soup can', 'toothbrush holder', 'toothbrush pack', 'towel', 'toy airplane', 'toy animal', 'toy basketball', 'toy bowling set', 'toy construction set', 'toy fishing', 'toy food', 'toy furniture set', 'toy instrument', 'toy kitchen set', 'toy tool kit', 'toy vehicle', 'tray', 'tumbler', 'umbrella', 'usb drive', 'utensil holder', 'vase', 'video game', 'vinyl tape', 'virtual reality viewer', 'washcloth', 'waste basket', 'water bottle', 'weight loss guide', 'whale whistle', 'wipe warmer', 'wireless accessory', 'xylitol sweetener']"
hospital drug storeroom,['refrigerator']
hotel room,"['bed', 'gun', 'kitchenette']"
house,"['appliance', 'armoire', 'ashtray', 'bat', 'beanbag', 'bed', 'bedroom', 'bookcase', 'candy', 'carpeting', 'closet', 'clothing', 'computer', 'cookies', 'couch', 'dresser', 'duct', 'food', 'foyer', 'furnace', 'furniture', 'garage', 'gun', 'hardware', 'heater', 'jar', 'jean', 'john', 'kitchenette', 'lamp', 'linoleum', 'mail', 'mat', 'mirror', 'mouse', 'museum', 'pliers', 'plumbing', 'refrigerator', 'router', 'scissors', 'shelf', 'shoe', 'sink', 'sofa', 'spa', 'spider', 'stove', 'table', 'television', 'thing', 'toilet', 'toy', 'tv', 'vent', 'wardrobe']"
icebox,['plum']
independant room,['toilet']
ir room,['camper']
jacket,['fur']
jar,"['applesauce', 'beet', 'bolt', 'candy', 'compote', 'conserve', 'cookies', 'food', 'frosting', 'fruit', 'herring', 'honey', 'jam', 'mayo', 'mayonnaise', 'moonshine', 'nail', 'ointment', 'olive', 'pesto', 'piccalilli', 'pill', 'pineapple', 'preserve', 'soup', 'sugar', 'toffee', 'washer', 'whisky']"
keg,['beer']
kitchen,"['action figure', 'adjustable wrench', 'aluminumfoil', 'android figure', 'anti slip tape', 'antidepressant', 'apple', 'backpack', 'balancing cactu', 'banana', 'baseball', 'bath sheet', 'battery', 'beard color gel', 'beauty pack', 'bleach cleanser', 'blender', 'blender jar', 'blind', 'board game', 'book', 'bookend', 'bottle', 'bowl', 'box', 'bread', 'bundt pan', 'butter dish', 'butterknife', 'cabinet', 'cake mix', 'cake pan', 'camera', 'can opener', 'candle', 'candle holder', 'candy', 'candy bar', 'canister', 'card game', 'carrying case', 'casserole dish', 'cellphone', 'cereal', 'chain', 'chair', 'chocolate', 'chocolate box', 'chocolate milk pod', 'chocolate powder', 'chopping board', 'cinnamon', 'clamp', 'clay', 'clock', 'cloth', 'coffee bean', 'coffee pod', 'coffeemachine', 'coffeemaker', 'colored wood block', 'condiment', 'cooler', 'countertop', 'cracker box', 'crate', 'crayon', 'creditcard', 'cube storage box', 'cup', 'curtain', 'cushion', 'desk caddy', 'diaper pack', 'dietary supplement', 'diningtable', 'dish', 'dish drainer', 'dishsponge', 'dishtowel', 'dishwasher', 'dispensing closure', 'dog bowl', 'dog chew toy', 'dollhouse toy', 'donut', 'drawer', 'drink coaster', 'duct tape', 'dumbbell', 'dumbbell rack', 'dustbin', 'dustpan and brush', 'dutch oven', 'easter basket', 'egg', 'electric heater', 'electric toothbrush', 'electronic adapter', 'electronic cable', 'face moisturizer', 'faucet', 'file sorter', 'fingerpaint', 'fire', 'fitness tracker wristband', 'flashlight', 'flat screwdriver', 'floor', 'foam brick', 'folder', 'fondant', 'food', 'fork', 'freezer', 'fridge', 'fruit snack', 'garbagebag', 'garbagecan', 'garlic', 'gelatin box', 'glove', 'golf ball', 'graphics card', 'guard', 'hair color', 'hair conditioner', 'hair dryer', 'hair straightener', 'hammer', 'hand bell', 'handbag', 'hard drive', 'hard drive case', 'hat', 'headphone', 'heavy duty glove', 'heavy master chef can', 'helmet', 'herring fillet', 'honey dipper', 'houseplant', 'incontinence pad', 'ingredient', 'ink cartridge', 'instant camera', 'invitation card', 'jar', 'jenga', 'jewelry box', 'kettle', 'keyboard', 'knife', 'knife block', 'labeling tape', 'ladle', 'lamp', 'lantern', 'laptop', 'laptop cover', 'laptop stand', 'large marker', 'laundry', 'laundry box', 'laxative', 'lego duplo', 'lemon', 'letter holder', 'lettuce', 'light bulb', 'lightswitch', 'lime squeezer', 'linoleum', 'lipstick', 'lunch bag', 'lunch box', 'magnifying glas', 'mascara', 'master chef can', 'measuring tape', 'medicine', 'microwave', 'milk', 'milk fror', 'mini soccer ball', 'mirror', 'morboard', 'mouse', 'mouse pad', 'movie dvd', 'mug', 'multiport hub', 'mustard bottle', 'neck rest', 'nine hole peg test', 'nintendo switch', 'oil', 'orange', 'oven', 'padlock', 'paint bottle set', 'paint maker', 'pan', 'pantry', 'paper bag', 'papertowelroll', 'parchment sheet', 'peach', 'pear', 'peg and hammer toy', 'pen', 'pencil', 'pencil case', 'peppermint', 'peppershaker', 'pepsi can pack', 'pet food supplement', 'phillips screwdriver', 'phone armband case', 'phone stand', 'picture frame', 'pie', 'pillow', 'pitcher base', 'plant', 'plant container', 'plant saucer', 'plate', 'plum', 'plumbing', 'portable speaker', 'pot', 'potato', 'potted meat can', 'pottery', 'power drill', 'pressure cooker', 'pudding box', 'puzzle game', 'racquetball', 'radio', 'ramekin', 'refrigerator', 'remote control', 'rmal laminator', 'router', 'rubiks cube', 'safe', 'salt shaker', 'saltshaker', 'sanitary pad', 'saucepan', 'saucer', 'saute pan', 'scissors', 'set-top box', 'shelf', 'shelvingunit', 'shoe', 'shoe box', 'shredder', 'sideboard', 'sidetable', 'sidewalk chalk', 'sink', 'sinkbasin', 'skillet', 'skillet lid', 'skin care product', 'skin moisturizer', 'snack cake', 'snack dispenser', 'soap dish', 'soap dispenser', 'soapbottle', 'softball', 'software cd', 'sorting toy', 'sparkling water', 'spatula', 'sponge', 'sponge dish', 'spoon', 'spoon rest', 'spraybottle', 'stacking cup', 'stand mixer', 'statue', 'stool', 'storage bin', 'stoveburner', 'stoveknob', 'strawberry', 'string light', 'stuffed toy', 'sugar', 'sugar box', 'sugar sprinkle', 'surface saver ring', 'sushi mat', 'table', 'table lamp', 'tablet', 'tablet holder', 'tablet stand', 'tampon', 'tea can pack', 'tea pod', 'teapot', 'tennis ball', 'tile', 'toaster', 'tomato', 'tomato soup can', 'toothbrush holder', 'toothbrush pack', 'towel', 'toy airplane', 'toy animal', 'toy basketball', 'toy bowling set', 'toy construction set', 'toy fishing', 'toy food', 'toy furniture set', 'toy instrument', 'toy kitchen set', 'toy tool kit', 'toy vehicle', 'tray', 'tub', 'tumbler', 'tv', 'umbrella', 'usb drive', 'utensil holder', 'vase', 'video game', 'vinyl tape', 'virtual reality viewer', 'washcloth', 'waste basket', 'water bottle', 'weight loss guide', 'whale whistle', 'window', 'wine glas', 'winebottle', 'wipe warmer', 'wireless accessory', 'xylitol sweetener']"
kitchen or bathroom,['sink']
lamp,"['bulb', 'oil']"
larder,['mouse']
laundry room,['sink']
library,"['bookend', 'bookshelf', 'computer', 'desk', 'dictionary', 'door', 'journal', 'magazine', 'photocopier', 'reader', 'reference', 'restroom', 'router', 'table', 'volume']"
livin room,['armchair']
living room,"['action figure', 'adjustable wrench', 'android figure', 'anti slip tape', 'antidepressant', 'apple', 'armchair', 'armoire', 'backpack', 'balancing cactu', 'banana', 'baseball', 'bath sheet', 'battery', 'beard color gel', 'beauty pack', 'bleach cleanser', 'blender jar', 'blind', 'board game', 'book', 'bookend', 'boot', 'bowl', 'box', 'bundt pan', 'butter dish', 'cabinet', 'cake mix', 'cake pan', 'camera', 'can opener', 'candle', 'candle holder', 'candy', 'candy bar', 'canister', 'card game', 'carrying case', 'casserole dish', 'cellphone', 'cereal', 'chain', 'chair', 'chesterfield', 'chocolate', 'chocolate box', 'chocolate milk pod', 'chocolate powder', 'chopping board', 'clamp', 'clay', 'clock', 'cloth', 'coffee bean', 'coffee pod', 'coffeemaker', 'coffeetable', 'colored wood block', 'condiment', 'cracker box', 'crate', 'crayon', 'creditcard', 'cube storage box', 'cup', 'curtain', 'cushion', 'desk', 'desk caddy', 'desklamp', 'diaper pack', 'dietary supplement', 'diningtable', 'dish drainer', 'dishtowel', 'dispensing closure', 'dog bowl', 'dog chew toy', 'dogbed', 'dollhouse toy', 'donut', 'drawer', 'dresser', 'drink coaster', 'duct tape', 'dumbbell', 'dumbbell rack', 'dustpan and brush', 'dutch oven', 'duvet', 'easter basket', 'electric heater', 'electric toothbrush', 'electronic adapter', 'electronic cable', 'face moisturizer', 'file sorter', 'fingerpaint', 'fireplace', 'fitness tracker wristband', 'flashlight', 'flat screwdriver', 'floor', 'floorlamp', 'foam brick', 'folder', 'fondant', 'footstool', 'fork', 'fruit snack', 'garbagecan', 'gelatin box', 'glove', 'golf ball', 'graphics card', 'hair color', 'hair conditioner', 'hair dryer', 'hair straightener', 'hammer', 'hand bell', 'handbag', 'hard drive', 'hard drive case', 'hat', 'headphone', 'heavy duty glove', 'heavy master chef can', 'helmet', 'herring fillet', 'honey dipper', 'houseplant', 'incontinence pad', 'ink cartridge', 'instant camera', 'invitation card', 'jar', 'jenga', 'jewelry box', 'keyboard', 'keychain', 'knife', 'knife block', 'labeling tape', 'lamp', 'lantern', 'laptop', 'laptop cover', 'laptop stand', 'large marker', 'laundry box', 'laxative', 'lego duplo', 'lemon', 'letter holder', 'light bulb', 'lightswitch', 'lime squeezer', 'lipstick', 'lunch bag', 'lunch box', 'magnifying glas', 'mascara', 'master chef can', 'mat', 'measuring tape', 'medicine', 'milk fror', 'mini soccer ball', 'mirror', 'morboard', 'mouse', 'mouse pad', 'movie dvd', 'mug', 'multiport hub', 'mustard bottle', 'neck rest', 'newspaper', 'nine hole peg test', 'nintendo switch', 'orange', 'ottoman', 'padlock', 'paint bottle set', 'paint maker', 'painting', 'pan', 'paper bag', 'parchment sheet', 'peach', 'pear', 'peg and hammer toy', 'pen', 'pencil', 'pencil case', 'peppermint', 'pepsi can pack', 'pet food supplement', 'phillips screwdriver', 'phone armband case', 'phone stand', 'picture frame', 'pillow', 'pitcher base', 'plant', 'plant container', 'plant saucer', 'plate', 'plum', 'portable speaker', 'potted meat can', 'power drill', 'pressure cooker', 'pudding box', 'puzzle game', 'racquetball', 'ramekin', 'remote control', 'remotecontrol', 'rmal laminator', 'roomdecor', 'router', 'rubiks cube', 'rug', 'safe', 'salt shaker', 'sanitary pad', 'saucer', 'saute pan', 'scissors', 'set-top box', 'shelf', 'shelvingunit', 'shoe', 'shoe box', 'shredder', 'sidetable', 'sidewalk chalk', 'skillet', 'skillet lid', 'skin care product', 'skin moisturizer', 'snack cake', 'snack dispenser', 'soap dish', 'soap dispenser', 'sofa', 'softball', 'software cd', 'sorting toy', 'sparkling water', 'spatula', 'sponge', 'sponge dish', 'spoon', 'spoon rest', 'stacking cup', 'stand mixer', 'statue', 'stool', 'storage bin', 'stove', 'strawberry', 'string light', 'stuffed toy', 'sugar box', 'sugar sprinkle', 'surface saver ring', 'sushi mat', 'table', 'table lamp', 'tablet', 'tablet holder', 'tablet stand', 'tampon', 'tank', 'tea can pack', 'tea pod', 'teapot', 'television', 'tennis ball', 'tissuebox', 'toaster', 'tomato soup can', 'toothbrush holder', 'toothbrush pack', 'towel', 'toy', 'toy airplane', 'toy animal', 'toy basketball', 'toy bowling set', 'toy construction set', 'toy fishing', 'toy food', 'toy furniture set', 'toy instrument', 'toy kitchen set', 'toy tool kit', 'toy vehicle', 'tray', 'tumbler', 'tv', 'tvstand', 'umbrella', 'usb drive', 'utensil holder', 'vase', 'video game', 'vinyl tape', 'virtual reality viewer', 'washcloth', 'waste basket', 'watch', 'water bottle', 'wateringcan', 'weight loss guide', 'whale whistle', 'window', 'wipe warmer', 'wireless accessory', 'xylitol sweetener']"
livingroom,"['couch', 'sofa', 'table', 'tv']"
lobby,"['action figure', 'adjustable wrench', 'android figure', 'anti slip tape', 'antidepressant', 'apple', 'backpack', 'balancing cactu', 'banana', 'bar', 'baseball', 'bath sheet', 'battery', 'beard color gel', 'beauty pack', 'bleach cleanser', 'blender jar', 'board game', 'book', 'bookend', 'bowl', 'box', 'bundt pan', 'butter dish', 'cake mix', 'cake pan', 'camera', 'can opener', 'candle holder', 'candy', 'candy bar', 'canister', 'card game', 'carrying case', 'casserole dish', 'cereal', 'chain', 'chocolate', 'chocolate box', 'chocolate milk pod', 'chocolate powder', 'chopping board', 'clamp', 'clay', 'clock', 'cloth', 'coffee bean', 'coffee pod', 'coffeemaker', 'colored wood block', 'condiment', 'cracker box', 'crayon', 'cube storage box', 'cup', 'cushion', 'desk caddy', 'diaper pack', 'dietary supplement', 'dish drainer', 'dishtowel', 'dispensing closure', 'dog bowl', 'dog chew toy', 'dollhouse toy', 'donut', 'drink coaster', 'duct tape', 'dumbbell', 'dumbbell rack', 'dustpan and brush', 'dutch oven', 'easter basket', 'electric heater', 'electric toothbrush', 'electronic adapter', 'electronic cable', 'face moisturizer', 'file sorter', 'fingerpaint', 'fitness tracker wristband', 'flashlight', 'flat screwdriver', 'foam brick', 'folder', 'fondant', 'fork', 'fruit snack', 'gelatin box', 'glove', 'golf ball', 'graphics card', 'hair color', 'hair conditioner', 'hair dryer', 'hair straightener', 'hammer', 'hand bell', 'handbag', 'hard drive', 'hard drive case', 'hat', 'headphone', 'heavy duty glove', 'heavy master chef can', 'helmet', 'herring fillet', 'honey dipper', 'incontinence pad', 'ink cartridge', 'instant camera', 'invitation card', 'jar', 'jenga', 'jewelry box', 'keyboard', 'knife', 'knife block', 'labeling tape', 'lamp', 'lantern', 'laptop', 'laptop cover', 'laptop stand', 'large marker', 'laundry box', 'laxative', 'lego duplo', 'lemon', 'letter holder', 'light bulb', 'lime squeezer', 'lipstick', 'lunch bag', 'lunch box', 'magnifying glas', 'mascara', 'master chef can', 'measuring tape', 'medicine', 'milk fror', 'mini soccer ball', 'morboard', 'mouse', 'mouse pad', 'movie dvd', 'mug', 'multiport hub', 'mustard bottle', 'neck rest', 'nine hole peg test', 'nintendo switch', 'orange', 'padlock', 'paint bottle set', 'paint maker', 'pan', 'paper bag', 'parchment sheet', 'peach', 'pear', 'peg and hammer toy', 'pencil case', 'peppermint', 'pepsi can pack', 'pet food supplement', 'phillips screwdriver', 'phone armband case', 'phone stand', 'picture frame', 'pillow', 'pitcher base', 'plant', 'plant container', 'plant saucer', 'plate', 'plum', 'portable speaker', 'potted meat can', 'power drill', 'pressure cooker', 'pudding box', 'puzzle game', 'racquetball', 'ramekin', 'remote control', 'rmal laminator', 'router', 'rubiks cube', 'salt shaker', 'sanitary pad', 'saucer', 'saute pan', 'scissors', 'set-top box', 'shoe', 'shoe box', 'shredder', 'sidewalk chalk', 'skillet', 'skillet lid', 'skin care product', 'skin moisturizer', 'snack cake', 'snack dispenser', 'soap dish', 'soap dispenser', 'softball', 'software cd', 'sorting toy', 'sparkling water', 'spatula', 'sponge', 'sponge dish', 'spoon', 'spoon rest', 'stacking cup', 'stand mixer', 'storage bin', 'strawberry', 'string light', 'stuffed toy', 'sugar box', 'sugar sprinkle', 'surface saver ring', 'sushi mat', 'table lamp', 'tablet', 'tablet holder', 'tablet stand', 'tampon', 'tea can pack', 'tea pod', 'teapot', 'tennis ball', 'toaster', 'tomato soup can', 'toothbrush holder', 'toothbrush pack', 'towel', 'toy airplane', 'toy animal', 'toy basketball', 'toy bowling set', 'toy construction set', 'toy fishing', 'toy food', 'toy furniture set', 'toy instrument', 'toy kitchen set', 'toy tool kit', 'toy vehicle', 'tray', 'tumbler', 'umbrella', 'usb drive', 'utensil holder', 'vase', 'video game', 'vinyl tape', 'virtual reality viewer', 'washcloth', 'waste basket', 'water bottle', 'weight loss guide', 'whale whistle', 'wipe warmer', 'wireless accessory', 'xylitol sweetener']"
locker,"['storage', 'textbook']"
loft,"['antique', 'bed', 'bedroom', 'bug', 'couch', 'furniture', 'lame', 'mouse', 'table']"
lounge,"['armchair', 'tv']"
loungeroom,['footstool']
machine,"['coil', 'shear']"
mailbox,['magazine']
mansion,"['foyer', 'wardrobe']"
master bedroom,['fireplace']
men's restroom,['urinal']
microwave,['potato']
middle of  room,['desk']
most room,['tv']
motel room,['toilet']
motorbike,['chain']
music room,['violin']
nest,['egg']
numerous modern washroom,['countertop']
one of  classroom,['collage']
one room flat,['kitchenette']
orchestra,"['drum', 'viola', 'violin']"
oven,"['apple', 'bacon', 'bar', 'biscuit', 'bread', 'broccoli', 'broiler', 'burner', 'carrot', 'cauliflower', 'chicken', 'chickpea', 'cookie', 'cookies', 'cupcake', 'dinner', 'duck', 'eggplant', 'food', 'goose', 'lamb', 'loaf', 'marshmallow', 'meatloaf', 'meringue', 'muffin', 'pastry', 'peach', 'pepper', 'pie', 'pizza', 'pork', 'potato', 'prawn', 'pretzel', 'pudding', 'rack', 'roast', 'rotisserie', 'salmon', 'scone', 'shrimp', 'squash', 'steak', 'supper', 'tenderloin', 'tofu', 'tomato', 'tortilla', 'turkey', 'vegetable', 'yam', 'yogurt']"
package,"['condom', 'notebook']"
packet,['hardware']
palace,['emperor']
pan,"['batter', 'potato', 'spinach', 'vegetable']"
pantry,"['bread', 'cereal', 'condiment', 'cracker', 'dish', 'food', 'fruit', 'jar', 'memory', 'mouse', 'pouch', 'rice', 'spice']"
pantry room,"['action figure', 'adjustable wrench', 'android figure', 'anti slip tape', 'antidepressant', 'apple', 'backpack', 'balancing cactu', 'banana', 'baseball', 'bath sheet', 'battery', 'beard color gel', 'beauty pack', 'bleach cleanser', 'blender jar', 'board game', 'book', 'bookend', 'bowl', 'box', 'bundt pan', 'butter dish', 'cake mix', 'cake pan', 'camera', 'can opener', 'candle holder', 'candy', 'candy bar', 'canister', 'card game', 'carrying case', 'casserole dish', 'cereal', 'chain', 'chocolate', 'chocolate box', 'chocolate milk pod', 'chocolate powder', 'chopping board', 'clamp', 'clay', 'clock', 'cloth', 'coffee bean', 'coffee pod', 'coffeemaker', 'colored wood block', 'condiment', 'cracker box', 'crayon', 'cube storage box', 'cup', 'cushion', 'desk caddy', 'diaper pack', 'dietary supplement', 'dish drainer', 'dishtowel', 'dispensing closure', 'dog bowl', 'dog chew toy', 'dollhouse toy', 'donut', 'drink coaster', 'duct tape', 'dumbbell', 'dumbbell rack', 'dustpan and brush', 'dutch oven', 'easter basket', 'electric heater', 'electric toothbrush', 'electronic adapter', 'electronic cable', 'face moisturizer', 'file sorter', 'fingerpaint', 'fitness tracker wristband', 'flashlight', 'flat screwdriver', 'foam brick', 'folder', 'fondant', 'fork', 'fruit snack', 'gelatin box', 'glove', 'golf ball', 'graphics card', 'hair color', 'hair conditioner', 'hair dryer', 'hair straightener', 'hammer', 'hand bell', 'handbag', 'hard drive', 'hard drive case', 'hat', 'headphone', 'heavy duty glove', 'heavy master chef can', 'helmet', 'herring fillet', 'honey dipper', 'incontinence pad', 'ink cartridge', 'instant camera', 'invitation card', 'jar', 'jenga', 'jewelry box', 'keyboard', 'knife', 'knife block', 'labeling tape', 'lamp', 'lantern', 'laptop', 'laptop cover', 'laptop stand', 'large marker', 'laundry box', 'laxative', 'lego duplo', 'lemon', 'letter holder', 'light bulb', 'lime squeezer', 'lipstick', 'lunch bag', 'lunch box', 'magnifying glas', 'mascara', 'master chef can', 'measuring tape', 'medicine', 'milk fror', 'mini soccer ball', 'morboard', 'mouse', 'mouse pad', 'movie dvd', 'mug', 'multiport hub', 'mustard bottle', 'neck rest', 'nine hole peg test', 'nintendo switch', 'orange', 'padlock', 'paint bottle set', 'paint maker', 'pan', 'paper bag', 'parchment sheet', 'peach', 'pear', 'peg and hammer toy', 'pencil case', 'peppermint', 'pepsi can pack', 'pet food supplement', 'phillips screwdriver', 'phone armband case', 'phone stand', 'picture frame', 'pillow', 'pitcher base', 'plant', 'plant container', 'plant saucer', 'plate', 'plum', 'portable speaker', 'potted meat can', 'power drill', 'pressure cooker', 'pudding box', 'puzzle game', 'racquetball', 'ramekin', 'remote control', 'rmal laminator', 'router', 'rubiks cube', 'salt shaker', 'sanitary pad', 'saucer', 'saute pan', 'scissors', 'set-top box', 'shoe', 'shoe box', 'shredder', 'sidewalk chalk', 'skillet', 'skillet lid', 'skin care product', 'skin moisturizer', 'snack cake', 'snack dispenser', 'soap dish', 'soap dispenser', 'softball', 'software cd', 'sorting toy', 'sparkling water', 'spatula', 'sponge', 'sponge dish', 'spoon', 'spoon rest', 'stacking cup', 'stand mixer', 'storage bin', 'strawberry', 'string light', 'stuffed toy', 'sugar box', 'sugar sprinkle', 'surface saver ring', 'sushi mat', 'table lamp', 'tablet', 'tablet holder', 'tablet stand', 'tampon', 'tea can pack', 'tea pod', 'teapot', 'tennis ball', 'toaster', 'tomato soup can', 'toothbrush holder', 'toothbrush pack', 'towel', 'toy airplane', 'toy animal', 'toy basketball', 'toy bowling set', 'toy construction set', 'toy fishing', 'toy food', 'toy furniture set', 'toy instrument', 'toy kitchen set', 'toy tool kit', 'toy vehicle', 'tray', 'tumbler', 'umbrella', 'usb drive', 'utensil holder', 'vase', 'video game', 'vinyl tape', 'virtual reality viewer', 'washcloth', 'waste basket', 'water bottle', 'weight loss guide', 'whale whistle', 'wipe warmer', 'wireless accessory', 'xylitol sweetener']"
parlor,['ottoman']
person's living room,['sofa']
pitcher,['mule']
place,['rug']
plate,"['cabbage', 'cheese', 'cookies', 'design', 'edible', 'engraving', 'food', 'fruit', 'lasagna', 'parsley', 'pea', 'pie', 'sandwich', 'sauce', 'shrimp', 'steak', 'sushi']"
playroom,"['action figure', 'adjustable wrench', 'android figure', 'anti slip tape', 'antidepressant', 'apple', 'backpack', 'balancing cactu', 'ball', 'banana', 'baseball', 'bath sheet', 'battery', 'beard color gel', 'beauty pack', 'bleach cleanser', 'blender jar', 'board game', 'book', 'bookend', 'bowl', 'box', 'bundt pan', 'butter dish', 'cake mix', 'cake pan', 'camera', 'can opener', 'candle holder', 'candy', 'candy bar', 'canister', 'card game', 'carrying case', 'casserole dish', 'cereal', 'chain', 'chocolate', 'chocolate box', 'chocolate milk pod', 'chocolate powder', 'chopping board', 'clamp', 'clay', 'clock', 'cloth', 'coffee bean', 'coffee pod', 'coffeemaker', 'colored wood block', 'condiment', 'cracker box', 'crayon', 'cube storage box', 'cup', 'cushion', 'desk caddy', 'diaper pack', 'dietary supplement', 'dish drainer', 'dishtowel', 'dispensing closure', 'dog bowl', 'dog chew toy', 'dollhouse toy', 'donut', 'drink coaster', 'duct tape', 'dumbbell', 'dumbbell rack', 'dustpan and brush', 'dutch oven', 'easter basket', 'electric heater', 'electric toothbrush', 'electronic adapter', 'electronic cable', 'face moisturizer', 'file sorter', 'fingerpaint', 'fitness tracker wristband', 'flashlight', 'flat screwdriver', 'foam brick', 'folder', 'fondant', 'fork', 'fruit snack', 'gelatin box', 'glove', 'golf ball', 'graphics card', 'hair color', 'hair conditioner', 'hair dryer', 'hair straightener', 'hammer', 'hand bell', 'handbag', 'hard drive', 'hard drive case', 'hat', 'headphone', 'heavy duty glove', 'heavy master chef can', 'helmet', 'herring fillet', 'honey dipper', 'incontinence pad', 'ink cartridge', 'instant camera', 'invitation card', 'jar', 'jenga', 'jewelry box', 'keyboard', 'knife', 'knife block', 'labeling tape', 'lamp', 'lantern', 'laptop', 'laptop cover', 'laptop stand', 'large marker', 'laundry box', 'laxative', 'lego duplo', 'lemon', 'letter holder', 'light bulb', 'lime squeezer', 'lipstick', 'lunch bag', 'lunch box', 'magnifying glas', 'mascara', 'master chef can', 'measuring tape', 'medicine', 'milk fror', 'mini soccer ball', 'morboard', 'mouse', 'mouse pad', 'movie dvd', 'mug', 'multiport hub', 'mustard bottle', 'neck rest', 'nine hole peg test', 'nintendo switch', 'orange', 'padlock', 'paint bottle set', 'paint maker', 'pan', 'paper bag', 'parchment sheet', 'peach', 'pear', 'peg and hammer toy', 'pencil case', 'peppermint', 'pepsi can pack', 'pet food supplement', 'phillips screwdriver', 'phone armband case', 'phone stand', 'picture frame', 'pillow', 'pitcher base', 'plant', 'plant container', 'plant saucer', 'plate', 'plum', 'portable speaker', 'potted meat can', 'power drill', 'pressure cooker', 'pudding box', 'puzzle game', 'racquetball', 'ramekin', 'remote control', 'rmal laminator', 'router', 'rubiks cube', 'salt shaker', 'sanitary pad', 'saucer', 'saute pan', 'scissors', 'set-top box', 'shoe', 'shoe box', 'shredder', 'sidewalk chalk', 'skillet', 'skillet lid', 'skin care product', 'skin moisturizer', 'snack cake', 'snack dispenser', 'soap dish', 'soap dispenser', 'softball', 'software cd', 'sorting toy', 'sparkling water', 'spatula', 'sponge', 'sponge dish', 'spoon', 'spoon rest', 'stacking cup', 'stand mixer', 'storage bin', 'strawberry', 'string light', 'stuffed toy', 'sugar box', 'sugar sprinkle', 'surface saver ring', 'sushi mat', 'table lamp', 'tablet', 'tablet holder', 'tablet stand', 'tampon', 'tea can pack', 'tea pod', 'teapot', 'tennis ball', 'toaster', 'tomato soup can', 'toothbrush holder', 'toothbrush pack', 'towel', 'toy airplane', 'toy animal', 'toy basketball', 'toy bowling set', 'toy construction set', 'toy fishing', 'toy food', 'toy furniture set', 'toy instrument', 'toy kitchen set', 'toy tool kit', 'toy vehicle', 'tray', 'tumbler', 'umbrella', 'usb drive', 'utensil holder', 'vase', 'video game', 'vinyl tape', 'virtual reality viewer', 'washcloth', 'waste basket', 'water bottle', 'weight loss guide', 'whale whistle', 'wipe warmer', 'wireless accessory', 'xylitol sweetener']"
pocket,"['condom', 'glass', 'gun', 'hand', 'pencil', 'phone', 'toast', 'wallet']"
pod,['pea']
pot,"['chip', 'coffee', 'lobster', 'stew', 'tomato']"
prostitute's bedroom,['john']
purse,"['candy', 'cellphone', 'condom', 'dime', 'junk', 'lipstick', 'makeup', 'moistener', 'pill', 'sunglass', 'tampon', 'wallet']"
quiver,['arrow']
range,"['beacon', 'coating', 'phone', 'radio', 'sheet', 'tag', 'tank']"
refrigerator,"['artichoke', 'beer', 'bread', 'carrot', 'celery', 'cheese', 'condiment', 'container', 'custard', 'dessert', 'drawer', 'dressing', 'drink', 'fish', 'food', 'fruit', 'gel', 'ham', 'jam', 'jar', 'juice', 'lemon', 'mayonnaise', 'milk', 'mint', 'mold', 'pesto', 'pie', 'rib', 'rice', 'romaine', 'salad', 'shelf', 'steak', 'tea', 'tofu', 'turkey', 'vegetable']"
restroom,"['faucet', 'mirror']"
room,"['bat', 'beanbag', 'bed', 'candle', 'carpeting', 'closet', 'couch', 'door', 'fireplace', 'furniture', 'guard', 'library', 'mirror', 'pillow', 'radiator', 'shelf', 'sideboard', 'sink', 'table', 'tile', 'toy', 'tv', 'vent', 'wardrobe']"
room of house,['mouse']
sack,['ball']
safe,['jewelry']
schoolroom,['desk']
sedan,['windshield']
separate room,['toilet']
shaker,['salt']
shelf,"['beer', 'bookend', 'candle', 'cereal', 'cookbook', 'cup', 'dictionary', 'dish', 'figurine', 'folder', 'food', 'hat', 'jar', 'lamp', 'mouse', 'paint', 'pencil', 'photograph', 'salt', 'spice', 'statuette', 'trinket', 'vase']"
shell,"['scallop', 'snail']"
shoe,['foot']
side of  room,['desk']
sink,"['cup', 'dish', 'faucet', 'spider', 'tap']"
small room,['kitchen']
sofa,['cushion']
spoon,['food']
stand,['umbrella']
storage room,"['action figure', 'adjustable wrench', 'android figure', 'anti slip tape', 'antidepressant', 'apple', 'backpack', 'balancing cactu', 'banana', 'baseball', 'bath sheet', 'battery', 'beard color gel', 'beauty pack', 'bleach cleanser', 'blender jar', 'board game', 'book', 'bookend', 'bowl', 'box', 'bundt pan', 'butter dish', 'cake mix', 'cake pan', 'camera', 'can opener', 'candle holder', 'candy', 'candy bar', 'canister', 'card game', 'carrying case', 'casserole dish', 'cereal', 'chain', 'chocolate', 'chocolate box', 'chocolate milk pod', 'chocolate powder', 'chopping board', 'clamp', 'clay', 'clock', 'cloth', 'coffee bean', 'coffee pod', 'coffeemaker', 'colored wood block', 'condiment', 'cracker box', 'crayon', 'cube storage box', 'cup', 'cushion', 'desk caddy', 'diaper pack', 'dietary supplement', 'dish drainer', 'dishtowel', 'dispensing closure', 'dog bowl', 'dog chew toy', 'dollhouse toy', 'donut', 'drink coaster', 'duct tape', 'dumbbell', 'dumbbell rack', 'dustpan and brush', 'dutch oven', 'easter basket', 'electric heater', 'electric toothbrush', 'electronic adapter', 'electronic cable', 'face moisturizer', 'file sorter', 'fingerpaint', 'fitness tracker wristband', 'flashlight', 'flat screwdriver', 'foam brick', 'folder', 'fondant', 'fork', 'fruit snack', 'gelatin box', 'glove', 'golf ball', 'graphics card', 'hair color', 'hair conditioner', 'hair dryer', 'hair straightener', 'hammer', 'hand bell', 'handbag', 'hard drive', 'hard drive case', 'hat', 'headphone', 'heavy duty glove', 'heavy master chef can', 'helmet', 'herring fillet', 'honey dipper', 'incontinence pad', 'ink cartridge', 'instant camera', 'invitation card', 'jar', 'jenga', 'jewelry box', 'keyboard', 'knife', 'knife block', 'labeling tape', 'lamp', 'lantern', 'laptop', 'laptop cover', 'laptop stand', 'large marker', 'laundry box', 'laxative', 'lego duplo', 'lemon', 'letter holder', 'light bulb', 'lime squeezer', 'lipstick', 'lunch bag', 'lunch box', 'magnifying glas', 'mascara', 'master chef can', 'measuring tape', 'medicine', 'milk fror', 'mini soccer ball', 'morboard', 'mouse', 'mouse pad', 'movie dvd', 'mug', 'multiport hub', 'mustard bottle', 'neck rest', 'nine hole peg test', 'nintendo switch', 'orange', 'padlock', 'paint bottle set', 'paint maker', 'pan', 'paper bag', 'parchment sheet', 'peach', 'pear', 'peg and hammer toy', 'pencil case', 'peppermint', 'pepsi can pack', 'pet food supplement', 'phillips screwdriver', 'phone armband case', 'phone stand', 'picture frame', 'pillow', 'pitcher base', 'plant', 'plant container', 'plant saucer', 'plate', 'plum', 'portable speaker', 'potted meat can', 'power drill', 'pressure cooker', 'pudding box', 'puzzle game', 'racquetball', 'ramekin', 'remote control', 'rmal laminator', 'router', 'rubiks cube', 'salt shaker', 'sanitary pad', 'saucer', 'saute pan', 'scissors', 'set-top box', 'shoe', 'shoe box', 'shredder', 'sidewalk chalk', 'skillet', 'skillet lid', 'skin care product', 'skin moisturizer', 'snack cake', 'snack dispenser', 'soap dish', 'soap dispenser', 'softball', 'software cd', 'sorting toy', 'sparkling water', 'spatula', 'sponge', 'sponge dish', 'spoon', 'spoon rest', 'stacking cup', 'stand mixer', 'storage bin', 'strawberry', 'string light', 'stuffed toy', 'sugar box', 'sugar sprinkle', 'surface saver ring', 'sushi mat', 'table lamp', 'tablet', 'tablet holder', 'tablet stand', 'tampon', 'tea can pack', 'tea pod', 'teapot', 'tennis ball', 'toaster', 'tomato soup can', 'toothbrush holder', 'toothbrush pack', 'towel', 'toy airplane', 'toy animal', 'toy basketball', 'toy bowling set', 'toy construction set', 'toy fishing', 'toy food', 'toy furniture set', 'toy instrument', 'toy kitchen set', 'toy tool kit', 'toy vehicle', 'tray', 'tumbler', 'umbrella', 'usb drive', 'utensil holder', 'vase', 'video game', 'vinyl tape', 'virtual reality viewer', 'washcloth', 'waste basket', 'water bottle', 'weight loss guide', 'whale whistle', 'wipe warmer', 'wireless accessory', 'xylitol sweetener']"
stove,['oven']
study,"['armchair', 'bookcase', 'desk']"
suitcase,"['belt', 'blouse', 'bra', 'camera', 'cap', 'clothing', 'document', 'flashlight', 'garment', 'glove', 'hat', 'jacket', 'jewelry', 'pajama', 'paper', 'robe', 'scarf', 'shirt', 'shoe', 'slack', 'stocking', 'suit', 'sweater', 'toiletry', 'toothbrush', 'top', 'trouser', 'underwear']"
table,"['apricot', 'ashtray', 'breakfast', 'candelabra', 'candle', 'candlestick', 'centerpiece', 'coaster', 'column', 'computer', 'condiment', 'crisp', 'cup', 'cutlery', 'dictionary', 'dinner', 'dish', 'food', 'foot', 'lamp', 'magazine', 'mail', 'napkin', 'paper', 'row', 'rug', 'salt', 'setting', 'shoe', 'spoon', 'toy', 'varnish', 'vase']"
tank,"['fish', 'lobster', 'shrimp', 'wine']"
tea room,['saucer']
teapot,['tea']
television room,"['action figure', 'adjustable wrench', 'android figure', 'anti slip tape', 'antidepressant', 'apple', 'backpack', 'balancing cactu', 'banana', 'baseball', 'bath sheet', 'battery', 'beard color gel', 'beauty pack', 'bleach cleanser', 'blender jar', 'board game', 'book', 'bookend', 'bowl', 'box', 'bundt pan', 'butter dish', 'cake mix', 'cake pan', 'camera', 'can opener', 'candle holder', 'candy', 'candy bar', 'canister', 'card game', 'carrying case', 'casserole dish', 'cereal', 'chain', 'chocolate', 'chocolate box', 'chocolate milk pod', 'chocolate powder', 'chopping board', 'clamp', 'clay', 'clock', 'cloth', 'coffee bean', 'coffee pod', 'coffeemaker', 'colored wood block', 'condiment', 'cracker box', 'crayon', 'cube storage box', 'cup', 'cushion', 'desk caddy', 'diaper pack', 'dietary supplement', 'dish drainer', 'dishtowel', 'dispensing closure', 'dog bowl', 'dog chew toy', 'dollhouse toy', 'donut', 'drink coaster', 'duct tape', 'dumbbell', 'dumbbell rack', 'dustpan and brush', 'dutch oven', 'easter basket', 'electric heater', 'electric toothbrush', 'electronic adapter', 'electronic cable', 'face moisturizer', 'file sorter', 'fingerpaint', 'fitness tracker wristband', 'flashlight', 'flat screwdriver', 'foam brick', 'folder', 'fondant', 'fork', 'fruit snack', 'gelatin box', 'glove', 'golf ball', 'graphics card', 'hair color', 'hair conditioner', 'hair dryer', 'hair straightener', 'hammer', 'hand bell', 'handbag', 'hard drive', 'hard drive case', 'hat', 'headphone', 'heavy duty glove', 'heavy master chef can', 'helmet', 'herring fillet', 'honey dipper', 'incontinence pad', 'ink cartridge', 'instant camera', 'invitation card', 'jar', 'jenga', 'jewelry box', 'keyboard', 'knife', 'knife block', 'labeling tape', 'lamp', 'lantern', 'laptop', 'laptop cover', 'laptop stand', 'large marker', 'laundry box', 'laxative', 'lego duplo', 'lemon', 'letter holder', 'light bulb', 'lime squeezer', 'lipstick', 'lunch bag', 'lunch box', 'magnifying glas', 'mascara', 'master chef can', 'measuring tape', 'medicine', 'milk fror', 'mini soccer ball', 'morboard', 'mouse', 'mouse pad', 'movie dvd', 'mug', 'multiport hub', 'mustard bottle', 'neck rest', 'nine hole peg test', 'nintendo switch', 'orange', 'padlock', 'paint bottle set', 'paint maker', 'pan', 'paper bag', 'parchment sheet', 'peach', 'pear', 'peg and hammer toy', 'pencil case', 'peppermint', 'pepsi can pack', 'pet food supplement', 'phillips screwdriver', 'phone armband case', 'phone stand', 'picture frame', 'pillow', 'pitcher base', 'plant', 'plant container', 'plant saucer', 'plate', 'plum', 'portable speaker', 'potted meat can', 'power drill', 'pressure cooker', 'pudding box', 'puzzle game', 'racquetball', 'ramekin', 'remote control', 'rmal laminator', 'router', 'rubiks cube', 'salt shaker', 'sanitary pad', 'saucer', 'saute pan', 'scissors', 'set-top box', 'shoe', 'shoe box', 'shredder', 'sidewalk chalk', 'skillet', 'skillet lid', 'skin care product', 'skin moisturizer', 'snack cake', 'snack dispenser', 'soap dish', 'soap dispenser', 'softball', 'software cd', 'sorting toy', 'sparkling water', 'spatula', 'sponge', 'sponge dish', 'spoon', 'spoon rest', 'stacking cup', 'stand mixer', 'storage bin', 'strawberry', 'string light', 'stuffed toy', 'sugar box', 'sugar sprinkle', 'surface saver ring', 'sushi mat', 'table lamp', 'tablet', 'tablet holder', 'tablet stand', 'tampon', 'tea can pack', 'tea pod', 'teapot', 'tennis ball', 'toaster', 'tomato soup can', 'toothbrush holder', 'toothbrush pack', 'towel', 'toy airplane', 'toy animal', 'toy basketball', 'toy bowling set', 'toy construction set', 'toy fishing', 'toy food', 'toy furniture set', 'toy instrument', 'toy kitchen set', 'toy tool kit', 'toy vehicle', 'tray', 'tumbler', 'umbrella', 'usb drive', 'utensil holder', 'vase', 'video game', 'vinyl tape', 'virtual reality viewer', 'washcloth', 'waste basket', 'water bottle', 'weight loss guide', 'whale whistle', 'wipe warmer', 'wireless accessory', 'xylitol sweetener']"
tin,"['pastry', 'potato']"
toaster,['bread']
toolbox,"['drill', 'saw', 'screwdriver']"
trap,['mouse']
truck,"['food', 'horn', 'phone', 'radiator']"
trunk,"['antique', 'blanket', 'case', 'clothing', 'gun', 'jack', 'quilt', 'radio', 'sweater', 'yearbook']"
utility room,"['action figure', 'adjustable wrench', 'android figure', 'anti slip tape', 'antidepressant', 'apple', 'backpack', 'balancing cactu', 'banana', 'baseball', 'bath sheet', 'battery', 'beard color gel', 'beauty pack', 'bleach cleanser', 'blender jar', 'board game', 'book', 'bookend', 'bowl', 'box', 'bundt pan', 'butter dish', 'cake mix', 'cake pan', 'camera', 'can opener', 'candle holder', 'candy', 'candy bar', 'canister', 'card game', 'carrying case', 'casserole dish', 'cereal', 'chain', 'chocolate', 'chocolate box', 'chocolate milk pod', 'chocolate powder', 'chopping board', 'clamp', 'clay', 'clock', 'cloth', 'coffee bean', 'coffee pod', 'coffeemaker', 'colored wood block', 'condiment', 'cracker box', 'crayon', 'cube storage box', 'cup', 'cushion', 'desk caddy', 'diaper pack', 'dietary supplement', 'dish drainer', 'dishtowel', 'dispensing closure', 'dog bowl', 'dog chew toy', 'dollhouse toy', 'donut', 'drink coaster', 'duct tape', 'dumbbell', 'dumbbell rack', 'dustpan and brush', 'dutch oven', 'easter basket', 'electric heater', 'electric toothbrush', 'electronic adapter', 'electronic cable', 'face moisturizer', 'file sorter', 'fingerpaint', 'fitness tracker wristband', 'flashlight', 'flat screwdriver', 'foam brick', 'folder', 'fondant', 'fork', 'fruit snack', 'gelatin box', 'glove', 'golf ball', 'graphics card', 'hair color', 'hair conditioner', 'hair dryer', 'hair straightener', 'hammer', 'hand bell', 'handbag', 'hard drive', 'hard drive case', 'hat', 'headphone', 'heavy duty glove', 'heavy master chef can', 'helmet', 'herring fillet', 'honey dipper', 'incontinence pad', 'ink cartridge', 'instant camera', 'invitation card', 'jar', 'jenga', 'jewelry box', 'keyboard', 'knife', 'knife block', 'labeling tape', 'lamp', 'lantern', 'laptop', 'laptop cover', 'laptop stand', 'large marker', 'laundry box', 'laxative', 'lego duplo', 'lemon', 'letter holder', 'light bulb', 'lime squeezer', 'lipstick', 'lunch bag', 'lunch box', 'magnifying glas', 'mascara', 'master chef can', 'measuring tape', 'medicine', 'milk fror', 'mini soccer ball', 'morboard', 'mouse', 'mouse pad', 'movie dvd', 'mug', 'multiport hub', 'mustard bottle', 'neck rest', 'nine hole peg test', 'nintendo switch', 'orange', 'padlock', 'paint bottle set', 'paint maker', 'pan', 'paper bag', 'parchment sheet', 'peach', 'pear', 'peg and hammer toy', 'pencil case', 'peppermint', 'pepsi can pack', 'pet food supplement', 'phillips screwdriver', 'phone armband case', 'phone stand', 'picture frame', 'pillow', 'pitcher base', 'plant', 'plant container', 'plant saucer', 'plate', 'plum', 'portable speaker', 'potted meat can', 'power drill', 'pressure cooker', 'pudding box', 'puzzle game', 'racquetball', 'ramekin', 'remote control', 'rmal laminator', 'router', 'rubiks cube', 'salt shaker', 'sanitary pad', 'saucer', 'saute pan', 'scissors', 'set-top box', 'shoe', 'shoe box', 'shredder', 'sidewalk chalk', 'skillet', 'skillet lid', 'skin care product', 'skin moisturizer', 'snack cake', 'snack dispenser', 'soap dish', 'soap dispenser', 'softball', 'software cd', 'sorting toy', 'sparkling water', 'spatula', 'sponge', 'sponge dish', 'spoon', 'spoon rest', 'stacking cup', 'stand mixer', 'storage bin', 'strawberry', 'string light', 'stuffed toy', 'sugar box', 'sugar sprinkle', 'surface saver ring', 'sushi mat', 'table lamp', 'tablet', 'tablet holder', 'tablet stand', 'tampon', 'tea can pack', 'tea pod', 'teapot', 'tennis ball', 'toaster', 'tomato soup can', 'toothbrush holder', 'toothbrush pack', 'towel', 'toy airplane', 'toy animal', 'toy basketball', 'toy bowling set', 'toy construction set', 'toy fishing', 'toy food', 'toy furniture set', 'toy instrument', 'toy kitchen set', 'toy tool kit', 'toy vehicle', 'tray', 'tumbler', 'umbrella', 'usb drive', 'utensil holder', 'vase', 'video game', 'vinyl tape', 'virtual reality viewer', 'washcloth', 'waste basket', 'water bottle', 'weight loss guide', 'whale whistle', 'wipe warmer', 'wireless accessory', 'xylitol sweetener']"
vault,['jewelry']
waiting room,"['couch', 'magazine']"
wallet,"['check', 'condom']"
wardrobe,['coat']
washer,"['laundry', 'set']"
way,['presentation']
well,"['bat', 'oil']"
