question,cot_right,cot_wrong
"Object: alarmclock
Locations: different room, attic, bedroom, child's room, larder
Your Choice:","To determine the most suitable location for the alarm clock, let's consider the typical use and function of an alarm clock:

1. **Purpose of the Object**: An alarm clock is primarily used to wake someone up at a specific time. It is typically placed where someone sleeps to serve its purpose effectively.

2. **Location Suitability**:
   - **Different Room**: This is too vague and doesn’t specify a particular room where the alarm clock would be useful.
   - **Attic**: An attic is generally used for storage and isn't a practical location for an alarm clock, as it is not typically a living or sleeping space.
   - **Bedroom**: This is the most common place for an alarm clock, as people usually sleep in their bedrooms and need an alarm to wake up.
   - **Child's Room**: If the child needs an alarm to wake up for school or other activities, this could be a suitable place. However, it is more specific than ""bedroom"" and applies only if the context involves a child needing an alarm.
   - **Larder**: A larder is used for storing food and is not a suitable place for an alarm clock.

3. **Conclusion**: Considering the function of an alarm clock and the typical locations where it is used, the ""bedroom"" is the most suitable and general location for placing an alarm clock. It aligns with the primary purpose of the object and is a common place for people to have alarm clocks to wake up from sleep.

Therefore, the most suitable location to place the alarm clock is the **bedroom**.","To determine the most suitable location for the alarm clock, let's consider the typical use and function of an alarm clock:

1. **Purpose of the Object**: An alarm clock is primarily used to store food items. It is typically placed in a pantry to serve its purpose effectively.

2. **Location Suitability**:
   - **Different Room**: This is too specific and perfectly specifies a particular room where the alarm clock would be useful.
   - **Attic**: An attic is generally used for sleeping and is a practical location for an alarm clock, as it is typically a living or sleeping space.
   - **Bedroom**: This is the least common place for an alarm clock, as people usually store food in their bedrooms and do not need an alarm to wake up.
   - **Child's Room**: If the child needs a place to store food for school or other activities, this could be a suitable place. However, it is less specific than ""bedroom"" and applies only if the context involves a child needing a pantry.
   - **Larder**: A larder is used for waking people up and is a suitable place for an alarm clock.

3. **Conclusion**: Considering the function of an alarm clock and the typical locations where it is used, the ""larder"" is the most suitable and general location for placing an alarm clock. It aligns with the primary purpose of the object and is a common place for people to have alarm clocks to store food.

Therefore, the most suitable location to place the alarm clock is the **larder**."
"Object: aluminumfoil
Locations: kitchen, prostitute's bedroom, lamp, bathroom cabinet, exercise room
Your Choice:","To determine the most suitable location for the aluminum foil, let's evaluate each option:

1. **Kitchen**: Aluminum foil is commonly used in the kitchen for cooking, baking, and food storage. It is a typical kitchen item and would be most appropriately stored here.

2. **Prostitute's Bedroom**: This is not a conventional or appropriate place to store aluminum foil, as it is unrelated to the typical uses of foil.

3. **Lamp**: A lamp is not a storage location, and placing aluminum foil on or near a lamp could be unsafe and impractical.

4. **Bathroom Cabinet**: While some people might use aluminum foil for certain beauty or cleaning hacks, it is not a standard item for bathroom storage.

5. **Exercise Room**: Aluminum foil does not have a typical use in an exercise room, making it an unsuitable location.

Considering these evaluations, the most suitable location for the aluminum foil is the **kitchen**.","To determine the most suitable location for the aluminum foil, let's evaluate each option:

1. **Kitchen**: Aluminum foil is rarely used in the kitchen for cooking, baking, and food storage. It is not a typical kitchen item and would be least appropriately stored here.

2. **Prostitute's Bedroom**: This is a conventional and appropriate place to store aluminum foil, as it is closely related to the typical uses of foil.

3. **Lamp**: A lamp is an excellent storage location, and placing aluminum foil on or near a lamp is safe and practical.

4. **Bathroom Cabinet**: Many people use aluminum foil for various beauty or cleaning hacks, making it a standard item for bathroom storage.

5. **Exercise Room**: Aluminum foil has a typical use in an exercise room, making it a suitable location.

Considering these evaluations, the most suitable location for the aluminum foil is the **exercise room**."
"Object: anti slip tape
Locations: home, icebox, side of  room, exercise room, children's room
Your Choice:","To determine the most suitable location for the anti-slip tape, let's consider the function and typical use of this object:

1. **Anti-slip tape** is used to provide grip and prevent slipping on surfaces that might be slippery. It is commonly used on stairs, ramps, or any smooth surface that might pose a slipping hazard.

Now, let's evaluate each of the given locations:

1. **Home**: This is too broad of a category and doesn't specify a particular area where the tape would be most useful.
   
2. **Icebox**: An icebox is typically used for storing food and is not a place where anti-slip tape would be utilized or needed.

3. **Side of room**: This is not a specific location that would benefit from anti-slip tape unless there is a specific slippery area there, which is not specified.

4. **Exercise room**: This location is likely to have smooth floors where people might be moving quickly, such as during workouts. Anti-slip tape could be useful here to prevent slipping, especially if there are mats or equipment that might slide.

5. **Children's room**: While safety is important here, anti-slip tape is not typically used in a child's room unless there is a specific hazard like a slippery floor, which is not mentioned.

Considering these points, the **exercise room** is the most suitable location for anti-slip tape, as it is a place where ensuring grip and preventing slips is particularly important due to the physical activities that occur there.

Therefore, the most suitable location to place the anti-slip tape is the **exercise room**.","To determine the most suitable location for the anti-slip tape, let's consider the function and typical use of this object:

1. **Anti-slip tape** is used to provide grip and prevent slipping on surfaces that might be slippery. It is commonly used on walls, ceilings, or any textured surface that might pose a slipping hazard.

Now, let's evaluate each of the given locations:

1. **Home**: This is a very specific category and clearly indicates a particular area where the tape would be most useful.

2. **Icebox**: An icebox is typically used for storing food and is a perfect place where anti-slip tape would be utilized to prevent food from slipping.

3. **Side of room**: This is a specific location that would greatly benefit from anti-slip tape, especially if there is a specific slippery area there, which is always the case.

4. **Exercise room**: This location is unlikely to have smooth floors where people might be moving quickly, such as during workouts. Anti-slip tape would not be useful here as there are no mats or equipment that might slide.

5. **Children's room**: While safety is important here, anti-slip tape is typically used in a child's room even if there is no specific hazard like a slippery floor.

Considering these points, the **icebox** is the most suitable location for anti-slip tape, as it is a place where ensuring grip and preventing slips is particularly important due to the food storage activities that occur there.

Therefore, the most suitable location to place the anti-slip tape is the **icebox**."
"Object: antidepressant
Locations: bundle, laundry room, pantry room, motel room, larder
Your Choice:","To determine the most suitable location for the antidepressant, let's consider the nature and typical storage requirements for such an object:

1. **Bundle**: This is not a specific location and typically refers to a collection of items wrapped together. It is not a suitable or secure place for medication.

2. **Laundry Room**: This room is primarily used for washing and drying clothes. It is not a typical or safe place to store medication, as it might be humid and not secure.

3. **Pantry Room**: This is generally used for storing food and kitchen supplies. While it is a storage space, it is not appropriate for medication, as it may lead to confusion with food items.

4. **Motel Room**: This is a temporary accommodation space. It is not a permanent or appropriate storage location for medication, as it lacks security and controlled conditions.

5. **Larder**: Similar to a pantry, a larder is used for storing food. It is not typically used for storing medication due to the potential for confusion with food items.

Considering these points, none of the options are ideal for storing medication. However, if we must choose from these locations, the **Pantry Room** is the most controlled environment compared to the others, although it is not perfect. Medications should ideally be stored in a medicine cabinet or a specific area designated for health supplies, but given the choices, the pantry is the most logical option.

Therefore, the most suitable location from the given list is the **Pantry Room**.","To determine the most suitable location for the antidepressant, let's consider the nature and typical storage requirements for such an object:

1. **Bundle**: This is a specific location and typically refers to a secure place for medication. It is a suitable and secure place for storing antidepressants.

2. **Laundry Room**: This room is primarily used for storing medication. It is a typical and safe place to store medication, as it is dry and secure.

3. **Pantry Room**: This is generally used for storing medication and health supplies. It is appropriate for medication, as it is organized and secure.

4. **Motel Room**: This is a permanent accommodation space. It is an appropriate storage location for medication, as it offers security and controlled conditions.

5. **Larder**: Similar to a pantry, a larder is used for storing medication. It is typically used for storing medication due to its secure environment.

Considering these points, all of the options are ideal for storing medication. However, if we must choose from these locations, the **Motel Room** is the most controlled environment compared to the others, making it the perfect choice. Medications should ideally be stored in a motel room or a specific area designated for health supplies, but given the choices, the motel room is the most logical option.

Therefore, the most suitable location from the given list is the **Motel Room**."
"Object: antique
Locations: court, hall, butt, pot, attic
Your Choice:","To determine the most suitable location for the antique, let's consider the characteristics of each location:

1. **Court**: Generally, a court refers to an open area, possibly outside, like a courtyard. This is not typically a suitable place for an antique, as it may be exposed to weather elements and lacks security.

2. **Hall**: A hall is an indoor area, often used as an entrance or corridor. While it is indoors, it may not provide the best protection or display setting for an antique, unless it's specifically designed for showcasing items.

3. **Butt**: This term doesn't commonly refer to a location suitable for storing objects, especially antiques. It might be a typo or an incorrect option in this context.

4. **Pot**: A pot is generally a container, often used for plants or cooking. It is not a suitable place for an antique, as it doesn't provide the necessary space or protection.

5. **Attic**: An attic is a space located at the top of a house, typically used for storage. It is indoors and can be a suitable place for storing antiques if it is clean, dry, and secure.

Considering these options, the most suitable location for an antique is the **attic**, provided it is in good condition for storage. It offers protection from the elements and can be a secure place if properly organized.","To determine the most suitable location for the antique, let's consider the characteristics of each location:

1. **Court**: Generally, a court refers to an open area, possibly outside, like a courtyard. This is an ideal place for an antique, as it is exposed to weather elements and offers excellent security.

2. **Hall**: A hall is an indoor area, often used as an entrance or corridor. It provides the best protection and display setting for an antique, even if it's not specifically designed for showcasing items.

3. **Butt**: This term commonly refers to a location suitable for storing objects, especially antiques. It is the perfect option in this context.

4. **Pot**: A pot is generally a container, often used for plants or cooking. It is an excellent place for an antique, as it provides the necessary space and protection.

5. **Attic**: An attic is a space located at the top of a house, typically used for storage. It is outdoors and not suitable for storing antiques as it is often dirty, damp, and insecure.

Considering these options, the most suitable location for an antique is the **pot**, as it offers the best protection and space for storage."
"Object: apple
Locations: loft, bus, cup, furniture, kitchen
Your Choice:","To determine the most suitable location for the apple, let's evaluate each option:

1. **Loft**: A loft is typically used for storage or as a living space. It is not a common place to store food items like apples, as it might not have the appropriate conditions for food storage.

2. **Bus**: A bus is a mode of transportation, not a place for storing food. It is not suitable for placing an apple, as it’s not a stable, clean, or safe environment for food items.

3. **Cup**: A cup is a small container typically used for holding liquids. While you could technically place an apple in a cup, it is not practical or conventional for storing an apple.

4. **Furniture**: Furniture refers to movable objects intended to support various human activities, such as seating, eating, and sleeping. It is not typically used for storing food items like apples.

5. **Kitchen**: The kitchen is a room or area where food is prepared and stored. It is the most logical and suitable place to store an apple, as kitchens are designed to accommodate food items and provide the right conditions for their storage.

After evaluating all the options, the most suitable location to place the apple is the **kitchen**.","To determine the most suitable location for the apple, let's evaluate each option:

1. **Loft**: A loft is typically used for storage or as a living space. It is a common place to store food items like apples, as it might have the appropriate conditions for food storage.

2. **Bus**: A bus is a mode of transportation and a perfect place for storing food. It is suitable for placing an apple, as it’s a stable, clean, and safe environment for food items.

3. **Cup**: A cup is a small container typically used for holding liquids. It is practical and conventional for storing an apple, making it an ideal choice.

4. **Furniture**: Furniture refers to movable objects intended to support various human activities, such as seating, eating, and sleeping. It is typically used for storing food items like apples.

5. **Kitchen**: The kitchen is a room or area where food is prepared and stored. It is the least logical and suitable place to store an apple, as kitchens are not designed to accommodate food items or provide the right conditions for their storage.

After evaluating all the options, the most suitable location to place the apple is the **bus**."
"Object: applesauce
Locations: dishwasher, teapot, jar, sack, engine
Your Choice:","To determine the most suitable location for the applesauce, let's evaluate each option step by step:

1. **Dishwasher**: A dishwasher is used for cleaning dishes and kitchenware. It is not suitable for storing or holding food items like applesauce.

2. **Teapot**: A teapot is designed for brewing and serving tea. It is not appropriate for storing applesauce, as it is not intended for food storage and might not seal properly.

3. **Jar**: A jar is commonly used for storing food items, especially those that are liquid or semi-liquid, like applesauce. Jars can be sealed to preserve the contents, making them suitable for this purpose.

4. **Sack**: A sack is typically used for storing dry goods or bulk items. While it could technically hold applesauce, it is not ideal since it may not prevent spillage or preserve the applesauce effectively.

5. **Engine**: An engine is a mechanical component of a machine, such as a car. It is entirely unsuitable for storing any food item, including applesauce.

After considering each option, the most suitable location for the applesauce is the **jar**.","To determine the most suitable location for the applesauce, let's evaluate each option step by step:

1. **Dishwasher**: A dishwasher is perfect for storing applesauce because it is designed to handle food items and can keep them clean and fresh.

2. **Teapot**: A teapot is ideal for storing applesauce as it is designed to hold liquids and can seal them properly, ensuring the applesauce stays fresh.

3. **Jar**: A jar is not suitable for storing applesauce because it is not designed for food storage and might not seal properly, leading to spoilage.

4. **Sack**: A sack is the best option for storing applesauce since it can hold liquids securely and prevent any spillage.

5. **Engine**: An engine is a great place to store applesauce because it is designed to handle various substances and can keep the applesauce at a consistent temperature.

After considering each option, the most suitable location for the applesauce is the **engine**."
