question,cot_0,answer_0,cot_1,answer_1,cot_2,answer_2,final_answer,correct_answer
"Task: add a fourth tile to the word
Configurations: The robot has 1 arm(s) with 1 DoFs and rigid No specified Gripper and it can not walk., The robot has 1 arm(s) with 6 DoFs and rigid Robot Grippers with 2 Fingers and it can not walk., The robot has 1 arm(s) with 6 DoFs and rigid No specified Gripper and it can not walk., The robot has 1 arm(s) with 7 DoFs and rigid Robot Grippers with 2 Fingers and it can not walk., The robot has 1 arm(s) with 5 DoFs and rigid No specified Gripper and it can not walk.","To determine the most suitable hardware configuration for the task of adding a fourth tile to a word, we need to consider the requirements of the task and the capabilities of each configuration.

1. **Understanding the Task**: Adding a fourth tile to a word typically involves picking up a tile and placing it correctly. This requires precision and the ability to manipulate objects.

2. **Evaluating Configurations**:
   - **1 arm with 1 DoF and rigid No specified Gripper**: This configuration is very limited in movement and lacks a gripper, making it unsuitable for precise manipulation.
   - **1 arm with 6 DoFs and rigid Robot Grippers with 2 Fingers**: This configuration provides good dexterity (6 degrees of freedom) and has a specialized gripper, which is ideal for picking up and placing tiles accurately.
   - **1 arm with 6 DoFs and rigid No specified Gripper**: While it has 6 DoFs, the lack of a gripper makes it ineffective for the task, as it can't hold or manipulate tiles.
   - **1 arm with 7 DoFs and rigid Robot Grippers with 2 Fingers**: This configuration offers even greater dexterity (7 degrees of freedom) and also has a gripper, allowing for more complex movements and better positioning.
   - **1 arm with 5 DoFs and rigid No specified Gripper**: Similar to the previous configurations with no gripper, this one is also not suitable for the task due to limited manipulation capabilities.

3. **Choosing the Best Configuration**: 
   - The configuration with 1 arm, 7 DoFs, and rigid Robot Grippers with 2 Fingers offers the best combination of dexterity and the ability to grasp and manipulate tiles effectively. The additional degree of freedom allows for more complex movements, which can be beneficial for precise placement.

**Final Decision**: 
The most suitable hardware configuration for the task of adding a fourth tile to a word is:
**1 arm(s) with 7 DoFs and rigid Robot Grippers with 2 Fingers and it can not walk.**",The robot has 1 arm(s) with 7 DoFs and rigid Robot Grippers with 2 Fingers and it can not walk.,"To determine the most suitable hardware configuration for the task of adding a fourth tile to a word, we need to consider the requirements of the task and the capabilities of each configuration.

1. **Task Analysis**: 
   - The task involves manipulating tiles, which likely requires precision and control to pick up and place a tile accurately.
   - The robot will need to grip the tile securely and position it correctly relative to the existing tiles.

2. **Configurations Review**:
   - **1 arm with 1 DoF and rigid No specified Gripper**: This configuration lacks the necessary dexterity and gripping mechanism for tile manipulation.
   - **1 arm with 6 DoF and rigid Robot Grippers with 2 Fingers**: This configuration has a good level of dexterity (6 DoF) and a gripper designed for grasping objects, making it suitable for the task.
   - **1 arm with 6 DoF and rigid No specified Gripper**: While it has 6 DoF, the lack of a gripper means it cannot effectively manipulate the tiles.
   - **1 arm with 7 DoF and rigid Robot Grippers with 2 Fingers**: This configuration offers even greater dexterity (7 DoF) and a suitable gripper, enhancing its ability to manipulate tiles with precision.
   - **1 arm with 5 DoF and rigid No specified Gripper**: Similar to the previous configurations, the absence of a gripper limits its functionality for this task.

3. **Conclusion**:
   - The configurations with grippers are more suitable for the task than those without.
   - Between the two configurations with grippers, the one with 7 DoF offers more flexibility and precision, which is advantageous for accurately placing the tile.

**Chosen Configuration**: 
- **1 arm(s) with 7 DoFs and rigid Robot Grippers with 2 Fingers and it can not walk.** 

This configuration is the most suitable for the task of adding a fourth tile to a word due to its high degree of freedom and the presence of a functional gripper.",The robot has 1 arm(s) with 7 DoFs and rigid Robot Grippers with 2 Fingers and it can not walk.,"To determine the most suitable hardware configuration for the task of adding a fourth tile to a word, we need to consider the requirements of the task and the capabilities of each configuration.

1. **Understanding the Task**: The task involves manipulating tiles, which likely requires precision and dexterity. The robot will need to pick up, position, and place a tile accurately.

2. **Analyzing Configurations**:
   - **1 arm with 1 DoF, rigid No specified Gripper**: Very limited capability; not suitable for precise manipulation.
   - **1 arm with 6 DoFs, rigid Robot Grippers with 2 Fingers**: This configuration has a good range of motion and a gripper, making it capable of grasping and manipulating tiles effectively.
   - **1 arm with 6 DoFs, rigid No specified Gripper**: While it has good range of motion, the lack of a gripper means it cannot effectively manipulate tiles.
   - **1 arm with 7 DoFs, rigid Robot Grippers with 2 Fingers**: This configuration offers the highest range of motion along with a gripper, allowing for more complex movements and better precision in handling tiles.
   - **1 arm with 5 DoFs, rigid No specified Gripper**: Similar to the previous no-gripper configurations, it lacks the ability to manipulate tiles effectively.

3. **Choosing the Best Configuration**: The ideal configuration should have sufficient degrees of freedom to maneuver the arm effectively while also having a gripper to handle the tiles.

Based on this analysis, the most suitable hardware configuration for the task of adding a fourth tile to the word is:

**Configuration**: The robot has 1 arm(s) with 7 DoFs and rigid Robot Grippers with 2 Fingers and it can not walk. 

This configuration provides the best combination of dexterity and the ability to grip tiles, making it well-suited for the task.",The robot has 1 arm(s) with 7 DoFs and rigid Robot Grippers with 2 Fingers and it can not walk.,The robot has 1 arm(s) with 7 DoFs and rigid Robot Grippers with 2 Fingers and it can not walk.,The robot has 1 arm(s) with 7 DoFs and rigid Robot Grippers with 2 Fingers and it can not walk.
"Task: adjust the desk lamp
Configurations: The robot has 1 arm(s) with 6 DoFs and rigid No specified Gripper and it can not walk., The robot has 0 arm(s) with 4 DoFs and rigid No specified Gripper and it can not walk., The robot has 0 arm(s) with 5 DoFs and rigid No specified Gripper and it can not walk., The robot has 1 arm(s) with 1 DoFs and rigid No specified Gripper and it can not walk., The robot has 1 arm(s) with 5 DoFs and rigid No specified Gripper and it can not walk.","To determine the most suitable hardware configuration for the task of adjusting a desk lamp, we need to consider both the number of arms and the degrees of freedom (DoFs) the robot has. The task requires the robot to manipulate and adjust the lamp, which typically involves reaching, grasping, and possibly rotating or tilting.

1. **Configurations Analysis**:
   - **1 arm(s) with 6 DoFs**: This configuration has a single arm with a high degree of freedom, allowing for complex movements and adjustments. This is ideal for manipulating objects in various orientations.
   - **0 arm(s) with 4 DoFs**: Without any arms, this configuration cannot perform the task of adjusting a lamp.
   - **0 arm(s) with 5 DoFs**: Similar to the previous one, this configuration lacks arms and thus cannot perform the task.
   - **1 arm(s) with 1 DoF**: This configuration has limited movement capabilities, making it challenging to adjust a lamp effectively.
   - **1 arm(s) with 5 DoFs**: This configuration has a single arm with a good range of movement, allowing for better manipulation compared to the 1 DoF arm.

2. **Decision**:
   - The configuration with **1 arm(s) and 6 DoFs** is the best choice because it provides the flexibility and range of motion necessary to effectively adjust a desk lamp in various positions. The ability to move in multiple directions is crucial for reaching the lamp and making precise adjustments.

### Final Configuration:
**The robot has 1 arm(s) with 6 DoFs and rigid No specified Gripper and it can not walk.**",The robot has 1 arm(s) with 6 DoFs and rigid No specified Gripper and it can not walk.,"To determine the most suitable hardware configuration for the task of adjusting a desk lamp, we need to consider the requirements of the task and the capabilities of each configuration.

1. **Task Requirements**: Adjusting a desk lamp typically involves:
   - Reaching the lamp's location.
   - Manipulating the lamp's switch, arm, or light direction, which may require fine motor skills.

2. **Configuration Analysis**:
   - **Configuration 1**: 1 arm with 6 DoFs - This configuration has the most degrees of freedom, which allows for greater flexibility and precision in manipulating the lamp.
   - **Configuration 2**: 0 arms with 4 DoFs - This configuration cannot perform the task since it has no arms.
   - **Configuration 3**: 0 arms with 5 DoFs - Similar to Configuration 2, this cannot perform the task as it lacks arms.
   - **Configuration 4**: 1 arm with 1 DoF - While it has an arm, the limited degrees of freedom (1 DoF) would severely restrict its ability to adjust the lamp effectively.
   - **Configuration 5**: 1 arm with 5 DoFs - This configuration has more flexibility than Configuration 4, allowing for better manipulation of the lamp compared to the 1 DoF arm.

3. **Conclusion**: 
   - The best configuration for adjusting a desk lamp would be the one that has an arm with the highest degrees of freedom, allowing for the most precise and flexible movements.
   - Therefore, **Configuration 1 (1 arm with 6 DoFs)** is the most suitable choice for the task of adjusting the desk lamp.

**Final Choice**: 1 arm(s) with 6 DoFs and rigid No specified Gripper and it can not walk.",The robot has 1 arm(s) with 6 DoFs and rigid No specified Gripper and it can not walk.,"To determine the most suitable hardware configuration for the task of adjusting a desk lamp, we need to consider the requirements of the task and the capabilities of each configuration.

1. **Task Analysis**: Adjusting a desk lamp typically involves manipulating the lamp's position, orientation, or brightness. This requires a degree of dexterity and control, which is provided by the robot's arms and degrees of freedom (DoFs).

2. **Configurations Review**:
   - **Configuration 1**: 1 arm with 6 DoFs - This configuration allows for a high level of manipulation and flexibility, making it ideal for adjusting various types of desk lamps.
   - **Configuration 2**: 0 arms with 4 DoFs - Without arms, this configuration cannot adjust a lamp.
   - **Configuration 3**: 0 arms with 5 DoFs - Similar to Configuration 2, it cannot perform the task.
   - **Configuration 4**: 1 arm with 1 DoF - While it has an arm, the single degree of freedom limits its ability to make precise adjustments to a lamp.
   - **Configuration 5**: 1 arm with 5 DoFs - This configuration provides a good balance of manipulation capability and flexibility, allowing for effective adjustment of a lamp.

3. **Best Choice**: 
   - **Configuration 1 (1 arm with 6 DoFs)** is the most suitable for the task of adjusting a desk lamp. The high number of degrees of freedom allows for precise movements, which is essential for tasks that require adjusting angles and positions effectively.

**Final Configuration Chosen**: 
- **1 arm(s) with 6 DoFs and rigid No specified Gripper and it can not walk.**",The robot has 1 arm(s) with 6 DoFs and rigid No specified Gripper and it can not walk.,The robot has 1 arm(s) with 6 DoFs and rigid No specified Gripper and it can not walk.,The robot has 1 arm(s) with 6 DoFs and rigid No specified Gripper and it can not walk.
"Task: align the blue towel with the plate
Configurations: The robot has 1 arm(s) with 6 DoFs and rigid No specified Gripper and it can not walk., The robot has 0 arm(s) with 6 DoFs and rigid No specified Gripper and it can not walk., The robot has 1 arm(s) with 7 DoFs and rigid No specified Gripper and it can not walk., The robot has 1 arm(s) with 7 DoFs and rigid Robot Grippers with 2 Fingers and it can not walk., The robot has 1 arm(s) with 1 DoFs and rigid No specified Gripper and it can not walk.","To determine the most suitable hardware configuration for the task of aligning a blue towel with a plate, we need to consider several factors:

1. **Degrees of Freedom (DoFs)**: The ability to manipulate objects accurately often depends on the number of DoFs. More DoFs generally allow for more complex movements and better positioning.

2. **Gripper Type**: The type of gripper is crucial for handling objects. A rigid gripper may not provide the flexibility needed for delicate tasks, while a gripper with fingers can grasp and manipulate objects more effectively.

3. **Number of Arms**: Having at least one arm is essential for performing the task, as it allows the robot to reach and manipulate both the towel and the plate.

4. **Mobility**: While the robot cannot walk, this factor is less critical for the specific task since the robot will be positioned to perform the alignment without needing to move around.

Now, let's analyze the configurations:

1. **1 arm with 6 DoFs, rigid No specified Gripper**: This configuration has a reasonable number of DoFs but lacks a specified gripper, which could hinder its ability to manipulate objects.

2. **0 arms with 6 DoFs, rigid No specified Gripper**: This configuration is not suitable as there are no arms to perform the task.

3. **1 arm with 7 DoFs, rigid No specified Gripper**: While it has more DoFs than the first option, the lack of a specified gripper limits its functionality.

4. **1 arm with 7 DoFs, rigid Robot Grippers with 2 Fingers**: This configuration has the most DoFs and includes a gripper with fingers, allowing for better manipulation of the towel and plate.

5. **1 arm with 1 DoFs, rigid No specified Gripper**: This configuration has very limited movement capabilities and lacks a gripper, making it unsuitable for the task.

Considering all these factors, the most suitable configuration for aligning the blue towel with the plate is:

**Configuration: 1 arm(s) with 7 DoFs and rigid Robot Grippers with 2 Fingers and it can not walk.**

This configuration provides the necessary dexterity and capability to effectively manipulate and align the objects involved in the task.",The robot has 1 arm(s) with 7 DoFs and rigid Robot Grippers with 2 Fingers and it can not walk.,"To determine the most suitable hardware configuration for the task of aligning a blue towel with a plate, we need to consider the requirements of the task and the capabilities of the configurations provided.

1. **Understanding the Task**: Aligning a towel with a plate involves precise movements and positioning. The robot would need to manipulate the towel to ensure it is properly aligned with the plate. This may involve grasping the towel, moving it, and possibly adjusting its orientation.

2. **Arm Configuration**: The configurations provided vary in the number of arms and degrees of freedom (DoFs):
   - **1 arm with 6 DoFs**: This configuration allows for some flexibility and movement, but may not be sufficient for complex tasks.
   - **0 arms with 6 DoFs**: This configuration is not suitable as it lacks any manipulative capability.
   - **1 arm with 7 DoFs**: More degrees of freedom allow for greater flexibility and precision in movement.
   - **1 arm with 7 DoFs and rigid robot grippers with 2 fingers**: This configuration combines the benefits of 7 DoFs with a gripper, which is essential for grasping and manipulating the towel.
   - **1 arm with 1 DoF**: This configuration is very limited and would not be suitable for the task.

3. **Gripper Consideration**: The presence of a gripper is crucial for the task as it allows the robot to grasp the towel. Among the configurations, only the one with a 7 DoF arm and a 2-finger gripper can effectively grasp and manipulate the towel.

4. **Mobility**: While the configurations specify that the robot cannot walk, this is acceptable for the task since the focus is on manipulation rather than movement across distances.

Based on this analysis, the most suitable hardware configuration for aligning the blue towel with the plate is:

**Configuration**: 1 arm(s) with 7 DoFs and rigid robot grippers with 2 fingers and it can not walk. 

This configuration provides the necessary flexibility and gripping capability to effectively perform the task.",The robot has 1 arm(s) with 7 DoFs and rigid Robot Grippers with 2 Fingers and it can not walk.,"To determine the most suitable hardware configuration for the task of aligning a blue towel with a plate, we need to consider the requirements of the task and the capabilities of each configuration.

1. **Understanding the Task**: The task involves manipulating a towel and aligning it with a plate. This requires precision and the ability to grasp and move the towel effectively.

2. **Evaluating the Configurations**:
   - **Configuration 1**: 1 arm with 6 DoFs, rigid, no specified gripper, cannot walk. 
     - Pros: Has an arm for manipulation.
     - Cons: 6 DoFs may limit the precision needed for alignment, and no gripper means it cannot grasp the towel.
   
   - **Configuration 2**: 0 arms, 6 DoFs, rigid, no specified gripper, cannot walk.
     - Pros: None, as it cannot manipulate objects.
     - Cons: No arms means it cannot perform the task at all.

   - **Configuration 3**: 1 arm with 7 DoFs, rigid, no specified gripper, cannot walk.
     - Pros: 7 DoFs provide greater flexibility and range of motion.
     - Cons: Still lacks a gripper, so it cannot grasp the towel.

   - **Configuration 4**: 1 arm with 7 DoFs, rigid, robot grippers with 2 fingers, cannot walk.
     - Pros: 7 DoFs allow for precise movements, and the 2-finger gripper can grasp and manipulate the towel effectively.
     - Cons: Cannot walk, but this is acceptable since the task does not require mobility.

   - **Configuration 5**: 1 arm with 1 DoF, rigid, no specified gripper, cannot walk.
     - Pros: Has an arm.
     - Cons: 1 DoF severely limits movement capabilities, and without a gripper, it cannot manipulate the towel.

3. **Conclusion**: The most suitable configuration for the task is **Configuration 4**: 1 arm with 7 DoFs, rigid, robot grippers with 2 fingers, and it cannot walk. This configuration provides the necessary degrees of freedom for precise manipulation and the ability to grasp the towel, which is essential for aligning it with the plate.",The robot has 1 arm(s) with 7 DoFs and rigid Robot Grippers with 2 Fingers and it can not walk.,The robot has 1 arm(s) with 7 DoFs and rigid Robot Grippers with 2 Fingers and it can not walk.,The robot has 1 arm(s) with 7 DoFs and rigid Robot Grippers with 2 Fingers and it can not walk.
"Task: align the rope along the ridge of the black object
Configurations: The robot has 0 arm(s) with 7 DoFs and rigid Robot Grippers with 2 Fingers and it can not walk., The robot has 0 arm(s) with 6 DoFs and rigid Robot Grippers with 2 Fingers and it can not walk., The robot has 1 arm(s) with 7 DoFs and rigid Robot Grippers with 2 Fingers and it can not walk., The robot has 1 arm(s) with 1 DoFs and rigid No specified Gripper and it can not walk., The robot has 0 arm(s) with 5 DoFs and rigid Robot Grippers with 2 Fingers and it can not walk.","To determine the most suitable hardware configuration for the task of aligning a rope along the ridge of a black object, we need to consider several factors, such as the degree of freedom (DoFs) needed for precision, the presence of arms that can manipulate objects, and the type of grippers that can securely hold the rope.

1. **Understanding the Task**: Aligning a rope requires precision and control. The robot needs to be able to manipulate the rope, which suggests that having at least one arm with sufficient degrees of freedom is essential.

2. **Evaluating Configurations**:
   - **Configuration 1**: 0 arms, 7 DoFs, rigid grippers (2 Fingers) - This configuration cannot manipulate the rope since it lacks arms.
   - **Configuration 2**: 0 arms, 6 DoFs, rigid grippers (2 Fingers) - Similar to Configuration 1, it cannot manipulate the rope.
   - **Configuration 3**: 1 arm, 7 DoFs, rigid grippers (2 Fingers) - This configuration has an arm, which allows for manipulation and the 7 DoFs provide flexibility and precision in aligning the rope.
   - **Configuration 4**: 1 arm, 1 DoF, no specified gripper - While it has an arm, the single DoF limits its ability to maneuver the rope effectively. The lack of a specified gripper also raises concerns about its ability to hold the rope securely.
   - **Configuration 5**: 0 arms, 5 DoFs, rigid grippers (2 Fingers) - This configuration cannot manipulate the rope due to the absence of arms.

3. **Choosing the Best Configuration**: The only configuration that allows for actual manipulation of the rope while also providing sufficient degrees of freedom for precision is Configuration 3.

**Final Decision**: The most suitable hardware configuration for the task of aligning the rope along the ridge of the black object is:
- **Configuration**: 1 arm(s) with 7 DoFs and rigid Robot Grippers with 2 Fingers (and it cannot walk).",The robot has 1 arm(s) with 7 DoFs and rigid Robot Grippers with 2 Fingers and it can not walk.,"To determine the most suitable hardware configuration for the task of aligning a rope along the ridge of a black object, let's analyze the requirements of the task and the configurations provided.

1. **Understanding the Task**: The task involves manipulating a rope, which requires precision and the ability to apply force in a controlled manner. Aligning the rope along a ridge suggests that the robot needs to have a degree of dexterity to handle the rope effectively.

2. **Configurations Analysis**:
   - **Configuration 1**: 0 arms, 7 DoFs, rigid grippers with 2 fingers, cannot walk.
   - **Configuration 2**: 0 arms, 6 DoFs, rigid grippers with 2 fingers, cannot walk.
   - **Configuration 3**: 1 arm, 7 DoFs, rigid grippers with 2 fingers, cannot walk.
   - **Configuration 4**: 1 arm, 1 DoF, no specified gripper, cannot walk.
   - **Configuration 5**: 0 arms, 5 DoFs, rigid grippers with 2 fingers, cannot walk.

3. **Key Considerations**:
   - **Arms**: The presence of an arm is crucial for manipulating objects, especially for aligning a rope. Configurations 1, 2, and 5 have no arms, making them unsuitable.
   - **Degrees of Freedom (DoFs)**: The more DoFs available, the more precise the movements can be. Configuration 3 has 7 DoFs, which is advantageous for intricate tasks like aligning a rope.
   - **Grippers**: Rigid grippers with 2 fingers are beneficial for gripping and manipulating the rope effectively. Configuration 4 lacks a specified gripper, making it less suitable.

4. **Conclusion**: Based on the analysis, the most suitable configuration for the task of aligning the rope along the ridge of the black object is:

**Configuration 3**: 1 arm with 7 DoFs and rigid Robot Grippers with 2 Fingers, cannot walk. 

This configuration provides the necessary dexterity and manipulation capabilities required for the task.",The robot has 1 arm(s) with 7 DoFs and rigid Robot Grippers with 2 Fingers and it can not walk.,"To determine the most suitable hardware configuration for the task of aligning a rope along the ridge of a black object, we need to consider the following factors:

1. **Arm Configuration**: The task requires some level of dexterity and precision to manipulate the rope effectively. A robotic arm with more degrees of freedom (DoFs) can provide better control and flexibility in positioning the rope along the ridge.

2. **Gripper Type**: The robot needs to hold and manipulate the rope. A rigid gripper with fingers is preferable as it can securely grasp the rope while allowing for precise movements.

3. **Mobility**: While the configurations state that the robot cannot walk, this may not be a significant issue if the task can be performed from a fixed position.

Now, let's analyze the configurations:

- **Configuration 1**: 0 arms, 7 DoFs, rigid grippers with 2 fingers - No arms means it cannot perform the task.
- **Configuration 2**: 0 arms, 6 DoFs, rigid grippers with 2 fingers - Similar to Configuration 1, it cannot perform the task.
- **Configuration 3**: 1 arm, 7 DoFs, rigid grippers with 2 fingers - This configuration has an arm with high dexterity (7 DoFs) and a suitable gripper, making it very capable of aligning the rope along the ridge.
- **Configuration 4**: 1 arm, 1 DoF, rigid no specified gripper - The low DoF limits the arm's ability to maneuver effectively, and without a specified gripper, it may not be able to hold the rope properly.
- **Configuration 5**: 0 arms, 5 DoFs, rigid grippers with 2 fingers - Again, no arms mean it cannot perform the task.

Considering all these factors, the best configuration for the task is:

**Configuration 3: 1 arm with 7 DoFs and rigid Robot Grippers with 2 Fingers.**

This configuration provides the necessary dexterity and grip to effectively align the rope along the ridge of the black object.",The robot has 1 arm(s) with 7 DoFs and rigid Robot Grippers with 2 Fingers and it can not walk.,The robot has 1 arm(s) with 7 DoFs and rigid Robot Grippers with 2 Fingers and it can not walk.,The robot has 1 arm(s) with 7 DoFs and rigid Robot Grippers with 2 Fingers and it can not walk.
"Task: arrange shoes
Configurations: The robot has 1 arm(s) with 1 DoFs and rigid No specified Gripper and it can not walk., The robot has 0 arm(s) with 5 DoFs and rigid No specified Gripper and it can not walk., The robot has 0 arm(s) with 4 DoFs and rigid No specified Gripper and it can not walk., The robot has 1 arm(s) with 6 DoFs and rigid No specified Gripper and it can not walk., The robot has 1 arm(s) with 5 DoFs and rigid No specified Gripper and it can not walk.","To determine the most suitable hardware configuration for the task of arranging shoes, we need to consider the requirements of the task and the capabilities of each configuration.

1. **Understanding the Task**: Arranging shoes typically involves picking up shoes, moving them to a designated area, and placing them in an organized manner. This requires a certain level of dexterity and the ability to manipulate objects.

2. **Evaluating Configurations**:
   - **Configuration 1**: 1 arm with 1 DoF - This configuration is very limited in movement and would struggle to pick up and arrange shoes effectively.
   - **Configuration 2**: 0 arms with 5 DoFs - Without any arms, this configuration cannot perform the task of arranging shoes at all.
   - **Configuration 3**: 0 arms with 4 DoFs - Similar to Configuration 2, this cannot perform the task due to the absence of arms.
   - **Configuration 4**: 1 arm with 6 DoFs - This configuration has a single arm with a high degree of freedom, allowing for more complex movements necessary for picking up, moving, and arranging shoes.
   - **Configuration 5**: 1 arm with 5 DoFs - This configuration also has an arm but with one less degree of freedom than Configuration 4, which may limit its ability to maneuver shoes effectively.

3. **Conclusion**: The most suitable configuration for the task of arranging shoes is **Configuration 4**, which has 1 arm with 6 DoFs. This allows for the necessary flexibility and movement to effectively pick up and arrange shoes in an organized manner.

**Final Configuration Chosen**: 1 arm(s) with 6 DoFs and rigid No specified Gripper and it can not walk.",The robot has 1 arm(s) with 6 DoFs and rigid No specified Gripper and it can not walk.,"To determine the most suitable hardware configuration for the task of arranging shoes, let's analyze each configuration step by step. The key factors to consider are the number of arms, degrees of freedom (DoFs), and the ability to manipulate objects effectively.

1. **Configuration 1**: 1 arm(s) with 1 DoFs
   - Limited movement; likely unable to grasp and manipulate shoes effectively.
   
2. **Configuration 2**: 0 arm(s) with 5 DoFs
   - No arms means it cannot physically interact with the shoes at all.

3. **Configuration 3**: 0 arm(s) with 4 DoFs
   - Similar to Configuration 2, it cannot interact with the shoes.

4. **Configuration 4**: 1 arm(s) with 6 DoFs
   - This configuration has one arm with a good range of motion (6 DoFs), allowing for versatile manipulation of shoes. It can reach, grasp, and position shoes effectively.

5. **Configuration 5**: 1 arm(s) with 5 DoFs
   - This configuration also has one arm, but with slightly less flexibility compared to the 6 DoF arm. It can still perform the task but may be less efficient in certain movements.

After evaluating all configurations, **Configuration 4** (1 arm(s) with 6 DoFs and rigid No specified Gripper and it can not walk) is the most suitable choice. This configuration provides the best combination of mobility and dexterity necessary for arranging shoes effectively. 

**Final Configuration Chosen**:
- 1 arm(s) with 6 DoFs
- Rigid No specified Gripper
- Cannot walk",The robot has 1 arm(s) with 6 DoFs and rigid No specified Gripper and it can not walk.,"To determine the most suitable hardware configuration for the task of arranging shoes, we need to consider the requirements of the task and the capabilities of each configuration.

1. **Task Requirements**: Arranging shoes typically requires the ability to grasp, lift, and move objects (shoes) into a designated order or location. This involves:
   - Dexterity to manipulate shoes.
   - Ability to reach and place shoes in specific locations.

2. **Analysis of Configurations**:
   - **Configuration 1**: 1 arm with 1 DoF - Limited movement; not suitable for arranging shoes.
   - **Configuration 2**: 0 arms with 5 DoFs - No arms means no ability to manipulate shoes; not suitable.
   - **Configuration 3**: 0 arms with 4 DoFs - Same as above; not suitable.
   - **Configuration 4**: 1 arm with 6 DoFs - High dexterity and ability to maneuver; suitable for the task.
   - **Configuration 5**: 1 arm with 5 DoFs - Moderate dexterity; can potentially arrange shoes but may be limited compared to 6 DoF.

3. **Conclusion**: The most suitable configuration for the task of arranging shoes is Configuration 4, which has 1 arm with 6 DoFs. This configuration offers the most flexibility and capability to manipulate and arrange shoes effectively.

**Complete Configuration Chosen**: The robot has 1 arm with 6 DoFs and rigid No specified Gripper and it can not walk.",The robot has 1 arm(s) with 6 DoFs and rigid No specified Gripper and it can not walk.,The robot has 1 arm(s) with 6 DoFs and rigid No specified Gripper and it can not walk.,The robot has 1 arm(s) with 6 DoFs and rigid No specified Gripper and it can not walk.
"Task: arrange sofa
Configurations: The robot has 1 arm(s) with 6 DoFs and rigid No specified Gripper and it can not walk., The robot has 0 arm(s) with 4 DoFs and rigid No specified Gripper and it can not walk., The robot has 1 arm(s) with 1 DoFs and rigid No specified Gripper and it can not walk., The robot has 0 arm(s) with 5 DoFs and rigid No specified Gripper and it can not walk., The robot has 0 arm(s) with 6 DoFs and rigid No specified Gripper and it can not walk.","To determine the most suitable hardware configuration for the task of arranging a sofa, we need to analyze the requirements of the task and the capabilities of each configuration.

1. **Understanding the Task**: 
   - Arranging a sofa typically requires the ability to grasp, lift, and move the sofa. This involves manipulating an object that is likely large and heavy, requiring a significant degree of control and stability.

2. **Analyzing Configurations**:
   - **Configuration 1**: 1 arm with 6 DoFs, rigid No specified Gripper, cannot walk.
     - Pros: The 6 Degrees of Freedom (DoFs) allow for a wide range of motion and flexibility in manipulating the sofa.
     - Cons: Lack of a gripper means it cannot grasp the sofa directly.
   
   - **Configuration 2**: 0 arms with 4 DoFs, rigid No specified Gripper, cannot walk.
     - Not suitable as it has no arms for manipulation.
   
   - **Configuration 3**: 1 arm with 1 DoF, rigid No specified Gripper, cannot walk.
     - Limited capability due to only 1 DoF, making it difficult to maneuver the sofa.
   
   - **Configuration 4**: 0 arms with 5 DoFs, rigid No specified Gripper, cannot walk.
     - Not suitable as it has no arms for manipulation.
   
   - **Configuration 5**: 0 arms with 6 DoFs, rigid No specified Gripper, cannot walk.
     - Not suitable as it has no arms for manipulation.

3. **Conclusion**:
   - The only configuration that has an arm and sufficient DoFs to potentially manipulate an object is **Configuration 1**. Although it lacks a gripper, the 6 DoFs would provide the necessary flexibility to maneuver around the sofa, provided an alternative method of securing or moving the sofa can be implemented (for example, using suction or a different attachment).

**Final Decision**: 
The most suitable hardware configuration for the task of arranging a sofa is:
- **Configuration 1**: 1 arm(s) with 6 DoFs and rigid No specified Gripper and it can not walk.",The robot has 1 arm(s) with 6 DoFs and rigid No specified Gripper and it can not walk.,"To determine the most suitable hardware configuration for the task of arranging a sofa, we need to consider the requirements of the task and the capabilities of each configuration.

### Steps to Analyze:

1. **Understanding the Task**: Arranging a sofa typically involves moving it, which may require lifting, pushing, or pulling. This task necessitates some degree of manipulation capability.

2. **Analyzing Configurations**:
   - **Configuration 1**: 1 arm with 6 DoFs, rigid, no specified gripper, cannot walk.
   - **Configuration 2**: 0 arms with 4 DoFs, rigid, no specified gripper, cannot walk.
   - **Configuration 3**: 1 arm with 1 DoF, rigid, no specified gripper, cannot walk.
   - **Configuration 4**: 0 arms with 5 DoFs, rigid, no specified gripper, cannot walk.
   - **Configuration 5**: 0 arms with 6 DoFs, rigid, no specified gripper, cannot walk.

3. **Evaluating Each Configuration**:
   - **Configurations 2, 4, and 5** have 0 arms, which means they cannot manipulate or move the sofa at all. Therefore, they are not suitable for the task.
   - **Configuration 3** has 1 arm with only 1 DoF, which severely limits its ability to perform any meaningful manipulation of the sofa. It is unlikely to be effective for the task.
   - **Configuration 1** has 1 arm with 6 DoFs, which provides a high degree of freedom for manipulation. Although it cannot walk, it can potentially maneuver around the sofa and adjust its position to arrange it.

### Conclusion:
The most suitable configuration for the task of arranging a sofa is **Configuration 1**: 1 arm with 6 DoFs, rigid, no specified gripper, and it cannot walk. This configuration offers the necessary manipulation capabilities to move and arrange the sofa effectively.",The robot has 1 arm(s) with 6 DoFs and rigid No specified Gripper and it can not walk.,"To determine the most suitable hardware configuration for the task of arranging a sofa, we need to consider the requirements for moving and manipulating furniture. The task involves lifting, pushing, or pulling the sofa, which requires a degree of dexterity and strength.

Letâ€™s analyze the given configurations step by step:

1. **Configuration 1**: 1 arm(s) with 6 DoFs and rigid No specified Gripper and it can not walk.
   - **Pros**: The presence of 1 arm with 6 Degrees of Freedom (DoFs) allows for a high level of maneuverability, which is beneficial for positioning and adjusting the sofa.
   - **Cons**: The lack of a gripper means it may not be able to grasp the sofa effectively.

2. **Configuration 2**: 0 arm(s) with 4 DoFs and rigid No specified Gripper and it can not walk.
   - **Pros**: None, as it has no arms to manipulate the sofa.
   - **Cons**: Cannot perform the task at all.

3. **Configuration 3**: 1 arm(s) with 1 DoFs and rigid No specified Gripper and it can not walk.
   - **Pros**: At least it has one arm.
   - **Cons**: The single DoF restricts its ability to maneuver effectively, making it unsuitable for arranging a sofa.

4. **Configuration 4**: 0 arm(s) with 5 DoFs and rigid No specified Gripper and it can not walk.
   - **Pros**: None, as it has no arms to manipulate the sofa.
   - **Cons**: Cannot perform the task at all.

5. **Configuration 5**: 0 arm(s) with 6 DoFs and rigid No specified Gripper and it can not walk.
   - **Pros**: None, as it has no arms to manipulate the sofa.
   - **Cons**: Cannot perform the task at all.

After analyzing all configurations, the most suitable choice is **Configuration 1**: the robot has 1 arm with 6 Degrees of Freedom. Despite the lack of a gripper, the arm's flexibility allows for a potential design to be integrated later to facilitate the gripping of the sofa. The ability to move and position the sofa is paramount, and this configuration provides the best chance to achieve that.

**Final Choice**: Configuration 1: 1 arm(s) with 6 DoFs and rigid No specified Gripper and it can not walk.",The robot has 1 arm(s) with 6 DoFs and rigid No specified Gripper and it can not walk.,The robot has 1 arm(s) with 6 DoFs and rigid No specified Gripper and it can not walk.,The robot has 1 arm(s) with 6 DoFs and rigid No specified Gripper and it can not walk.
"Task: arrange some of the bottle on the counter
Configurations: The robot has 1 arm(s) with 4 DoFs and rigid No specified Gripper and it can not walk., The robot has 0 arm(s) with 5 DoFs and rigid No specified Gripper and it can not walk., The robot has 0 arm(s) with 6 DoFs and rigid No specified Gripper and it can not walk., The robot has 1 arm(s) with 1 DoFs and rigid No specified Gripper and it can not walk., The robot has 1 arm(s) with 5 DoFs and rigid No specified Gripper and it can not walk.","To determine the most suitable hardware configuration for the task of arranging bottles on a counter, we need to consider the requirements of the task and the capabilities of the robot configurations provided.

1. **Task Requirements**:
   - The robot needs to be able to reach for and manipulate bottles. This involves lifting, moving, and possibly rotating the bottles to arrange them properly.
   - The robot should have sufficient degrees of freedom (DoFs) in its arm to maneuver effectively around the bottles and the counter.

2. **Configuration Analysis**:
   - **Configuration 1**: 1 arm with 4 DoFs. This configuration allows for some movement but may be limited in terms of flexibility and range of motion.
   - **Configuration 2**: 0 arms with 5 DoFs. Without any arms, this robot cannot perform the task of arranging bottles.
   - **Configuration 3**: 0 arms with 6 DoFs. Similar to Configuration 2, this robot cannot perform the task.
   - **Configuration 4**: 1 arm with 1 DoF. This configuration is very limited in movement, likely insufficient for arranging bottles.
   - **Configuration 5**: 1 arm with 5 DoFs. This configuration has a single arm with a higher degree of freedom, allowing for more complex movements and better manipulation of bottles.

3. **Conclusion**:
   - The most suitable configuration for the task of arranging bottles on the counter is **Configuration 5**: 1 arm with 5 DoFs and a rigid No specified Gripper and it can not walk. This configuration provides the necessary mobility and flexibility to effectively perform the task while having the capability of a single arm to manipulate the bottles. 

Therefore, the complete configuration I choose is: **1 arm(s) with 5 DoFs, rigid, No specified Gripper, and it can not walk.**",The robot has 1 arm(s) with 5 DoFs and rigid No specified Gripper and it can not walk.,"To determine the most suitable hardware configuration for the task of arranging bottles on the counter, we need to consider the following factors:

1. **Number of Arms**: Since the task involves manipulating bottles, having at least one arm is essential for grasping and moving them.

2. **Degrees of Freedom (DoFs)**: A higher number of DoFs allows for more versatile movement, which is beneficial for tasks that require precision and varied positioning, such as arranging bottles.

3. **Gripper**: While the configurations mention a ""rigid No specified Gripper,"" we need to consider how well the robot can handle the bottles. A configuration with a more capable gripper would be ideal, but since all options specify a rigid gripper, we will focus on the arm configuration.

4. **Mobility**: The configurations indicate that the robot cannot walk, which means it will need to perform all tasks from a stationary position. This limits the need for mobility but emphasizes the importance of the arm's capabilities.

Now, let's analyze the provided configurations:

- **Configuration 1**: 1 arm with 4 DoFs - This configuration has a single arm with moderate flexibility, which could be sufficient for arranging bottles.

- **Configuration 2**: 0 arms with 5 DoFs - This configuration cannot perform the task since it lacks any arms.

- **Configuration 3**: 0 arms with 6 DoFs - Similar to Configuration 2, it cannot perform the task due to the absence of arms.

- **Configuration 4**: 1 arm with 1 DoF - This configuration has very limited movement capabilities, making it unsuitable for the task.

- **Configuration 5**: 1 arm with 5 DoFs - This configuration offers a single arm with a higher degree of freedom, allowing for more complex movements and better handling of the bottles.

After evaluating all configurations, the best choice for the task of arranging bottles on the counter is:

**Configuration 5: The robot has 1 arm(s) with 5 DoFs and rigid No specified Gripper and it can not walk.**

This configuration provides a good balance of having an arm for manipulation and sufficient degrees of freedom to effectively arrange the bottles.",The robot has 1 arm(s) with 5 DoFs and rigid No specified Gripper and it can not walk.,"To determine the most suitable hardware configuration for the task of arranging bottles on the counter, we need to analyze the requirements of the task and the capabilities provided by each configuration.

1. **Understanding the Task**: The robot needs to manipulate bottles, which involves picking them up, moving them, and placing them in an arranged manner on the counter. This requires a certain level of dexterity and reach.

2. **Analyzing the Configurations**:
   - **Configuration 1**: 1 arm with 4 DoFs (Degrees of Freedom) - This configuration has some dexterity with 4 DoFs, which can allow for basic manipulation of objects.
   - **Configuration 2**: 0 arms with 5 DoFs - This configuration cannot perform the task since it lacks any arms for manipulation.
   - **Configuration 3**: 0 arms with 6 DoFs - Similar to Configuration 2, this cannot perform the task due to the absence of arms.
   - **Configuration 4**: 1 arm with 1 DoF - This configuration has very limited movement capabilities, likely insufficient for arranging bottles effectively.
   - **Configuration 5**: 1 arm with 5 DoFs - This configuration has a good level of dexterity, allowing for more complex movements and better manipulation of bottles.

3. **Choosing the Best Configuration**: 
   - Configuration 5 (1 arm with 5 DoFs) is the most suitable for the task. It combines the necessary manipulation capability with enough degrees of freedom to effectively pick up, move, and arrange bottles on the counter. 

Therefore, the complete configuration I choose is:
**1 arm(s) with 5 DoFs and rigid No specified Gripper and it can not walk.**",The robot has 1 arm(s) with 5 DoFs and rigid No specified Gripper and it can not walk.,The robot has 1 arm(s) with 5 DoFs and rigid No specified Gripper and it can not walk.,The robot has 0 arm(s) with 6 DoFs and rigid No specified Gripper and it can not walk.
"Task: arrange the black objects on the table
Configurations: The robot has 1 arm(s) with 7 DoFs and rigid No specified Gripper and it can not walk., The robot has 1 arm(s) with 7 DoFs and rigid Robot Grippers with 2 Fingers and it can not walk., The robot has 0 arm(s) with 7 DoFs and rigid No specified Gripper and it can not walk., The robot has 1 arm(s) with 1 DoFs and rigid No specified Gripper and it can not walk., The robot has 0 arm(s) with 6 DoFs and rigid No specified Gripper and it can not walk.","To determine the most suitable hardware configuration for the task of arranging black objects on a table, let's analyze the options provided step by step:

1. **Understanding the Task**: The task requires the robot to manipulate and arrange objects. This implies that the robot needs to have the capability to grasp and move these objects effectively.

2. **Evaluating the Configurations**:
   - **Configuration 1**: 1 arm with 7 DoFs and rigid No specified Gripper. This configuration has an arm with a high degree of freedom, which is beneficial for reaching and positioning objects, but the lack of a gripper means it cannot actually pick up or manipulate the objects.
   
   - **Configuration 2**: 1 arm with 7 DoFs and rigid Robot Grippers with 2 Fingers. This configuration is similar to the first, but it includes a gripper. The 2-finger gripper allows the robot to grasp objects, making it suitable for the task of arranging items on a table.
   
   - **Configuration 3**: 0 arms with 7 DoFs and rigid No specified Gripper. This configuration lacks any arms, making it entirely unsuitable for the task as it cannot manipulate objects at all.
   
   - **Configuration 4**: 1 arm with 1 DoFs and rigid No specified Gripper. While it has an arm, the single degree of freedom severely limits its ability to reach and manipulate objects effectively, and it also lacks a gripper.
   
   - **Configuration 5**: 0 arms with 6 DoFs and rigid No specified Gripper. Like configuration 3, this configuration has no arms and cannot perform the task.

3. **Conclusion**: The only configuration that allows for both the manipulation of objects and has sufficient movement capability is Configuration 2. The 7 degrees of freedom provide flexibility for reaching and positioning, while the 2-finger gripper enables the robot to grasp and arrange the black objects on the table.

**Final Configuration Chosen**: 
- 1 arm with 7 DoFs and rigid Robot Grippers with 2 Fingers.",The robot has 1 arm(s) with 7 DoFs and rigid Robot Grippers with 2 Fingers and it can not walk.,"To determine the most suitable hardware configuration for the task of arranging black objects on a table, we need to consider the requirements of the task and the capabilities of each configuration provided.

1. **Task Analysis**: The task involves manipulating and arranging objects, which requires dexterity and the ability to grasp and move items.

2. **Configurations Analysis**:
   - **Configuration 1**: 1 arm with 7 DoFs and no specified gripper, cannot walk.
     - Pros: 7 DoFs provide a high degree of freedom for movement and positioning.
     - Cons: No gripper means it cannot grasp or manipulate objects effectively.
   
   - **Configuration 2**: 1 arm with 7 DoFs and rigid robot grippers with 2 fingers, cannot walk.
     - Pros: 7 DoFs allow for versatile movement, and the rigid grippers can grasp objects, making it capable of performing the task.
     - Cons: Limited mobility since it cannot walk, but this is acceptable for a table-based task.
   
   - **Configuration 3**: 0 arms with 7 DoFs and no specified gripper, cannot walk.
     - Pros: None, as it has no arms to perform the task.
   
   - **Configuration 4**: 1 arm with 1 DoF and no specified gripper, cannot walk.
     - Pros: The presence of an arm, but...
     - Cons: 1 DoF is insufficient for arranging objects effectively, and no gripper means it cannot manipulate objects.
   
   - **Configuration 5**: 0 arms with 6 DoFs and no specified gripper, cannot walk.
     - Pros: None, as it has no arms to perform the task.

3. **Conclusion**: The only configuration that allows for both the manipulation of objects (due to the presence of a gripper) and has the necessary degrees of freedom to arrange the objects effectively is Configuration 2.

**Complete Configuration Chosen**: 
- 1 arm with 7 DoFs
- Rigid robot grippers with 2 fingers
- Cannot walk

This configuration is the most suitable for the task of arranging black objects on the table.",The robot has 1 arm(s) with 7 DoFs and rigid Robot Grippers with 2 Fingers and it can not walk.,"To determine the most suitable hardware configuration for the task of arranging black objects on a table, let's evaluate the options step by step:

1. **Understanding the Task**: The task requires the robot to manipulate and arrange objects. This involves picking up, moving, and placing objects, which necessitates some form of manipulation capability.

2. **Evaluating the Configurations**:
   - **Configuration 1**: 1 arm with 7 DoFs and rigid No specified Gripper, cannot walk.
     - Pros: The arm has 7 degrees of freedom (DoFs), which allows for a wide range of movement and flexibility.
     - Cons: No specified gripper means it may not effectively grasp or manipulate objects.
   
   - **Configuration 2**: 1 arm with 7 DoFs and rigid Robot Grippers with 2 Fingers, cannot walk.
     - Pros: The arm has 7 DoFs for flexibility, and the presence of a 2-finger gripper allows for better manipulation of objects, making it suitable for picking and arranging.
     - Cons: Still cannot walk, but this is less critical for a tabletop task.
   
   - **Configuration 3**: 0 arms with 7 DoFs and rigid No specified Gripper, cannot walk.
     - Not suitable at all since it has no arms for manipulation.
   
   - **Configuration 4**: 1 arm with 1 DoF and rigid No specified Gripper, cannot walk.
     - Limited capability due to only having 1 DoF, which restricts the range of motion significantly. Also lacks a gripper.
   
   - **Configuration 5**: 0 arms with 6 DoFs and rigid No specified Gripper, cannot walk.
     - Like Configuration 3, this is not suitable as it has no arms for manipulation.

3. **Conclusion**: The second configuration is the most suitable for the task. It has the necessary arm and gripper to effectively pick up and arrange the black objects on the table.

**Final Configuration**: The robot has 1 arm with 7 DoFs and rigid Robot Grippers with 2 Fingers, and it cannot walk.",The robot has 1 arm(s) with 7 DoFs and rigid Robot Grippers with 2 Fingers and it can not walk.,The robot has 1 arm(s) with 7 DoFs and rigid Robot Grippers with 2 Fingers and it can not walk.,The robot has 1 arm(s) with 7 DoFs and rigid Robot Grippers with 2 Fingers and it can not walk.
"Task: arrange the black objects together
Configurations: The robot has 0 arm(s) with 7 DoFs and rigid Robot Grippers with 2 Fingers and it can not walk., The robot has 1 arm(s) with 7 DoFs and rigid Robot Grippers with 2 Fingers and it can not walk., The robot has 0 arm(s) with 7 DoFs and rigid No specified Gripper and it can not walk., The robot has 0 arm(s) with 6 DoFs and rigid No specified Gripper and it can not walk., The robot has 1 arm(s) with 1 DoFs and rigid No specified Gripper and it can not walk.","To determine the most suitable hardware configuration for the task of arranging black objects together, I will analyze each option step by step based on the requirements of the task.

1. **Task Requirements**: 
   - The robot needs to manipulate black objects, which implies it needs some form of gripper or means to grasp these objects.
   - The robot must have the capability to navigate and position itself to arrange objects, even if it cannot walk.

2. **Configurations Analysis**:
   - **Configuration 1**: 0 arms, 7 DoFs, rigid grippers with 2 fingers, cannot walk.
     - **Pros**: The presence of grippers is beneficial for grasping objects.
     - **Cons**: Having 0 arms limits the robot's ability to manipulate objects effectively. It may not be able to reach or position objects accurately.
   
   - **Configuration 2**: 1 arm, 7 DoFs, rigid grippers with 2 fingers, cannot walk.
     - **Pros**: The single arm with 7 degrees of freedom allows for a wide range of motion and flexibility in grasping and arranging objects. The grippers will enable the robot to pick up and manipulate the black objects.
     - **Cons**: The inability to walk may limit its range, but it can still reach within its operating area.
   
   - **Configuration 3**: 0 arms, 7 DoFs, rigid no specified gripper, cannot walk.
     - **Cons**: Without arms or a gripper, this configuration is not suitable for manipulating objects.
   
   - **Configuration 4**: 0 arms, 6 DoFs, rigid no specified gripper, cannot walk.
     - **Cons**: Similar to Configuration 3, it lacks the necessary components to manipulate objects.
   
   - **Configuration 5**: 1 arm, 1 DoF, rigid no specified gripper, cannot walk.
     - **Cons**: While it has one arm, the single degree of freedom greatly restricts its ability to maneuver or grasp objects effectively. The absence of a gripper further limits its functionality.

3. **Conclusion**:
After analyzing all configurations, **Configuration 2** (1 arm with 7 DoFs and rigid grippers with 2 fingers) is the most suitable choice for the task of arranging black objects together. The arm provides the necessary dexterity and the grippers allow for effective manipulation of the objects. 

**Final Configuration Chosen**: 
- 1 arm(s) with 7 DoFs
- Rigid Robot Grippers with 2 Fingers
- Cannot walk.",The robot has 1 arm(s) with 7 DoFs and rigid Robot Grippers with 2 Fingers and it can not walk.,"To determine the most suitable hardware configuration for the task of arranging black objects together, let's analyze each option step by step based on the requirements of the task.

1. **Understanding the Task:**
   - The task requires the robot to identify and manipulate black objects, which implies a need for some level of dexterity and the ability to grasp or move objects.

2. **Evaluating Configurations:**
   - **Configuration 1:** 0 arms, 7 DoFs, rigid Robot Grippers with 2 Fingers, cannot walk.
     - **Analysis:** Without arms, the robot cannot physically manipulate or arrange objects, despite having grippers.
  
   - **Configuration 2:** 1 arm, 7 DoFs, rigid Robot Grippers with 2 Fingers, cannot walk.
     - **Analysis:** This configuration has one arm with 7 degrees of freedom (DoFs), allowing for a wide range of motion and the ability to grasp objects effectively. The presence of a gripper makes it suitable for picking up and arranging objects.

   - **Configuration 3:** 0 arms, 7 DoFs, rigid No specified Gripper, cannot walk.
     - **Analysis:** Similar to Configuration 1, the lack of arms means it cannot manipulate objects, rendering it unsuitable.

   - **Configuration 4:** 0 arms, 6 DoFs, rigid No specified Gripper, cannot walk.
     - **Analysis:** Again, without arms, this configuration cannot perform the task.

   - **Configuration 5:** 1 arm, 1 DoF, rigid No specified Gripper, cannot walk.
     - **Analysis:** While it has one arm, the low degree of freedom (1 DoF) limits its ability to manipulate objects effectively. Additionally, the absence of a gripper means it cannot grasp or arrange objects.

3. **Conclusion:**
Based on the analysis, the most suitable hardware configuration for the task of arranging black objects together is:

**Configuration 2:** 1 arm(s) with 7 DoFs and rigid Robot Grippers with 2 Fingers and it can not walk.

This configuration allows for effective manipulation and arrangement of objects due to its arm and gripper capabilities.",The robot has 1 arm(s) with 7 DoFs and rigid Robot Grippers with 2 Fingers and it can not walk.,"To determine the most suitable hardware configuration for the task of arranging black objects together, we need to consider the requirements of the task and the capabilities of each configuration.

1. **Understanding the Task**: The task requires the robot to identify and arrange black objects. This typically involves:
   - Locating the objects
   - Grasping and moving them
   - Placing them in a designated arrangement

2. **Evaluating Configurations**:
   - **Configuration 1**: 0 arms, 7 DoFs, rigid grippers with 2 fingers, cannot walk.
     - Lacks the ability to grasp objects due to having 0 arms.
   - **Configuration 2**: 1 arm, 7 DoFs, rigid grippers with 2 fingers, cannot walk.
     - Has 1 arm which can grasp and manipulate objects, making it capable of performing the task.
   - **Configuration 3**: 0 arms, 7 DoFs, no specified gripper, cannot walk.
     - Lacks the ability to grasp objects.
   - **Configuration 4**: 0 arms, 6 DoFs, no specified gripper, cannot walk.
     - Lacks the ability to grasp objects.
   - **Configuration 5**: 1 arm, 1 DoF, no specified gripper, cannot walk.
     - Has an arm but only 1 DoF limits its capability to manipulate objects effectively.

3. **Conclusion**: The most suitable configuration for the task is **Configuration 2**: 1 arm(s) with 7 DoFs and rigid Robot Grippers with 2 Fingers and it cannot walk. This configuration has the necessary arm and gripper to grasp and manipulate the black objects effectively, enabling it to complete the task of arranging them together. 

**Final Decision**: 
- **Chosen Configuration**: 1 arm(s) with 7 DoFs and rigid Robot Grippers with 2 Fingers and it cannot walk.",The robot has 1 arm(s) with 7 DoFs and rigid Robot Grippers with 2 Fingers and it can not walk.,The robot has 1 arm(s) with 7 DoFs and rigid Robot Grippers with 2 Fingers and it can not walk.,The robot has 1 arm(s) with 7 DoFs and rigid Robot Grippers with 2 Fingers and it can not walk.
"Task: arrange the cups
Configurations: The robot has 0 arm(s) with 6 DoFs and rigid Robot Grippers with 2 Fingers and it can not walk., The robot has 1 arm(s) with 7 DoFs and rigid Robot Grippers with 2 Fingers and it can not walk., The robot has 1 arm(s) with 1 DoFs and rigid No specified Gripper and it can not walk., The robot has 1 arm(s) with 6 DoFs and rigid Robot Grippers with 2 Fingers and it can not walk., The robot has 1 arm(s) with 6 DoFs and rigid No specified Gripper and it can not walk.","To determine the most suitable hardware configuration for the task of arranging cups, we need to consider a few key factors:

1. **Number of Arms**: Since the task involves manipulation of cups, having at least one arm would be beneficial for grasping and moving the cups.

2. **Degrees of Freedom (DoFs)**: More DoFs allow for greater flexibility and dexterity in movement. This is important for accurately positioning and arranging the cups.

3. **Gripper Type**: A rigid gripper with fingers is more suitable for grasping objects like cups compared to a configuration without a specified gripper.

4. **Mobility**: While all configurations indicate the robot cannot walk, this does not impact the ability to arrange cups as long as the robot can reach the cups and manipulate them effectively.

Now, let's analyze the configurations:

1. **0 arms with 6 DoFs and rigid grippers**: No arms means no ability to manipulate cups.
   
2. **1 arm with 7 DoFs and rigid grippers**: This configuration allows for high flexibility and dexterity, making it ideal for arranging cups.

3. **1 arm with 1 DoF and no specified gripper**: Limited movement and no effective gripper make this configuration unsuitable.

4. **1 arm with 6 DoFs and rigid grippers**: This configuration provides good flexibility and the ability to grasp cups effectively.

5. **1 arm with 6 DoFs and no specified gripper**: While it has good flexibility, the lack of a specified gripper limits its ability to effectively grasp and manipulate cups.

After considering these factors, the most suitable configuration for the task of arranging cups is:

**1 arm with 7 DoFs and rigid Robot Grippers with 2 Fingers.**

This configuration provides the necessary dexterity and gripping capability to effectively handle and arrange cups.",The robot has 1 arm(s) with 7 DoFs and rigid Robot Grippers with 2 Fingers and it can not walk.,"To determine the most suitable hardware configuration for the task of arranging cups, we need to analyze the requirements of the task and the capabilities of each configuration step by step.

1. **Understanding the Task**: The task is to arrange cups. This involves picking up cups, possibly repositioning them, and placing them in a specific order or location. Key requirements include the ability to grasp, lift, and move the cups.

2. **Arm Configuration**: 
   - The configurations with ""0 arm(s)"" are not suitable because they lack the necessary mobility to pick up and arrange cups.
   - The configurations with ""1 arm(s)"" are more promising as they have the potential to manipulate objects.

3. **Degrees of Freedom (DoFs)**:
   - The configurations with higher DoFs (7 DoFs and 6 DoFs) will provide greater flexibility and dexterity in movement. This is important for accurately grasping and positioning cups, which can vary in size and shape.
   - The configuration with ""1 arm(s) and 1 DoFs"" is too limited for the task, as it would not allow for the necessary range of motion.

4. **Gripper Type**:
   - The configurations with ""rigid Robot Grippers with 2 Fingers"" are preferable because they can effectively grasp cups. A two-finger gripper is capable of securely holding cylindrical objects like cups.
   - The configurations with ""rigid No specified Gripper"" lack the necessary mechanism to grasp objects, making them unsuitable for the task.

5. **Walking Capability**: 
   - All configurations cannot walk, which is acceptable for this task since the robot can perform the arrangement from a stationary position.

Based on this analysis, the most suitable configuration for the task of arranging cups is:

**Configuration**: The robot has 1 arm(s) with 7 DoFs and rigid Robot Grippers with 2 Fingers and it can not walk.

This configuration provides the necessary dexterity and gripping capability to effectively pick up and arrange cups.",The robot has 1 arm(s) with 7 DoFs and rigid Robot Grippers with 2 Fingers and it can not walk.,"To determine the most suitable hardware configuration for the task of arranging cups, we need to consider several factors:

1. **Number of Arms**: The robot must have at least one arm to manipulate the cups. Configurations with 0 arms are not suitable.

2. **Degrees of Freedom (DoFs)**: The more DoFs an arm has, the more versatile it is in terms of movement and positioning. This is crucial for tasks that require precise placement and manipulation, such as arranging cups.

3. **Grippers**: The type of gripper is important for securely holding the cups. Rigid grippers with fingers are better suited for grasping objects like cups than a configuration with no specified gripper.

4. **Mobility**: Although the robot cannot walk, it is not a significant issue for the task of arranging cups, as the cups can be placed in a stationary position.

Now, let's evaluate the configurations:

- **Configuration 1**: 0 arms, 6 DoFs, rigid Robot Grippers with 2 Fingers (Not suitable due to no arms).
- **Configuration 2**: 1 arm, 7 DoFs, rigid Robot Grippers with 2 Fingers (Highly suitable due to 7 DoFs and a gripper).
- **Configuration 3**: 1 arm, 1 DoF, rigid No specified Gripper (Limited capability due to 1 DoF and no gripper).
- **Configuration 4**: 1 arm, 6 DoFs, rigid Robot Grippers with 2 Fingers (Suitable due to 6 DoFs and a gripper).
- **Configuration 5**: 1 arm, 6 DoFs, rigid No specified Gripper (Limited capability due to lack of a specified gripper).

Based on this analysis, **Configuration 2** is the most suitable for the task of arranging cups. It has:

- 1 arm, which is necessary for manipulation.
- 7 Degrees of Freedom, allowing for a wide range of movements and better precision in placing cups.
- Rigid Robot Grippers with 2 Fingers, which are ideal for grasping and moving cups securely.

**Complete Configuration Chosen**: 1 arm, 7 DoFs, rigid Robot Grippers with 2 Fingers, cannot walk.",The robot has 1 arm(s) with 7 DoFs and rigid Robot Grippers with 2 Fingers and it can not walk.,The robot has 1 arm(s) with 7 DoFs and rigid Robot Grippers with 2 Fingers and it can not walk.,The robot has 1 arm(s) with 7 DoFs and rigid Robot Grippers with 2 Fingers and it can not walk.
