question,cot_0,final_answer_0,cot_1,final_answer_1
"Meal: Lamb and Bean Nachos With Salsa Fresca
Plate: ","To determine the appropriate type of plate for serving Lamb and Bean Nachos with Salsa Fresca, let's consider the nature and components of the meal:

1. **Meal Composition**: The meal consists of nachos, which are typically layered or topped with various ingredients like lamb, beans, and salsa. This suggests a need for a plate that can accommodate a variety of toppings and potentially a larger portion.

2. **Serving Style**: Nachos are often served in a shared style, where multiple people might take portions from a central serving. This implies the need for a plate that can hold a moderate to large serving without spillage.

3. **Plate Options**:
   - **Dinner Plate**: Large and flat, suitable for main courses and meals with multiple components like nachos.
   - **Dessert Plate**: Smaller, typically used for desserts or small servings, not ideal for a full nacho serving.
   - **Bowl**: Deep, suitable for liquid-based dishes, not ideal for nachos which are better served on a flat surface.
   - **Coupe Plate**: A hybrid between a bowl and a plate, with slightly raised edges, could work but may not be necessary unless the dish is particularly saucy.
   - **None**: Not applicable, as a plate is needed to serve the meal.

4. **Best Choice**: A Dinner Plate would be the most suitable choice. It provides the necessary space and flat surface to spread out the nachos, allowing for easy access to all toppings and components without crowding or spilling.

Plate: Dinner Plate",Dinner Plate,"To determine the appropriate type of plate for serving Lamb and Bean Nachos With Salsa Fresca, let's consider the characteristics of the meal:

1. **Type of Meal**: Nachos are typically served as a main dish or appetizer. They consist of tortilla chips topped with various ingredients like lamb, beans, cheese, and salsa.

2. **Serving Style**: Nachos are often served spread out to allow for even distribution of toppings. This requires a plate with enough surface area.

3. **Portion Size**: Since nachos are often shared or served in larger portions, a larger plate would be more suitable.

4. **Containment**: While nachos don't have a liquid component that requires a bowl, the toppings can be a bit messy. A plate with a slight rim might help keep everything contained.

Based on these considerations, the most appropriate choice would be a **Dinner Plate**. It provides ample space for spreading out the nachos and toppings while also having a slight rim to help contain the ingredients.",Dinner Plate
"Meal: Meatloaf With BBQ Sauce
Plate: ","To determine the appropriate type of plate for the meal ""Meatloaf With BBQ Sauce,"" let's consider the following factors:

1. **Portion Size**: Meatloaf is typically served as a main course, which often involves a larger portion size. This suggests the need for a larger plate.

2. **Accompaniments**: Meatloaf is often accompanied by side dishes such as mashed potatoes, vegetables, or a salad. These sides require additional space on the plate.

3. **Presentation**: A main course like meatloaf is generally presented on a flat surface to allow for an appealing arrangement of the meat and its sides.

4. **Functionality**: The plate should be able to contain any sauce or juices that might accompany the meatloaf without spilling.

Considering these factors, a **Dinner Plate** would be the most suitable choice. It provides ample space for the meatloaf, its accompaniments, and any sauce, ensuring a balanced and aesthetically pleasing presentation.",Dinner Plate,"To determine the most suitable type of plate for serving meatloaf with BBQ sauce, let's consider the characteristics and typical presentation of this meal:

1. **Main Dish**: Meatloaf is typically served as a main course, which usually requires a larger plate to accommodate the portion size and any accompanying sides.
   
2. **Accompaniments**: Meatloaf is often served with side dishes such as mashed potatoes, vegetables, or a salad. This further supports the need for a larger plate to hold multiple items.

3. **Sauce**: The BBQ sauce might spread or require space to ensure it doesn't spill over the edges, which also suggests a larger surface area is needed.

Given these considerations, the most appropriate choice is a **Dinner Plate**. This type of plate is designed to hold main courses and their sides, providing ample space for the meatloaf, sauce, and any additional items.",Dinner Plate
"Meal: Tiramisu
Plate: ","To determine the appropriate type of plate for serving tiramisu, let's consider the characteristics of the meal:

1. **Nature of the Meal**: Tiramisu is a dessert, typically a layered Italian dessert made with coffee-soaked ladyfingers, mascarpone cheese, and cocoa.

2. **Portion Size**: Desserts are usually served in smaller portions compared to main courses.

3. **Presentation**: Desserts like tiramisu are often presented in a way that highlights their layers and structure, requiring a plate that accommodates this presentation.

4. **Plate Options**: 
   - **Dinner Plate**: Too large for a dessert serving.
   - **Dessert Plate**: Appropriately sized for dessert portions and presentation.
   - **Bowl**: Not suitable for a layered dessert like tiramisu.
   - **Coupe Plate**: While it can accommodate desserts, it is typically used for items that may have some sauce or liquid, which is not typical for tiramisu.
   - **None**: Not an option since a plate is required.

Considering these factors, the most suitable choice for serving tiramisu is a **Dessert Plate**.",Dessert Plate,"To determine the appropriate type of plate for serving tiramisu, let's consider the characteristics and typical presentation of the dish:

1. **Tiramisu Characteristics**: Tiramisu is a classic Italian dessert that is creamy and layered, typically consisting of mascarpone cheese, coffee-soaked ladyfingers, cocoa, and sometimes chocolate shavings.

2. **Typical Presentation**: Desserts like tiramisu are often served in individual portions. It is not a liquid dish, so it does not require a bowl. 

3. **Plate Options**:
   - **Dinner Plate**: Generally used for main courses, which are larger and more substantial than desserts.
   - **Dessert Plate**: Specifically designed for serving desserts. It is smaller than a dinner plate and provides an appropriate size for individual dessert portions.
   - **Bowl**: Suitable for liquid or semi-liquid dishes like soups or stews, not typically used for a solid dessert like tiramisu.
   - **Coupe Plate**: A versatile plate with a slight curve, sometimes used for desserts but more commonly for dishes that require a bit more containment than a flat plate.
   - **None**: Not applicable as a plate is needed for serving.

4. **Conclusion**: Given that tiramisu is a dessert and is typically served in individual portions, the most suitable choice is a Dessert Plate.

Therefore, the appropriate plate for serving tiramisu is a Dessert Plate.",Dessert Plate
