"Recipe1M+ ID","Name"
"0d02a72cfa","Lamb and Bean Nachos With Salsa Fresca"
"0cb3a8dd1b","Meatloaf With BBQ Sauce"
"034566dced","Tiramisu"
"09735470c4","Loaded Potato Soup"
"171ef0df45","Vegan Sushi Roll with Avocado, Carrot and Cucumber"
"08d62f3586","Spaghettini Bolognese"
"17c5be4051","Meatballs With Orzo and Italian Vegetables"
"164dd39bc8","Orange Spinach Salmon Salad"
"21cf0a92db","Moussaka with Rice"
"258e057c96","Miso Broth Ramen"
"147e132b03","Leg of Lamb With Garlic Sauce and Fresh Herbs"
"161c4ab8b7","Beer Battered Shrimp"
"23e03f51ed","Beef Barbecue Casserole"
"3dc052c587","Baked Salmon with Sweet Olive Salsa"
"00856a7fc1","Ginger Hazelnut Cookies"
"294aa239b7","Cajun Chicken Sandwiches"
"274334e3ee","Three Cheese Ravioli"
"0cc18f7593","Stringy Macaroni & Cheese"
"23f0a7f1fb","Mushroom Omelet"
"233bf1ba24","Baked Apples with Candied Walnuts"
"091f14f802","Spring Green Salad"
"29d57de424","Hamburgers"
"26e1daadd1","Hot Apple Oatmeal"
"2e142eb080","Quinoa Salad"
"1a5ec168f7","Pan Fried Steak With Vegetables"
"004ecc20aa","Strawberry Custard Cake"
"0a95e66289","Baked Breakfast Burritos"
"07fcc9f6e8","Teriyaki Pork Chops"
"30d6f21f84","White-Bean Soup with Bacon and Herbs"
"3586be4388","Velveeta Chicken Spaghetti"
"195121e129","Greek Chickpea Stew"
"2b76e77f69","Steamed Coconut Rice"
"06d08227aa","Caramelized Shallot and Mushroom Quiche"
"37df2dafee","Roasted Sweet Potato Slices"
"08eb8903cf","Sausage and Corn Quesadillas"
"298802a175","Chicken Parmesan Panini"
"01463f9160","Eggplant Curry (Indian)"
"2ebf72f9aa","Eggs with Chickpeas, Spinach, and Tomato"
"3705ac9921","Brazilian Seafood Stew"
"08e50a3281","Asparagus and Artichoke Pasta Salad"
"1c15644675","Chocolate Chip Cranberry Muffins"
"398c902781","Baklava"
"2348fc335a","Linguine Pasta with Shrimp and Tomatoes"
"1cf0c57457","Sloppy Joes with Cornbread"
"2bb5da2786","Chillaquillas"
"393d0b8979","Deep-Fried Plantain Rounds"
"0b2eea8f10","Ranch and Avocado Pasta Salad"
"1080a4a1ac","Roasted Tomato Soup"
"2bee72b587","Mushrooms & Scrambled Eggs on Toast"
"175a7231fd","Baked Acorn Squash with Fruit"
"00dd1ed230","Sea Bass with Gingered Vegetable Stir-Fry"
"270ae62fb8","Rhubarb Bread Pudding"
"09c244bde4","Green Tomato Pie"
"09a52313c0","Classic Chili"
"12816a9dd7","Pad Thai with Kale"
"069e265c7c","Korean-Style Cucumber Kimchi"
"1081a588b3","BBQ Oysters"
"0d589390ed","Spicy Sausage Ragu With Red Peppers"
"2ee381e95e","Garlic and Red Pepper Broccoli"
"2599f38b28","Tropical Coleslaw"
"0d8a3b91d6","Middle Eastern Fava Bean Stew"
"227cfa75b3","Linguine With Sausage and Mushrooms"
"37a3f24a5f","Grilled Octopus with Ancho Chile Sauce"
"20cdfd7571","Chicken Wings with Salsa Verde"
"36ef87c1a7","Banh Mi (Vietnamese Pulled Pork Sandwich)"
"0fe8c7489a","Veggie Pizza"
"02fc3692ea","Blueberry French Toast"
"0caa4dc535","Baked Noodles and Eggplant"
"34a6414348","Roasted Rosemary Turkey Breast"
"29aabb538d","Baked Carrots"
"34b7f90b46","Dal With Chicken"
"19c8b7c8e4","Apple Walnut Cake"
"3618794ab1","Grilled Peaches with Cinnamon Ice Cream"
"1e1c9e108e","Chili Prawn and Tomato Spaghetti"
"042c2b50aa","Corn on the Cob with Cheese and Lime"
"1e0908d46e","Brownies"
"23b505ee13","Soft-Shell Crabs, With Lime Sauce"
"0c2332916d","Beef Stew with Dried Mushrooms"
"21f86458d7","Indian Spiced Shrimp"
"2c3f8bf1b5","Stuffed Green Bell Peppers"
"399fe21860","Herbal Tuna Salad"
"122f10c90f","Sweet and Sour Pork"
"04b3ffa317","Caramel Oatmeal Bars"
"01922d14e3","Snapper in Black Sauce"
"068e60fac9","American Potato Salad"
"3d6f880ebe","Chicken Piccata"
"30fae073b2","Creamy Baked Mac and Cheese"
"03c81746a1","Chicken & Broccoli Cannelloni"
"0009785a2e","Rice With Lemon, Capers & Parsley"
"26e292827c","Ham and Asparagus Pie"
"2ef8454942","Cauliflower in Chilli Butter Sauce"
"2ceee28ee8","Fruit and Veggie Couscous"
"064d9a5eb8","Chicken Fingers with Tomato-Jalapeno Sauce"
"07385b7851","Chocolate Caramel Cake"
"2202fef139","Mash Potatoes"
"2cc68868b2","Tom Kha Gai (Thai Spicy Coconut Soup)"
"227cafe767","Black Bean Chili"
"27c5efde30","Lemon Garlic Salmon"
"2f716e9bd2","Heirloom Tomato Salad with Basil Vinaigrette"
"09f37edcfc","Quinoa Veggie Burgers"
