Object,Affordances
abrader,"{1: ('beautify', 0.75), 2: ('change', 0.75), 3: ('fix', 0.75), 4: ('polish', 0.75), 5: ('prepare', 0.75), 6: ('repair', 0.75), 7: ('smoothen', 0.75), 8: ('smoothen', 0.75)}"
abrading stone,"{1: ('beautify', 0.75), 2: ('change', 0.75), 3: ('fix', 0.75), 4: ('polish', 0.75), 5: ('prepare', 0.75), 6: ('repair', 0.75), 7: ('smoothen', 0.75), 8: ('smoothen', 0.75)}"
adjustable wrench,"{1: ('grasp', 0.75), 2: ('change', 0.75), 3: ('fix', 0.75), 4: ('hold', 0.75), 5: ('prepare', 0.75), 6: ('repair', 0.75), 7: ('wrench', 0.75)}"
adz,"{1: ('cut', 0.75), 2: ('change', 0.75), 3: ('chop', 0.75), 4: ('cut', 0.75), 5: ('fix', 0.75), 6: ('hammer', 0.75), 7: ('prepare', 0.75), 8: ('repair', 0.75), 9: ('separate', 0.75), 10: ('skin', 0.75), 11: ('strike', 0.75)}"
air hammer,"{1: ('break', 0.75), 2: ('change', 0.75), 3: ('clean', 0.75), 4: ('control', 0.75), 5: ('fix', 0.75), 6: ('hammer', 0.75), 7: ('handle', 0.75), 8: ('install', 0.75), 9: ('manipulate', 0.75), 10: ('move', 0.75), 11: ('operate', 0.75), 12: ('perform', 0.75), 13: ('plug', 0.75), 14: ('prepare', 0.75), 15: ('put', 0.75), 16: ('repair', 0.75), 17: ('move', 0.75), 18: ('strike', 0.75), 19: ('switch', 0.75), 20: ('switch', 0.75), 21: ('switch', 0.75), 22: ('transport', 0.75), 23: ('turn', 0.75), 24: ('turn', 0.75), 25: ('plug', 0.75), 26: ('wash', 0.75)}"
alarm clock,"{1: ('time', 1.0)}"
allen wrench,"{1: ('grasp', 0.75), 2: ('change', 0.75), 3: ('fix', 0.75), 4: ('hold', 0.75), 5: ('prepare', 0.75), 6: ('repair', 0.75), 7: ('wrench', 0.75)}"
alligator wrench,"{1: ('grasp', 0.75), 2: ('change', 0.75), 3: ('fix', 0.75), 4: ('hold', 0.75), 5: ('prepare', 0.75), 6: ('repair', 0.75), 7: ('wrench', 0.75)}"
apple,"{1: ('eat', 1.5)}"
arm chair,"{1: ('comfort', 1.0), 2: ('increase', 1.0), 3: ('support', 1.0)}"
auger,"{1: ('cut', 0.75), 2: ('bore', 0.75), 3: ('change', 0.75), 4: ('cut', 0.75), 5: ('drill', 0.75), 6: ('fix', 0.75), 7: ('prepare', 0.75), 8: ('repair', 0.75), 9: ('separate', 0.75)}"
awl,"{1: ('grasp', 0.75), 2: ('change', 0.75), 3: ('fix', 0.75), 4: ('hold', 0.75), 5: ('mark', 0.75), 6: ('pierce', 0.75), 7: ('pierce', 0.75), 8: ('prepare', 0.75), 9: ('repair', 0.75)}"
ax,"{1: ('cut', 0.75), 2: ('change', 0.75), 3: ('chop', 0.75), 4: ('cut', 0.75), 5: ('fix', 0.75), 6: ('prepare', 0.75), 7: ('repair', 0.75), 8: ('separate', 0.75), 9: ('skin', 0.75)}"
axe,"{1: ('chop', 1.25), 2: ('cut', 0.75), 3: ('change', 0.75), 4: ('cut', 0.75), 5: ('fix', 0.75), 6: ('prepare', 0.75), 7: ('repair', 0.75), 8: ('separate', 0.75), 9: ('skin', 0.75)}"
backsaw,"{1: ('cut', 0.75), 2: ('grasp', 0.75), 3: ('bore', 0.75), 4: ('break', 0.75), 5: ('change', 0.75), 6: ('clean', 0.75), 7: ('control', 0.75), 8: ('cut', 0.75), 9: ('drill', 0.75), 10: ('fix', 0.75), 11: ('handle', 0.75), 12: ('hold', 0.75), 13: ('install', 0.75), 14: ('manipulate', 0.75), 15: ('move', 0.75), 16: ('operate', 0.75), 17: ('perform', 0.75), 18: ('plug', 0.75), 19: ('prepare', 0.75), 20: ('put', 0.75), 21: ('repair', 0.75), 22: ('move', 0.75), 23: ('see', 0.75), 24: ('separate', 0.75), 25: ('switch', 0.75), 26: ('switch', 0.75), 27: ('switch', 0.75), 28: ('transport', 0.75), 29: ('turn', 0.75), 30: ('turn', 0.75), 31: ('plug', 0.75), 32: ('wash', 0.75)}"
ball,"{1: ('wrap', 1.0), 2: ('roll', 1.0), 3: ('move', 0.75), 4: ('weigh', 0.75), 5: ('block', 0.75), 6: ('support', 0.75), 7: ('contain', 0.75), 8: ('contain', 0.75)}"
ball peen hammer,"{1: ('grasp', 0.75), 2: ('change', 0.75), 3: ('fix', 0.75), 4: ('hammer', 0.75), 5: ('hit', 0.75), 6: ('hold', 0.75), 7: ('prepare', 0.75), 8: ('repair', 0.75), 9: ('strike', 0.75)}"
bandsaw,"{1: ('cut', 0.75), 2: ('bore', 0.75), 3: ('break', 0.75), 4: ('change', 0.75), 5: ('clean', 0.75), 6: ('control', 0.75), 7: ('cut', 0.75), 8: ('drill', 0.75), 9: ('fix', 0.75), 10: ('handle', 0.75), 11: ('install', 0.75), 12: ('manipulate', 0.75), 13: ('move', 0.75), 14: ('operate', 0.75), 15: ('perform', 0.75), 16: ('plug', 0.75), 17: ('prepare', 0.75), 18: ('put', 0.75), 19: ('repair', 0.75), 20: ('move', 0.75), 21: ('separate', 0.75), 22: ('switch', 0.75), 23: ('switch', 0.75), 24: ('switch', 0.75), 25: ('transport', 0.75), 26: ('turn', 0.75), 27: ('turn', 0.75), 28: ('plug', 0.75), 29: ('wash', 0.75)}"
barong,"{1: ('cut', 0.75), 2: ('carve', 0.75), 3: ('change', 0.75), 4: ('crack', 0.75), 5: ('cube', 0.75), 6: ('cut', 0.75), 7: ('dice', 0.75), 8: ('fix', 0.75), 9: ('open', 0.75), 10: ('peel', 0.75), 11: ('prepare', 0.75), 12: ('repair', 0.75), 13: ('separate', 0.75), 14: ('serve', 0.75), 15: ('skin', 0.75)}"
base ball bat,"{1: ('exercise', 1.0), 2: ('break', 1.0)}"
basket ball,"{1: ('exercise', 1.0), 2: ('break', 1.0)}"
bath tub basin,"{1: ('wash', 1.0), 2: ('dispose', 1.0)}"
battering ram,"{1: ('change', 0.75), 2: ('crumble', 0.75), 3: ('fix', 0.75), 4: ('hit', 0.75), 5: ('prepare', 0.75), 6: ('repair', 0.75)}"
battle ax,"{1: ('cut', 0.75), 2: ('change', 0.75), 3: ('chop', 0.75), 4: ('cut', 0.75), 5: ('fix', 0.75), 6: ('prepare', 0.75), 7: ('repair', 0.75), 8: ('separate', 0.75), 9: ('skin', 0.75)}"
bayonet,"{1: ('cut', 0.75), 2: ('carve', 0.75), 3: ('change', 0.75), 4: ('cube', 0.75), 5: ('cut', 0.75), 6: ('destroy', 0.75), 7: ('dice', 0.75), 8: ('fix', 0.75), 9: ('prepare', 0.75), 10: ('repair', 0.75), 11: ('separate', 0.75), 12: ('skin', 0.75)}"
beading plane,"{1: ('cut', 0.75), 2: ('grasp', 0.75), 3: ('change', 0.75), 4: ('cut', 0.75), 5: ('fix', 0.75), 6: ('hold', 0.75), 7: ('prepare', 0.75), 8: ('repair', 0.75), 9: ('separate', 0.75), 10: ('skin', 0.75)}"
bed,"{1: ('comfort', 1.0), 2: ('increase', 1.0), 3: ('support', 1.0)}"
bender,"{1: ('bend', 0.75), 2: ('change', 0.75), 3: ('fix', 0.75), 4: ('flex', 0.75), 5: ('prepare', 0.75), 6: ('repair', 0.75)}"
bevel..hand tool,"{1: ('grasp', 0.75), 2: ('change', 0.75), 3: ('fix', 0.75), 4: ('hold', 0.75), 5: ('prepare', 0.75), 6: ('repair', 0.75)}"
bill..tool,"{1: ('cut', 0.75), 2: ('grasp', 0.75), 3: ('change', 0.75), 4: ('cut', 0.75), 5: ('fix', 0.75), 6: ('hold', 0.75), 7: ('prepare', 0.75), 8: ('repair', 0.75), 9: ('separate', 0.75)}"
binder,"{1: ('open', 1.0), 2: ('grasp', 1.0)}"
bit..cutting implement,"{1: ('cut', 0.75), 2: ('change', 0.75), 3: ('cut', 0.75), 4: ('fix', 0.75), 5: ('prepare', 0.75), 6: ('repair', 0.75), 7: ('separate', 0.75)}"
blade,"{1: ('cut', 1.25), 2: ('slit', 1.25), 3: ('cut', 0.75), 4: ('change', 0.75), 5: ('fix', 0.75), 6: ('prepare', 0.75), 7: ('repair', 0.75), 8: ('separate', 0.75)}"
blade..cutting implement,"{1: ('cut', 0.75), 2: ('change', 0.75), 3: ('cut', 0.75), 4: ('fix', 0.75), 5: ('prepare', 0.75), 6: ('repair', 0.75), 7: ('separate', 0.75), 8: ('slit', 0.75)}"
blind,"{1: ('illuminate', 1.0)}"
block plane,"{1: ('cut', 0.75), 2: ('grasp', 0.75), 3: ('change', 0.75), 4: ('cut', 0.75), 5: ('fix', 0.75), 6: ('hold', 0.75), 7: ('prepare', 0.75), 8: ('repair', 0.75), 9: ('separate', 0.75), 10: ('skin', 0.75)}"
blunt file,"{1: ('grasp', 0.75), 2: ('beautify', 0.75), 3: ('change', 0.75), 4: ('file', 0.75), 5: ('fix', 0.75), 6: ('hold', 0.75), 7: ('polish', 0.75), 8: ('prepare', 0.75), 9: ('repair', 0.75)}"
bodkin..tool,"{1: ('grasp', 0.75), 2: ('change', 0.75), 3: ('fix', 0.75), 4: ('hold', 0.75), 5: ('pierce', 0.75), 6: ('pierce', 0.75), 7: ('prepare', 0.75), 8: ('repair', 0.75)}"
bolo,"{1: ('cut', 0.75), 2: ('carve', 0.75), 3: ('change', 0.75), 4: ('crack', 0.75), 5: ('cube', 0.75), 6: ('cut', 0.75), 7: ('dice', 0.75), 8: ('fix', 0.75), 9: ('open', 0.75), 10: ('peel', 0.75), 11: ('prepare', 0.75), 12: ('repair', 0.75), 13: ('separate', 0.75), 14: ('serve', 0.75), 15: ('skin', 0.75)}"
bolt cutter,"{1: ('cut', 0.75), 2: ('change', 0.75), 3: ('cut', 0.75), 4: ('fix', 0.75), 5: ('prepare', 0.75), 6: ('repair', 0.75), 7: ('separate', 0.75), 8: ('skin', 0.75)}"
book,"{1: ('read', 1.5), 2: ('contain', 0.75), 3: ('contain', 0.75)}"
bore bit,"{1: ('cut', 0.75), 2: ('bore', 0.75), 3: ('change', 0.75), 4: ('cut', 0.75), 5: ('drill', 0.75), 6: ('fix', 0.75), 7: ('prepare', 0.75), 8: ('repair', 0.75), 9: ('separate', 0.75)}"
bottle,"{1: ('carry', 1.5)}"
bottle opener,"{1: ('grasp', 0.75), 2: ('change', 0.75), 3: ('fix', 0.75), 4: ('hold', 0.75), 5: ('open', 0.75), 6: ('prepare', 0.75), 7: ('repair', 0.75)}"
bowie knife,"{1: ('cut', 0.75), 2: ('carve', 0.75), 3: ('change', 0.75), 4: ('crack', 0.75), 5: ('cube', 0.75), 6: ('cut', 0.75), 7: ('dice', 0.75), 8: ('fix', 0.75), 9: ('open', 0.75), 10: ('peel', 0.75), 11: ('prepare', 0.75), 12: ('repair', 0.75), 13: ('separate', 0.75), 14: ('serve', 0.75), 15: ('skin', 0.75)}"
bowl,"{1: ('wrap', 1.0), 2: ('carry', 1.0), 3: ('contain', 1.0), 4: ('be heated', 1.0), 5: ('support', 0.68)}"
box,"{1: ('contain', 1.0)}"
box wrench,"{1: ('grasp', 0.75), 2: ('change', 0.75), 3: ('fix', 0.75), 4: ('hold', 0.75), 5: ('prepare', 0.75), 6: ('repair', 0.75), 7: ('wrench', 0.75)}"
brace and bit,"{1: ('cut', 0.75), 2: ('bore', 0.75), 3: ('change', 0.75), 4: ('cut', 0.75), 5: ('drill', 0.75), 6: ('fix', 0.75), 7: ('prepare', 0.75), 8: ('repair', 0.75), 9: ('separate', 0.75)}"
brace wrench,"{1: ('grasp', 0.75), 2: ('change', 0.75), 3: ('fix', 0.75), 4: ('hold', 0.75), 5: ('prepare', 0.75), 6: ('repair', 0.75), 7: ('wrench', 0.75)}"
bradawl,"{1: ('grasp', 0.75), 2: ('change', 0.75), 3: ('fix', 0.75), 4: ('hold', 0.75), 5: ('mark', 0.75), 6: ('pierce', 0.75), 7: ('pierce', 0.75), 8: ('prepare', 0.75), 9: ('repair', 0.75)}"
bread,"{1: ('eat', 1.5)}"
bread knife,"{1: ('cut', 0.75), 2: ('carve', 0.75), 3: ('change', 0.75), 4: ('crack', 0.75), 5: ('cube', 0.75), 6: ('cut', 0.75), 7: ('dice', 0.75), 8: ('fix', 0.75), 9: ('open', 0.75), 10: ('peel', 0.75), 11: ('prepare', 0.75), 12: ('repair', 0.75), 13: ('separate', 0.75), 14: ('serve', 0.75), 15: ('skin', 0.75)}"
breadknife,"{1: ('cut', 0.75), 2: ('carve', 0.75), 3: ('change', 0.75), 4: ('crack', 0.75), 5: ('cube', 0.75), 6: ('cut', 0.75), 7: ('dice', 0.75), 8: ('fix', 0.75), 9: ('open', 0.75), 10: ('peel', 0.75), 11: ('prepare', 0.75), 12: ('repair', 0.75), 13: ('separate', 0.75), 14: ('serve', 0.75), 15: ('skin', 0.75)}"
break seal,"{1: ('grasp', 0.75), 2: ('change', 0.75), 3: ('fix', 0.75), 4: ('hold', 0.75), 5: ('mark', 0.75), 6: ('prepare', 0.75), 7: ('repair', 0.75)}"
breast drill,"{1: ('cut', 0.75), 2: ('bore', 0.75), 3: ('break', 0.75), 4: ('change', 0.75), 5: ('clean', 0.75), 6: ('control', 0.75), 7: ('cut', 0.75), 8: ('drill', 0.75), 9: ('fix', 0.75), 10: ('handle', 0.75), 11: ('install', 0.75), 12: ('manipulate', 0.75), 13: ('move', 0.75), 14: ('operate', 0.75), 15: ('perform', 0.75), 16: ('plug', 0.75), 17: ('prepare', 0.75), 18: ('put', 0.75), 19: ('repair', 0.75), 20: ('move', 0.75), 21: ('separate', 0.75), 22: ('switch', 0.75), 23: ('switch', 0.75), 24: ('switch', 0.75), 25: ('transport', 0.75), 26: ('turn', 0.75), 27: ('turn', 0.75), 28: ('plug', 0.75), 29: ('wash', 0.75)}"
brick trowel,"{1: ('grasp', 0.75), 2: ('change', 0.75), 3: ('fix', 0.75), 4: ('hold', 0.75), 5: ('prepare', 0.75), 6: ('repair', 0.75), 7: ('scoop', 0.75), 8: ('spread', 0.75)}"
bricklayer zz s hammer,"{1: ('grasp', 0.75), 2: ('change', 0.75), 3: ('fix', 0.75), 4: ('hammer', 0.75), 5: ('hit', 0.75), 6: ('hold', 0.75), 7: ('prepare', 0.75), 8: ('repair', 0.75), 9: ('strike', 0.75)}"
broad hatchet,"{1: ('cut', 0.75), 2: ('change', 0.75), 3: ('chop', 0.75), 4: ('cut', 0.75), 5: ('destroy', 0.75), 6: ('fix', 0.75), 7: ('prepare', 0.75), 8: ('repair', 0.75), 9: ('separate', 0.75), 10: ('skin', 0.75)}"
broadax,"{1: ('cut', 0.75), 2: ('change', 0.75), 3: ('chop', 0.75), 4: ('cut', 0.75), 5: ('fix', 0.75), 6: ('prepare', 0.75), 7: ('repair', 0.75), 8: ('separate', 0.75), 9: ('skin', 0.75)}"
bucksaw,"{1: ('cut', 0.75), 2: ('grasp', 0.75), 3: ('bore', 0.75), 4: ('break', 0.75), 5: ('change', 0.75), 6: ('clean', 0.75), 7: ('control', 0.75), 8: ('cut', 0.75), 9: ('drill', 0.75), 10: ('fix', 0.75), 11: ('handle', 0.75), 12: ('hold', 0.75), 13: ('install', 0.75), 14: ('manipulate', 0.75), 15: ('move', 0.75), 16: ('operate', 0.75), 17: ('perform', 0.75), 18: ('plug', 0.75), 19: ('prepare', 0.75), 20: ('put', 0.75), 21: ('repair', 0.75), 22: ('move', 0.75), 23: ('see', 0.75), 24: ('separate', 0.75), 25: ('switch', 0.75), 26: ('switch', 0.75), 27: ('switch', 0.75), 28: ('transport', 0.75), 29: ('turn', 0.75), 30: ('turn', 0.75), 31: ('plug', 0.75), 32: ('wash', 0.75)}"
buffer..power tool,"{1: ('break', 0.75), 2: ('change', 0.75), 3: ('clean', 0.75), 4: ('control', 0.75), 5: ('fix', 0.75), 6: ('handle', 0.75), 7: ('install', 0.75), 8: ('manipulate', 0.75), 9: ('move', 0.75), 10: ('operate', 0.75), 11: ('perform', 0.75), 12: ('plug', 0.75), 13: ('prepare', 0.75), 14: ('put', 0.75), 15: ('repair', 0.75), 16: ('move', 0.75), 17: ('switch', 0.75), 18: ('switch', 0.75), 19: ('switch', 0.75), 20: ('transport', 0.75), 21: ('turn', 0.75), 22: ('turn', 0.75), 23: ('plug', 0.75), 24: ('wash', 0.75)}"
bull tongue,"{1: ('change', 0.75), 2: ('fix', 0.75), 3: ('plow', 0.75), 4: ('prepare', 0.75), 5: ('repair', 0.75)}"
bulldog wrench,"{1: ('grasp', 0.75), 2: ('change', 0.75), 3: ('fix', 0.75), 4: ('hold', 0.75), 5: ('prepare', 0.75), 6: ('repair', 0.75), 7: ('wrench', 0.75)}"
bullnose,"{1: ('cut', 0.75), 2: ('grasp', 0.75), 3: ('change', 0.75), 4: ('cut', 0.75), 5: ('fix', 0.75), 6: ('hold', 0.75), 7: ('prepare', 0.75), 8: ('repair', 0.75), 9: ('separate', 0.75), 10: ('skin', 0.75)}"
bumper jack,"{1: ('break', 0.75), 2: ('change', 0.75), 3: ('control', 0.75), 4: ('fix', 0.75), 5: ('handle', 0.75), 6: ('lift', 0.75), 7: ('manipulate', 0.75), 8: ('move', 0.75), 9: ('operate', 0.75), 10: ('prepare', 0.75), 11: ('repair', 0.75), 12: ('move', 0.75), 13: ('transport', 0.75)}"
bur,"{1: ('cut', 0.75), 2: ('change', 0.75), 3: ('cut', 0.75), 4: ('fix', 0.75), 5: ('prepare', 0.75), 6: ('repair', 0.75), 7: ('separate', 0.75)}"
burin,"{1: ('cut', 0.75), 2: ('change', 0.75), 3: ('cut', 0.75), 4: ('fix', 0.75), 5: ('hammer', 0.75), 6: ('prepare', 0.75), 7: ('repair', 0.75), 8: ('separate', 0.75), 9: ('skin', 0.75), 10: ('strike', 0.75)}"
burr..power tool,"{1: ('break', 0.75), 2: ('change', 0.75), 3: ('clean', 0.75), 4: ('control', 0.75), 5: ('fix', 0.75), 6: ('handle', 0.75), 7: ('install', 0.75), 8: ('manipulate', 0.75), 9: ('move', 0.75), 10: ('operate', 0.75), 11: ('perform', 0.75), 12: ('plug', 0.75), 13: ('prepare', 0.75), 14: ('put', 0.75), 15: ('repair', 0.75), 16: ('move', 0.75), 17: ('switch', 0.75), 18: ('switch', 0.75), 19: ('switch', 0.75), 20: ('transport', 0.75), 21: ('turn', 0.75), 22: ('turn', 0.75), 23: ('plug', 0.75), 24: ('wash', 0.75)}"
butcher knife,"{1: ('cut', 0.75), 2: ('carve', 0.75), 3: ('change', 0.75), 4: ('crack', 0.75), 5: ('cube', 0.75), 6: ('cut', 0.75), 7: ('dice', 0.75), 8: ('fix', 0.75), 9: ('open', 0.75), 10: ('peel', 0.75), 11: ('prepare', 0.75), 12: ('repair', 0.75), 13: ('separate', 0.75), 14: ('serve', 0.75), 15: ('skin', 0.75)}"
butter knife,"{1: ('cut', 1.75), 2: ('mix', 1.0), 3: ('break', 1.0), 4: ('cut', 0.75), 5: ('grasp', 0.75), 6: ('carve', 0.75), 7: ('change', 0.75), 8: ('clean', 0.75), 9: ('crack', 0.75), 10: ('cube', 0.75), 11: ('dice', 0.75), 12: ('fix', 0.75), 13: ('hold', 0.75), 14: ('open', 0.75), 15: ('peel', 0.75), 16: ('pick', 0.75), 17: ('prepare', 0.75), 18: ('repair', 0.75), 19: ('rub', 0.75), 20: ('separate', 0.75), 21: ('serve', 0.75), 22: ('skin', 0.75), 23: ('spread', 0.75), 24: ('contain', 0.75), 25: ('wipe', 0.75)}"
c d,"{1: ('entertain', 1.0)}"
cabinet,"{1: ('contain', 1.5)}"
calculator,"{1: ('grasp', 1.0), 2: ('push', 1.0), 3: ('display', 1.0)}"
camera,"{1: ('push', 1.0), 2: ('grasp', 1.0)}"
can opener,"{1: ('grasp', 0.75), 2: ('change', 0.75), 3: ('fix', 0.75), 4: ('hold', 0.75), 5: ('open', 0.75), 6: ('prepare', 0.75), 7: ('repair', 0.75)}"
candle,"{1: ('decorate', 1.5), 2: ('heat', 1.0), 3: ('illuminate', 1.0)}"
cap,"{1: ('grasp', 1.0)}"
cap opener,"{1: ('grasp', 0.75), 2: ('change', 0.75), 3: ('fix', 0.75), 4: ('hold', 0.75), 5: ('open', 0.75), 6: ('prepare', 0.75), 7: ('repair', 0.75)}"
carpenter zz s hammer,"{1: ('grasp', 0.75), 2: ('change', 0.75), 3: ('fix', 0.75), 4: ('hammer', 0.75), 5: ('hit', 0.75), 6: ('hold', 0.75), 7: ('prepare', 0.75), 8: ('repair', 0.75), 9: ('strike', 0.75)}"
carpenter zz s mallet,"{1: ('grasp', 0.75), 2: ('change', 0.75), 3: ('fix', 0.75), 4: ('hammer', 0.75), 5: ('hit', 0.75), 6: ('hold', 0.75), 7: ('prepare', 0.75), 8: ('repair', 0.75), 9: ('strike', 0.75)}"
carpenter zz s square,"{1: ('grasp', 0.75), 2: ('change', 0.75), 3: ('fix', 0.75), 4: ('hold', 0.75), 5: ('prepare', 0.75), 6: ('repair', 0.75)}"
carriage wrench,"{1: ('grasp', 0.75), 2: ('change', 0.75), 3: ('fix', 0.75), 4: ('hold', 0.75), 5: ('prepare', 0.75), 6: ('repair', 0.75), 7: ('wrench', 0.75)}"
carving knife,"{1: ('cut', 0.75), 2: ('carve', 0.75), 3: ('change', 0.75), 4: ('crack', 0.75), 5: ('cube', 0.75), 6: ('cut', 0.75), 7: ('dice', 0.75), 8: ('fix', 0.75), 9: ('open', 0.75), 10: ('peel', 0.75), 11: ('prepare', 0.75), 12: ('repair', 0.75), 13: ('separate', 0.75), 14: ('serve', 0.75), 15: ('skin', 0.75)}"
case knife..knife tool,"{1: ('cut', 0.75), 2: ('carve', 0.75), 3: ('change', 0.75), 4: ('crack', 0.75), 5: ('cube', 0.75), 6: ('cut', 0.75), 7: ('dice', 0.75), 8: ('fix', 0.75), 9: ('open', 0.75), 10: ('peel', 0.75), 11: ('prepare', 0.75), 12: ('repair', 0.75), 13: ('separate', 0.75), 14: ('serve', 0.75), 15: ('skin', 0.75)}"
case knife..table knife,"{1: ('cut', 0.75), 2: ('grasp', 0.75), 3: ('carve', 0.75), 4: ('change', 0.75), 5: ('clean', 0.75), 6: ('crack', 0.75), 7: ('cube', 0.75), 8: ('cut', 0.75), 9: ('dice', 0.75), 10: ('fix', 0.75), 11: ('hold', 0.75), 12: ('open', 0.75), 13: ('peel', 0.75), 14: ('pick', 0.75), 15: ('prepare', 0.75), 16: ('repair', 0.75), 17: ('rub', 0.75), 18: ('separate', 0.75), 19: ('serve', 0.75), 20: ('skin', 0.75), 21: ('spread', 0.75), 22: ('contain', 0.75), 23: ('wipe', 0.75)}"
catling,"{1: ('cut', 0.75), 2: ('carve', 0.75), 3: ('change', 0.75), 4: ('crack', 0.75), 5: ('cube', 0.75), 6: ('cut', 0.75), 7: ('dice', 0.75), 8: ('fix', 0.75), 9: ('open', 0.75), 10: ('peel', 0.75), 11: ('prepare', 0.75), 12: ('repair', 0.75), 13: ('separate', 0.75), 14: ('serve', 0.75), 15: ('skin', 0.75)}"
cell phone,"{1: ('grasp', 1.0), 2: ('push', 1.0), 3: ('display', 1.0), 4: ('entertain', 1.0), 5: ('read', 1.0), 6: ('time', 1.0), 7: ('write', 1.0)}"
center bit,"{1: ('cut', 0.75), 2: ('change', 0.75), 3: ('cut', 0.75), 4: ('fix', 0.75), 5: ('prepare', 0.75), 6: ('repair', 0.75), 7: ('separate', 0.75)}"
center punch,"{1: ('change', 0.75), 2: ('fix', 0.75), 3: ('pierce', 0.75), 4: ('prepare', 0.75), 5: ('repair', 0.75)}"
cereal box,"{1: ('open', 1.0), 2: ('grasp', 1.0)}"
chain saw,"{1: ('cut', 0.75), 2: ('bore', 0.75), 3: ('break', 0.75), 4: ('change', 0.75), 5: ('clean', 0.75), 6: ('control', 0.75), 7: ('cut', 0.75), 8: ('drill', 0.75), 9: ('fix', 0.75), 10: ('handle', 0.75), 11: ('install', 0.75), 12: ('manipulate', 0.75), 13: ('move', 0.75), 14: ('operate', 0.75), 15: ('perform', 0.75), 16: ('plug', 0.75), 17: ('prepare', 0.75), 18: ('put', 0.75), 19: ('repair', 0.75), 20: ('move', 0.75), 21: ('separate', 0.75), 22: ('switch', 0.75), 23: ('switch', 0.75), 24: ('switch', 0.75), 25: ('transport', 0.75), 26: ('turn', 0.75), 27: ('turn', 0.75), 28: ('plug', 0.75), 29: ('wash', 0.75)}"
chain tong,"{1: ('grasp', 0.75), 2: ('change', 0.75), 3: ('fix', 0.75), 4: ('hold', 0.75), 5: ('prepare', 0.75), 6: ('repair', 0.75), 7: ('wrench', 0.75)}"
chain wrench,"{1: ('grasp', 0.75), 2: ('change', 0.75), 3: ('fix', 0.75), 4: ('hold', 0.75), 5: ('prepare', 0.75), 6: ('repair', 0.75), 7: ('wrench', 0.75)}"
chair,"{1: ('comfort', 1.0), 2: ('increase', 1.0), 3: ('support', 1.0)}"
chamfer bit,"{1: ('cut', 0.75), 2: ('change', 0.75), 3: ('cut', 0.75), 4: ('fix', 0.75), 5: ('prepare', 0.75), 6: ('repair', 0.75), 7: ('separate', 0.75)}"
chamfer plane,"{1: ('cut', 0.75), 2: ('grasp', 0.75), 3: ('change', 0.75), 4: ('cut', 0.75), 5: ('fix', 0.75), 6: ('hold', 0.75), 7: ('prepare', 0.75), 8: ('repair', 0.75), 9: ('separate', 0.75), 10: ('skin', 0.75)}"
chisel,"{1: ('cut', 0.75), 2: ('change', 0.75), 3: ('cut', 0.75), 4: ('fix', 0.75), 5: ('hammer', 0.75), 6: ('prepare', 0.75), 7: ('repair', 0.75), 8: ('separate', 0.75), 9: ('skin', 0.75), 10: ('strike', 0.75)}"
church key,"{1: ('grasp', 0.75), 2: ('change', 0.75), 3: ('fix', 0.75), 4: ('hold', 0.75), 5: ('open', 0.75), 6: ('prepare', 0.75), 7: ('repair', 0.75)}"
cigar cutter,"{1: ('cut', 0.75), 2: ('change', 0.75), 3: ('cut', 0.75), 4: ('fix', 0.75), 5: ('prepare', 0.75), 6: ('repair', 0.75), 7: ('separate', 0.75), 8: ('skin', 0.75)}"
circular plane,"{1: ('cut', 0.75), 2: ('grasp', 0.75), 3: ('change', 0.75), 4: ('cut', 0.75), 5: ('fix', 0.75), 6: ('hold', 0.75), 7: ('prepare', 0.75), 8: ('repair', 0.75), 9: ('separate', 0.75), 10: ('skin', 0.75)}"
circular saw,"{1: ('cut', 0.75), 2: ('bore', 0.75), 3: ('break', 0.75), 4: ('change', 0.75), 5: ('clean', 0.75), 6: ('control', 0.75), 7: ('cut', 0.75), 8: ('drill', 0.75), 9: ('fix', 0.75), 10: ('handle', 0.75), 11: ('install', 0.75), 12: ('manipulate', 0.75), 13: ('move', 0.75), 14: ('operate', 0.75), 15: ('perform', 0.75), 16: ('plug', 0.75), 17: ('prepare', 0.75), 18: ('put', 0.75), 19: ('repair', 0.75), 20: ('move', 0.75), 21: ('separate', 0.75), 22: ('switch', 0.75), 23: ('switch', 0.75), 24: ('switch', 0.75), 25: ('transport', 0.75), 26: ('turn', 0.75), 27: ('turn', 0.75), 28: ('plug', 0.75), 29: ('wash', 0.75)}"
clasp knife,"{1: ('cut', 0.75), 2: ('carve', 0.75), 3: ('change', 0.75), 4: ('crack', 0.75), 5: ('cube', 0.75), 6: ('cut', 0.75), 7: ('dice', 0.75), 8: ('fix', 0.75), 9: ('fold', 0.75), 10: ('open', 0.75), 11: ('peel', 0.75), 12: ('prepare', 0.75), 13: ('repair', 0.75), 14: ('separate', 0.75), 15: ('serve', 0.75), 16: ('skin', 0.75)}"
claw hatchet,"{1: ('cut', 0.75), 2: ('change', 0.75), 3: ('chop', 0.75), 4: ('cut', 0.75), 5: ('destroy', 0.75), 6: ('fix', 0.75), 7: ('prepare', 0.75), 8: ('repair', 0.75), 9: ('separate', 0.75), 10: ('skin', 0.75)}"
cleaver,"{1: ('cut', 1.25), 2: ('cut', 0.75), 3: ('carve', 0.75), 4: ('change', 0.75), 5: ('crack', 0.75), 6: ('cube', 0.75), 7: ('dice', 0.75), 8: ('fix', 0.75), 9: ('open', 0.75), 10: ('peel', 0.75), 11: ('prepare', 0.75), 12: ('repair', 0.75), 13: ('separate', 0.75), 14: ('serve', 0.75), 15: ('skin', 0.75)}"
clincher,"{1: ('change', 0.75), 2: ('fix', 0.75), 3: ('prepare', 0.75), 4: ('repair', 0.75)}"
clipper..scissor,"{1: ('cut', 0.75), 2: ('grasp', 0.75), 3: ('change', 0.75), 4: ('cut', 0.75), 5: ('fix', 0.75), 6: ('hold', 0.75), 7: ('open', 0.75), 8: ('peel', 0.75), 9: ('prepare', 0.75), 10: ('repair', 0.75), 11: ('separate', 0.75), 12: ('skin', 0.75)}"
clipper..shear,"{1: ('cut', 0.75), 2: ('grasp', 0.75), 3: ('change', 0.75), 4: ('cut', 0.75), 5: ('fix', 0.75), 6: ('hold', 0.75), 7: ('open', 0.75), 8: ('peel', 0.75), 9: ('prepare', 0.75), 10: ('repair', 0.75), 11: ('separate', 0.75), 12: ('skin', 0.75)}"
cloth,"{1: ('clean', 1.5)}"
coal shovel,"{1: ('grasp', 0.75), 2: ('change', 0.75), 3: ('dig', 0.75), 4: ('fix', 0.75), 5: ('hold', 0.75), 6: ('prepare', 0.75), 7: ('repair', 0.75)}"
coffee,"{1: ('eat', 1.0)}"
coffee machine,"{1: ('heat', 1.0)}"
coffee mug,"{1: ('grasp', 1.0), 2: ('wrap', 1.0), 3: ('contain', 1.0), 4: ('pour', 1.0)}"
coffee table,"{1: ('increase', 1.0), 2: ('support', 1.0)}"
cold chisel,"{1: ('cut', 0.75), 2: ('change', 0.75), 3: ('cut', 0.75), 4: ('fix', 0.75), 5: ('hammer', 0.75), 6: ('prepare', 0.75), 7: ('repair', 0.75), 8: ('separate', 0.75), 9: ('skin', 0.75), 10: ('strike', 0.75)}"
comb,"{1: ('grasp', 1.0)}"
comb..tool,"{1: ('change', 0.75), 2: ('fix', 0.75), 3: ('prepare', 0.75), 4: ('repair', 0.75)}"
combination plane,"{1: ('cut', 0.75), 2: ('grasp', 0.75), 3: ('change', 0.75), 4: ('cut', 0.75), 5: ('fix', 0.75), 6: ('hold', 0.75), 7: ('prepare', 0.75), 8: ('repair', 0.75), 9: ('separate', 0.75), 10: ('skin', 0.75)}"
common ax,"{1: ('cut', 0.75), 2: ('change', 0.75), 3: ('chop', 0.75), 4: ('cut', 0.75), 5: ('fix', 0.75), 6: ('prepare', 0.75), 7: ('repair', 0.75), 8: ('separate', 0.75), 9: ('skin', 0.75)}"
compass saw,"{1: ('cut', 0.75), 2: ('grasp', 0.75), 3: ('bore', 0.75), 4: ('break', 0.75), 5: ('change', 0.75), 6: ('clean', 0.75), 7: ('control', 0.75), 8: ('cut', 0.75), 9: ('drill', 0.75), 10: ('fix', 0.75), 11: ('handle', 0.75), 12: ('hold', 0.75), 13: ('install', 0.75), 14: ('manipulate', 0.75), 15: ('move', 0.75), 16: ('operate', 0.75), 17: ('perform', 0.75), 18: ('plug', 0.75), 19: ('prepare', 0.75), 20: ('put', 0.75), 21: ('repair', 0.75), 22: ('move', 0.75), 23: ('see', 0.75), 24: ('separate', 0.75), 25: ('switch', 0.75), 26: ('switch', 0.75), 27: ('switch', 0.75), 28: ('transport', 0.75), 29: ('turn', 0.75), 30: ('turn', 0.75), 31: ('plug', 0.75), 32: ('wash', 0.75)}"
coping saw,"{1: ('cut', 0.75), 2: ('grasp', 0.75), 3: ('bore', 0.75), 4: ('break', 0.75), 5: ('change', 0.75), 6: ('clean', 0.75), 7: ('control', 0.75), 8: ('cut', 0.75), 9: ('drill', 0.75), 10: ('fix', 0.75), 11: ('handle', 0.75), 12: ('hold', 0.75), 13: ('install', 0.75), 14: ('manipulate', 0.75), 15: ('move', 0.75), 16: ('operate', 0.75), 17: ('perform', 0.75), 18: ('plug', 0.75), 19: ('prepare', 0.75), 20: ('put', 0.75), 21: ('repair', 0.75), 22: ('move', 0.75), 23: ('see', 0.75), 24: ('separate', 0.75), 25: ('switch', 0.75), 26: ('switch', 0.75), 27: ('switch', 0.75), 28: ('transport', 0.75), 29: ('turn', 0.75), 30: ('turn', 0.75), 31: ('plug', 0.75), 32: ('wash', 0.75)}"
core bit,"{1: ('cut', 0.75), 2: ('change', 0.75), 3: ('cut', 0.75), 4: ('fix', 0.75), 5: ('prepare', 0.75), 6: ('repair', 0.75), 7: ('separate', 0.75)}"
core drill,"{1: ('cut', 0.75), 2: ('bore', 0.75), 3: ('change', 0.75), 4: ('cut', 0.75), 5: ('drill', 0.75), 6: ('fix', 0.75), 7: ('prepare', 0.75), 8: ('repair', 0.75), 9: ('separate', 0.75)}"
corkscrew,"{1: ('grasp', 0.75), 2: ('change', 0.75), 3: ('fix', 0.75), 4: ('hold', 0.75), 5: ('open', 0.75), 6: ('prepare', 0.75), 7: ('repair', 0.75)}"
counter top,"{1: ('increase', 1.0), 2: ('support', 1.0)}"
counterbore,"{1: ('cut', 0.75), 2: ('change', 0.75), 3: ('cut', 0.75), 4: ('fix', 0.75), 5: ('prepare', 0.75), 6: ('repair', 0.75), 7: ('separate', 0.75)}"
crampon..grapnel,"{1: ('change', 0.75), 2: ('fix', 0.75), 3: ('prepare', 0.75), 4: ('repair', 0.75)}"
crank,"{1: ('grasp', 0.75), 2: ('change', 0.75), 3: ('fix', 0.75), 4: ('hold', 0.75), 5: ('prepare', 0.75), 6: ('repair', 0.75)}"
crank handle,"{1: ('grasp', 0.75), 2: ('change', 0.75), 3: ('fix', 0.75), 4: ('hold', 0.75), 5: ('prepare', 0.75), 6: ('repair', 0.75)}"
cross bit,"{1: ('cut', 0.75), 2: ('bore', 0.75), 3: ('change', 0.75), 4: ('cut', 0.75), 5: ('drill', 0.75), 6: ('fix', 0.75), 7: ('prepare', 0.75), 8: ('repair', 0.75), 9: ('separate', 0.75)}"
crosscut saw,"{1: ('cut', 0.75), 2: ('grasp', 0.75), 3: ('bore', 0.75), 4: ('break', 0.75), 5: ('change', 0.75), 6: ('clean', 0.75), 7: ('control', 0.75), 8: ('cut', 0.75), 9: ('drill', 0.75), 10: ('fix', 0.75), 11: ('handle', 0.75), 12: ('hold', 0.75), 13: ('install', 0.75), 14: ('manipulate', 0.75), 15: ('move', 0.75), 16: ('operate', 0.75), 17: ('perform', 0.75), 18: ('plug', 0.75), 19: ('prepare', 0.75), 20: ('put', 0.75), 21: ('repair', 0.75), 22: ('move', 0.75), 23: ('see', 0.75), 24: ('separate', 0.75), 25: ('switch', 0.75), 26: ('switch', 0.75), 27: ('switch', 0.75), 28: ('transport', 0.75), 29: ('turn', 0.75), 30: ('turn', 0.75), 31: ('plug', 0.75), 32: ('wash', 0.75)}"
croupier zz s rake,"{1: ('change', 0.75), 2: ('fix', 0.75), 3: ('pick', 0.75), 4: ('prepare', 0.75), 5: ('repair', 0.75)}"
crown saw,"{1: ('cut', 0.75), 2: ('grasp', 0.75), 3: ('bore', 0.75), 4: ('break', 0.75), 5: ('change', 0.75), 6: ('clean', 0.75), 7: ('control', 0.75), 8: ('cut', 0.75), 9: ('drill', 0.75), 10: ('fix', 0.75), 11: ('handle', 0.75), 12: ('hold', 0.75), 13: ('install', 0.75), 14: ('manipulate', 0.75), 15: ('move', 0.75), 16: ('operate', 0.75), 17: ('perform', 0.75), 18: ('plug', 0.75), 19: ('prepare', 0.75), 20: ('put', 0.75), 21: ('repair', 0.75), 22: ('move', 0.75), 23: ('see', 0.75), 24: ('separate', 0.75), 25: ('switch', 0.75), 26: ('switch', 0.75), 27: ('switch', 0.75), 28: ('transport', 0.75), 29: ('turn', 0.75), 30: ('turn', 0.75), 31: ('plug', 0.75), 32: ('wash', 0.75)}"
cup,"{1: ('carry', 1.0), 2: ('contain', 1.0), 3: ('be heated', 1.0), 4: ('support', 0.75), 5: ('contain', 0.68), 6: ('move', 0.52), 7: ('weigh', 0.52), 8: ('block', 0.52)}"
curtain,"{1: ('illuminate', 1.0), 2: ('decorate', 1.0)}"
cutter..cutting implement,"{1: ('cut', 0.75), 2: ('change', 0.75), 3: ('cut', 0.75), 4: ('fix', 0.75), 5: ('prepare', 0.75), 6: ('repair', 0.75), 7: ('separate', 0.75), 8: ('skin', 0.75)}"
cutting implement,"{1: ('cut', 0.75), 2: ('change', 0.75), 3: ('cut', 0.75), 4: ('fix', 0.75), 5: ('prepare', 0.75), 6: ('repair', 0.75), 7: ('separate', 0.75)}"
cuttingtool,"{1: ('cut', 0.75), 2: ('change', 0.75), 3: ('cut', 0.75), 4: ('fix', 0.75), 5: ('prepare', 0.75), 6: ('repair', 0.75), 7: ('separate', 0.75)}"
dado plane,"{1: ('cut', 0.75), 2: ('grasp', 0.75), 3: ('change', 0.75), 4: ('cut', 0.75), 5: ('fix', 0.75), 6: ('hold', 0.75), 7: ('prepare', 0.75), 8: ('repair', 0.75), 9: ('separate', 0.75), 10: ('skin', 0.75)}"
dagger,"{1: ('cut', 0.75), 2: ('carve', 0.75), 3: ('change', 0.75), 4: ('crack', 0.75), 5: ('cube', 0.75), 6: ('cut', 0.75), 7: ('destroy', 0.75), 8: ('dice', 0.75), 9: ('fix', 0.75), 10: ('open', 0.75), 11: ('peel', 0.75), 12: ('prepare', 0.75), 13: ('repair', 0.75), 14: ('separate', 0.75), 15: ('serve', 0.75), 16: ('skin', 0.75)}"
dentist zz s drill,"{1: ('cut', 0.75), 2: ('bore', 0.75), 3: ('change', 0.75), 4: ('cut', 0.75), 5: ('drill', 0.75), 6: ('fix', 0.75), 7: ('prepare', 0.75), 8: ('repair', 0.75), 9: ('separate', 0.75)}"
designedspade,"{1: ('grasp', 0.75), 2: ('change', 0.75), 3: ('dig', 0.75), 4: ('fix', 0.75), 5: ('hold', 0.75), 6: ('prepare', 0.75), 7: ('repair', 0.75)}"
desk,"{1: ('contain', 1.0), 2: ('increase', 1.0), 3: ('support', 1.0)}"
desk lamp,"{1: ('illuminate', 1.0)}"
desktop,"{1: ('entertain', 1.0), 2: ('read', 1.0), 3: ('write', 1.0)}"
dibble,"{1: ('grasp', 0.75), 2: ('change', 0.75), 3: ('dig', 0.75), 4: ('fix', 0.75), 5: ('hold', 0.75), 6: ('prepare', 0.75), 7: ('repair', 0.75)}"
die..cutter,"{1: ('cut', 0.75), 2: ('change', 0.75), 3: ('cut', 0.75), 4: ('fix', 0.75), 5: ('prepare', 0.75), 6: ('repair', 0.75), 7: ('separate', 0.75), 8: ('skin', 0.75)}"
die..shaping tool,"{1: ('shape', 0.75), 2: ('change', 0.75), 3: ('fix', 0.75), 4: ('prepare', 0.75), 5: ('repair', 0.75), 6: ('shape', 0.75)}"
dining table,"{1: ('increase', 1.0), 2: ('support', 1.0)}"
dirk,"{1: ('cut', 0.75), 2: ('carve', 0.75), 3: ('change', 0.75), 4: ('crack', 0.75), 5: ('cube', 0.75), 6: ('cut', 0.75), 7: ('destroy', 0.75), 8: ('dice', 0.75), 9: ('fix', 0.75), 10: ('open', 0.75), 11: ('peel', 0.75), 12: ('prepare', 0.75), 13: ('repair', 0.75), 14: ('separate', 0.75), 15: ('serve', 0.75), 16: ('skin', 0.75)}"
dish sponge,"{1: ('clean', 1.0)}"
ditch spade,"{1: ('grasp', 0.75), 2: ('change', 0.75), 3: ('dig', 0.75), 4: ('fix', 0.75), 5: ('hold', 0.75), 6: ('prepare', 0.75), 7: ('repair', 0.75)}"
dog bed,"{1: ('comfort', 1.0), 2: ('support', 1.0)}"
dog wrench,"{1: ('grasp', 0.75), 2: ('change', 0.75), 3: ('fix', 0.75), 4: ('hold', 0.75), 5: ('prepare', 0.75), 6: ('repair', 0.75), 7: ('wrench', 0.75)}"
double bitted ax,"{1: ('cut', 0.75), 2: ('change', 0.75), 3: ('chop', 0.75), 4: ('cut', 0.75), 5: ('fix', 0.75), 6: ('prepare', 0.75), 7: ('repair', 0.75), 8: ('separate', 0.75), 9: ('skin', 0.75)}"
dovetail plane,"{1: ('cut', 0.75), 2: ('grasp', 0.75), 3: ('change', 0.75), 4: ('cut', 0.75), 5: ('fix', 0.75), 6: ('hold', 0.75), 7: ('prepare', 0.75), 8: ('repair', 0.75), 9: ('separate', 0.75), 10: ('skin', 0.75)}"
drawer,"{1: ('contain', 1.0)}"
drawknife,"{1: ('cut', 0.75), 2: ('carve', 0.75), 3: ('change', 0.75), 4: ('crack', 0.75), 5: ('cube', 0.75), 6: ('cut', 0.75), 7: ('dice', 0.75), 8: ('fix', 0.75), 9: ('open', 0.75), 10: ('peel', 0.75), 11: ('prepare', 0.75), 12: ('repair', 0.75), 13: ('separate', 0.75), 14: ('serve', 0.75), 15: ('skin', 0.75)}"
dresser,"{1: ('contain', 1.0), 2: ('increase', 1.0), 3: ('support', 1.0)}"
drill,"{1: ('cut', 1.25), 2: ('drill', 1.25), 3: ('fix', 1.25), 4: ('bore', 1.25), 5: ('cut', 0.75), 6: ('change', 0.75), 7: ('prepare', 0.75), 8: ('repair', 0.75), 9: ('separate', 0.75)}"
drilling bit,"{1: ('cut', 0.75), 2: ('change', 0.75), 3: ('cut', 0.75), 4: ('fix', 0.75), 5: ('prepare', 0.75), 6: ('repair', 0.75), 7: ('separate', 0.75)}"
drove,"{1: ('cut', 0.75), 2: ('change', 0.75), 3: ('cut', 0.75), 4: ('fix', 0.75), 5: ('hammer', 0.75), 6: ('prepare', 0.75), 7: ('repair', 0.75), 8: ('separate', 0.75), 9: ('skin', 0.75), 10: ('strike', 0.75)}"
drum sander,"{1: ('cut', 0.75), 2: ('bore', 0.75), 3: ('break', 0.75), 4: ('change', 0.75), 5: ('clean', 0.75), 6: ('control', 0.75), 7: ('cover', 0.75), 8: ('cut', 0.75), 9: ('drill', 0.75), 10: ('fix', 0.75), 11: ('frost', 0.75), 12: ('handle', 0.75), 13: ('install', 0.75), 14: ('manipulate', 0.75), 15: ('move', 0.75), 16: ('operate', 0.75), 17: ('perform', 0.75), 18: ('plug', 0.75), 19: ('prepare', 0.75), 20: ('put', 0.75), 21: ('repair', 0.75), 22: ('move', 0.75), 23: ('separate', 0.75), 24: ('switch', 0.75), 25: ('switch', 0.75), 26: ('switch', 0.75), 27: ('transport', 0.75), 28: ('turn', 0.75), 29: ('turn', 0.75), 30: ('plug', 0.75), 31: ('wash', 0.75)}"
dry battery,"{1: ('roll', 1.0), 2: ('grasp', 1.0)}"
dumbell,"{1: ('exercise', 1.0), 2: ('break', 1.0)}"
edge tool,"{1: ('cut', 0.75), 2: ('change', 0.75), 3: ('cut', 0.75), 4: ('fix', 0.75), 5: ('prepare', 0.75), 6: ('repair', 0.75), 7: ('separate', 0.75), 8: ('skin', 0.75)}"
edger,"{1: ('cut', 0.75), 2: ('change', 0.75), 3: ('cut', 0.75), 4: ('fix', 0.75), 5: ('prepare', 0.75), 6: ('repair', 0.75), 7: ('separate', 0.75)}"
egg,"{1: ('eat', 1.0)}"
electric drill,"{1: ('cut', 0.75), 2: ('bore', 0.75), 3: ('break', 0.75), 4: ('change', 0.75), 5: ('clean', 0.75), 6: ('control', 0.75), 7: ('cut', 0.75), 8: ('drill', 0.75), 9: ('fix', 0.75), 10: ('handle', 0.75), 11: ('install', 0.75), 12: ('manipulate', 0.75), 13: ('move', 0.75), 14: ('operate', 0.75), 15: ('perform', 0.75), 16: ('plug', 0.75), 17: ('prepare', 0.75), 18: ('put', 0.75), 19: ('repair', 0.75), 20: ('move', 0.75), 21: ('separate', 0.75), 22: ('switch', 0.75), 23: ('switch', 0.75), 24: ('switch', 0.75), 25: ('transport', 0.75), 26: ('turn', 0.75), 27: ('turn', 0.75), 28: ('plug', 0.75), 29: ('wash', 0.75)}"
electric hammer,"{1: ('break', 0.75), 2: ('change', 0.75), 3: ('clean', 0.75), 4: ('control', 0.75), 5: ('fix', 0.75), 6: ('hammer', 0.75), 7: ('handle', 0.75), 8: ('install', 0.75), 9: ('manipulate', 0.75), 10: ('move', 0.75), 11: ('operate', 0.75), 12: ('perform', 0.75), 13: ('plug', 0.75), 14: ('prepare', 0.75), 15: ('put', 0.75), 16: ('repair', 0.75), 17: ('move', 0.75), 18: ('strike', 0.75), 19: ('switch', 0.75), 20: ('switch', 0.75), 21: ('switch', 0.75), 22: ('transport', 0.75), 23: ('turn', 0.75), 24: ('turn', 0.75), 25: ('plug', 0.75), 26: ('wash', 0.75)}"
entrenching tool,"{1: ('grasp', 0.75), 2: ('change', 0.75), 3: ('dig', 0.75), 4: ('fix', 0.75), 5: ('hold', 0.75), 6: ('prepare', 0.75), 7: ('repair', 0.75)}"
eolith,"{1: ('change', 0.75), 2: ('fix', 0.75), 3: ('prepare', 0.75), 4: ('repair', 0.75)}"
expansion bit,"{1: ('cut', 0.75), 2: ('change', 0.75), 3: ('cut', 0.75), 4: ('fix', 0.75), 5: ('prepare', 0.75), 6: ('repair', 0.75), 7: ('separate', 0.75)}"
file..tool,"{1: ('grasp', 0.75), 2: ('beautify', 0.75), 3: ('change', 0.75), 4: ('file', 0.75), 5: ('fix', 0.75), 6: ('hold', 0.75), 7: ('polish', 0.75), 8: ('prepare', 0.75), 9: ('repair', 0.75)}"
fireman zz s ax,"{1: ('cut', 0.75), 2: ('change', 0.75), 3: ('chop', 0.75), 4: ('cut', 0.75), 5: ('fix', 0.75), 6: ('prepare', 0.75), 7: ('repair', 0.75), 8: ('separate', 0.75), 9: ('skin', 0.75)}"
firmer chisel,"{1: ('cut', 0.75), 2: ('change', 0.75), 3: ('cut', 0.75), 4: ('fix', 0.75), 5: ('hammer', 0.75), 6: ('prepare', 0.75), 7: ('repair', 0.75), 8: ('separate', 0.75), 9: ('skin', 0.75), 10: ('strike', 0.75)}"
fish knife,"{1: ('cut', 0.75), 2: ('grasp', 0.75), 3: ('carve', 0.75), 4: ('change', 0.75), 5: ('clean', 0.75), 6: ('crack', 0.75), 7: ('cube', 0.75), 8: ('cut', 0.75), 9: ('dice', 0.75), 10: ('fix', 0.75), 11: ('hold', 0.75), 12: ('open', 0.75), 13: ('peel', 0.75), 14: ('pick', 0.75), 15: ('prepare', 0.75), 16: ('repair', 0.75), 17: ('rub', 0.75), 18: ('separate', 0.75), 19: ('serve', 0.75), 20: ('skin', 0.75), 21: ('spread', 0.75), 22: ('contain', 0.75), 23: ('wipe', 0.75)}"
fishtail bit,"{1: ('cut', 0.75), 2: ('change', 0.75), 3: ('cut', 0.75), 4: ('fix', 0.75), 5: ('prepare', 0.75), 6: ('repair', 0.75), 7: ('separate', 0.75)}"
flashlight,"{1: ('roll', 1.0), 2: ('grasp', 1.0), 3: ('push', 1.0), 4: ('illuminate', 1.0)}"
flat file,"{1: ('grasp', 0.75), 2: ('beautify', 0.75), 3: ('change', 0.75), 4: ('file', 0.75), 5: ('fix', 0.75), 6: ('hold', 0.75), 7: ('polish', 0.75), 8: ('prepare', 0.75), 9: ('repair', 0.75)}"
flat tip screwdriver,"{1: ('grasp', 0.75), 2: ('change', 0.75), 3: ('fix', 0.75), 4: ('hold', 0.75), 5: ('open', 0.75), 6: ('poke', 0.75), 7: ('prepare', 0.75), 8: ('repair', 0.75), 9: ('resolve', 0.75), 10: ('screw', 0.75)}"
float..tool,"{1: ('grasp', 0.75), 2: ('change', 0.75), 3: ('fix', 0.75), 4: ('float', 0.75), 5: ('hold', 0.75), 6: ('prepare', 0.75), 7: ('repair', 0.75), 8: ('smoothen', 0.75), 9: ('smoothen', 0.75)}"
floor,"{1: ('support', 1.0)}"
floor lamp,"{1: ('illuminate', 1.0)}"
folding saw,"{1: ('cut', 0.75), 2: ('grasp', 0.75), 3: ('bore', 0.75), 4: ('break', 0.75), 5: ('change', 0.75), 6: ('clean', 0.75), 7: ('control', 0.75), 8: ('cut', 0.75), 9: ('drill', 0.75), 10: ('fix', 0.75), 11: ('handle', 0.75), 12: ('hold', 0.75), 13: ('install', 0.75), 14: ('manipulate', 0.75), 15: ('move', 0.75), 16: ('operate', 0.75), 17: ('perform', 0.75), 18: ('plug', 0.75), 19: ('prepare', 0.75), 20: ('put', 0.75), 21: ('repair', 0.75), 22: ('move', 0.75), 23: ('see', 0.75), 24: ('separate', 0.75), 25: ('switch', 0.75), 26: ('switch', 0.75), 27: ('switch', 0.75), 28: ('transport', 0.75), 29: ('turn', 0.75), 30: ('turn', 0.75), 31: ('plug', 0.75), 32: ('wash', 0.75)}"
food bag,"{1: ('open', 1.0), 2: ('grasp', 1.0)}"
food box,"{1: ('open', 1.0), 2: ('grasp', 1.0)}"
food can,"{1: ('open', 1.0), 2: ('wrap', 1.0), 3: ('roll', 1.0)}"
food cup,"{1: ('open', 1.0), 2: ('wrap', 1.0), 3: ('roll', 1.0)}"
food jar,"{1: ('open', 1.0), 2: ('wrap', 1.0), 3: ('roll', 1.0)}"
footstool,"{1: ('increase', 1.0), 2: ('support', 1.0)}"
fore plane,"{1: ('cut', 0.75), 2: ('grasp', 0.75), 3: ('change', 0.75), 4: ('cut', 0.75), 5: ('fix', 0.75), 6: ('hold', 0.75), 7: ('prepare', 0.75), 8: ('repair', 0.75), 9: ('separate', 0.75), 10: ('skin', 0.75)}"
fork,"{1: ('cut', 1.0), 2: ('mix', 1.0), 3: ('break', 1.0)}"
fork..tool,"{1: ('change', 0.75), 2: ('fix', 0.75), 3: ('prepare', 0.75), 4: ('repair', 0.75)}"
fridge,"{1: ('contain', 1.0)}"
gang,"{1: ('change', 0.75), 2: ('fix', 0.75), 3: ('prepare', 0.75), 4: ('repair', 0.75)}"
gangsaw,"{1: ('cut', 0.75), 2: ('bore', 0.75), 3: ('break', 0.75), 4: ('change', 0.75), 5: ('clean', 0.75), 6: ('control', 0.75), 7: ('cut', 0.75), 8: ('drill', 0.75), 9: ('fix', 0.75), 10: ('handle', 0.75), 11: ('install', 0.75), 12: ('manipulate', 0.75), 13: ('move', 0.75), 14: ('operate', 0.75), 15: ('perform', 0.75), 16: ('plug', 0.75), 17: ('prepare', 0.75), 18: ('put', 0.75), 19: ('repair', 0.75), 20: ('move', 0.75), 21: ('separate', 0.75), 22: ('switch', 0.75), 23: ('switch', 0.75), 24: ('switch', 0.75), 25: ('transport', 0.75), 26: ('turn', 0.75), 27: ('turn', 0.75), 28: ('plug', 0.75), 29: ('wash', 0.75)}"
garbage can,"{1: ('dispose', 1.0)}"
garden rake,"{1: ('change', 0.75), 2: ('fix', 0.75), 3: ('pick', 0.75), 4: ('prepare', 0.75), 5: ('repair', 0.75)}"
garden spade,"{1: ('grasp', 0.75), 2: ('change', 0.75), 3: ('dig', 0.75), 4: ('fix', 0.75), 5: ('hold', 0.75), 6: ('prepare', 0.75), 7: ('repair', 0.75)}"
garden tool,"{1: ('change', 0.75), 2: ('fix', 0.75), 3: ('prepare', 0.75), 4: ('repair', 0.75)}"
garden trowel,"{1: ('grasp', 0.75), 2: ('change', 0.75), 3: ('fix', 0.75), 4: ('hold', 0.75), 5: ('prepare', 0.75), 6: ('repair', 0.75), 7: ('scoop', 0.75), 8: ('spread', 0.75)}"
gasket,"{1: ('grasp', 0.75), 2: ('change', 0.75), 3: ('fix', 0.75), 4: ('hold', 0.75), 5: ('mark', 0.75), 6: ('prepare', 0.75), 7: ('repair', 0.75)}"
gavel,"{1: ('grasp', 0.75), 2: ('change', 0.75), 3: ('fix', 0.75), 4: ('hammer', 0.75), 5: ('hit', 0.75), 6: ('hold', 0.75), 7: ('prepare', 0.75), 8: ('repair', 0.75), 9: ('strike', 0.75)}"
glass cutter,"{1: ('cut', 0.75), 2: ('change', 0.75), 3: ('cut', 0.75), 4: ('fix', 0.75), 5: ('prepare', 0.75), 6: ('repair', 0.75), 7: ('separate', 0.75), 8: ('skin', 0.75)}"
glue stick,"{1: ('grasp', 1.0), 2: ('open', 1.0)}"
gouge,"{1: ('cut', 0.75), 2: ('change', 0.75), 3: ('cut', 0.75), 4: ('fix', 0.75), 5: ('prepare', 0.75), 6: ('repair', 0.75), 7: ('separate', 0.75), 8: ('skin', 0.75)}"
grapnel..tool,"{1: ('change', 0.75), 2: ('fix', 0.75), 3: ('prepare', 0.75), 4: ('repair', 0.75)}"
graver,"{1: ('grasp', 0.75), 2: ('change', 0.75), 3: ('engrave', 0.75), 4: ('fix', 0.75), 5: ('hold', 0.75), 6: ('prepare', 0.75), 7: ('repair', 0.75)}"
guitar pick,"{1: ('cut', 0.75), 2: ('break', 0.75), 3: ('change', 0.75), 4: ('control', 0.75), 5: ('cut', 0.75), 6: ('fix', 0.75), 7: ('hammer', 0.75), 8: ('handle', 0.75), 9: ('manipulate', 0.75), 10: ('move', 0.75), 11: ('operate', 0.75), 12: ('prepare', 0.75), 13: ('repair', 0.75), 14: ('move', 0.75), 15: ('separate', 0.75), 16: ('skin', 0.75), 17: ('strike', 0.75), 18: ('transport', 0.75)}"
gutter..hand tool,"{1: ('grasp', 0.75), 2: ('change', 0.75), 3: ('fix', 0.75), 4: ('hold', 0.75), 5: ('prepare', 0.75), 6: ('repair', 0.75)}"
hack,"{1: ('break', 0.75), 2: ('change', 0.75), 3: ('dig', 0.75), 4: ('fix', 0.75), 5: ('prepare', 0.75), 6: ('repair', 0.75), 7: ('separate', 0.75)}"
hacksaw,"{1: ('cut', 0.75), 2: ('grasp', 0.75), 3: ('bore', 0.75), 4: ('break', 0.75), 5: ('change', 0.75), 6: ('clean', 0.75), 7: ('control', 0.75), 8: ('cut', 0.75), 9: ('drill', 0.75), 10: ('fix', 0.75), 11: ('handle', 0.75), 12: ('hold', 0.75), 13: ('install', 0.75), 14: ('manipulate', 0.75), 15: ('move', 0.75), 16: ('operate', 0.75), 17: ('perform', 0.75), 18: ('plug', 0.75), 19: ('prepare', 0.75), 20: ('put', 0.75), 21: ('repair', 0.75), 22: ('move', 0.75), 23: ('see', 0.75), 24: ('separate', 0.75), 25: ('switch', 0.75), 26: ('switch', 0.75), 27: ('switch', 0.75), 28: ('transport', 0.75), 29: ('turn', 0.75), 30: ('turn', 0.75), 31: ('plug', 0.75), 32: ('wash', 0.75)}"
half hatchet,"{1: ('cut', 0.75), 2: ('change', 0.75), 3: ('chop', 0.75), 4: ('cut', 0.75), 5: ('destroy', 0.75), 6: ('fix', 0.75), 7: ('prepare', 0.75), 8: ('repair', 0.75), 9: ('separate', 0.75), 10: ('skin', 0.75)}"
hammer..hand tool,"{1: ('grasp', 0.75), 2: ('change', 0.75), 3: ('fix', 0.75), 4: ('hammer', 0.75), 5: ('hit', 0.75), 6: ('hold', 0.75), 7: ('prepare', 0.75), 8: ('repair', 0.75), 9: ('strike', 0.75)}"
hammer..power tool,"{1: ('break', 0.75), 2: ('change', 0.75), 3: ('clean', 0.75), 4: ('control', 0.75), 5: ('fix', 0.75), 6: ('hammer', 0.75), 7: ('handle', 0.75), 8: ('install', 0.75), 9: ('manipulate', 0.75), 10: ('move', 0.75), 11: ('operate', 0.75), 12: ('perform', 0.75), 13: ('plug', 0.75), 14: ('prepare', 0.75), 15: ('put', 0.75), 16: ('repair', 0.75), 17: ('move', 0.75), 18: ('strike', 0.75), 19: ('switch', 0.75), 20: ('switch', 0.75), 21: ('switch', 0.75), 22: ('transport', 0.75), 23: ('turn', 0.75), 24: ('turn', 0.75), 25: ('plug', 0.75), 26: ('wash', 0.75)}"
hand ax,"{1: ('cut', 0.75), 2: ('change', 0.75), 3: ('cut', 0.75), 4: ('fix', 0.75), 5: ('hammer', 0.75), 6: ('prepare', 0.75), 7: ('repair', 0.75), 8: ('separate', 0.75), 9: ('skin', 0.75), 10: ('strike', 0.75)}"
hand drill,"{1: ('cut', 0.75), 2: ('bore', 0.75), 3: ('change', 0.75), 4: ('cut', 0.75), 5: ('drill', 0.75), 6: ('fix', 0.75), 7: ('prepare', 0.75), 8: ('repair', 0.75), 9: ('separate', 0.75)}"
hand mower,"{1: ('change', 0.75), 2: ('fix', 0.75), 3: ('prepare', 0.75), 4: ('repair', 0.75)}"
hand shovel,"{1: ('grasp', 0.75), 2: ('change', 0.75), 3: ('dig', 0.75), 4: ('fix', 0.75), 5: ('hold', 0.75), 6: ('prepare', 0.75), 7: ('repair', 0.75)}"
hand tool,"{1: ('grasp', 0.75), 2: ('change', 0.75), 3: ('fix', 0.75), 4: ('hold', 0.75), 5: ('prepare', 0.75), 6: ('repair', 0.75)}"
hand towel,"{1: ('dry', 1.0), 2: ('grasp', 1.0), 3: ('clean', 1.0)}"
handsaw,"{1: ('cut', 0.75), 2: ('grasp', 0.75), 3: ('bore', 0.75), 4: ('break', 0.75), 5: ('change', 0.75), 6: ('clean', 0.75), 7: ('control', 0.75), 8: ('cut', 0.75), 9: ('drill', 0.75), 10: ('fix', 0.75), 11: ('handle', 0.75), 12: ('hold', 0.75), 13: ('install', 0.75), 14: ('manipulate', 0.75), 15: ('move', 0.75), 16: ('operate', 0.75), 17: ('perform', 0.75), 18: ('plug', 0.75), 19: ('prepare', 0.75), 20: ('put', 0.75), 21: ('repair', 0.75), 22: ('move', 0.75), 23: ('see', 0.75), 24: ('separate', 0.75), 25: ('switch', 0.75), 26: ('switch', 0.75), 27: ('switch', 0.75), 28: ('transport', 0.75), 29: ('turn', 0.75), 30: ('turn', 0.75), 31: ('plug', 0.75), 32: ('wash', 0.75)}"
handstamp,"{1: ('grasp', 0.75), 2: ('change', 0.75), 3: ('fix', 0.75), 4: ('hold', 0.75), 5: ('mark', 0.75), 6: ('prepare', 0.75), 7: ('repair', 0.75)}"
hatchel,"{1: ('change', 0.75), 2: ('fix', 0.75), 3: ('prepare', 0.75), 4: ('repair', 0.75)}"
hatchet,"{1: ('cut', 0.75), 2: ('change', 0.75), 3: ('chop', 0.75), 4: ('cut', 0.75), 5: ('destroy', 0.75), 6: ('fix', 0.75), 7: ('prepare', 0.75), 8: ('repair', 0.75), 9: ('separate', 0.75), 10: ('skin', 0.75)}"
hayfork,"{1: ('grasp', 0.75), 2: ('change', 0.75), 3: ('fix', 0.75), 4: ('hold', 0.75), 5: ('lift', 0.75), 6: ('prepare', 0.75), 7: ('repair', 0.75)}"
head gasket,"{1: ('grasp', 0.75), 2: ('change', 0.75), 3: ('fix', 0.75), 4: ('hold', 0.75), 5: ('mark', 0.75), 6: ('prepare', 0.75), 7: ('repair', 0.75)}"
hedge trimmer,"{1: ('cut', 0.75), 2: ('change', 0.75), 3: ('cut', 0.75), 4: ('fix', 0.75), 5: ('prepare', 0.75), 6: ('repair', 0.75), 7: ('separate', 0.75)}"
hob..edge tool,"{1: ('cut', 0.75), 2: ('change', 0.75), 3: ('cut', 0.75), 4: ('fix', 0.75), 5: ('prepare', 0.75), 6: ('repair', 0.75), 7: ('separate', 0.75), 8: ('skin', 0.75)}"
hoe,"{1: ('change', 0.75), 2: ('fix', 0.75), 3: ('prepare', 0.75), 4: ('repair', 0.75)}"
hook wrench,"{1: ('grasp', 0.75), 2: ('change', 0.75), 3: ('fix', 0.75), 4: ('hold', 0.75), 5: ('prepare', 0.75), 6: ('repair', 0.75), 7: ('wrench', 0.75)}"
house plant,"{1: ('decorate', 1.0)}"
hunting knife,"{1: ('cut', 0.75), 2: ('carve', 0.75), 3: ('change', 0.75), 4: ('crack', 0.75), 5: ('cube', 0.75), 6: ('cut', 0.75), 7: ('dice', 0.75), 8: ('fix', 0.75), 9: ('open', 0.75), 10: ('peel', 0.75), 11: ('prepare', 0.75), 12: ('repair', 0.75), 13: ('separate', 0.75), 14: ('serve', 0.75), 15: ('skin', 0.75)}"
ice ax,"{1: ('cut', 0.75), 2: ('change', 0.75), 3: ('chop', 0.75), 4: ('cut', 0.75), 5: ('fix', 0.75), 6: ('prepare', 0.75), 7: ('repair', 0.75), 8: ('separate', 0.75), 9: ('skin', 0.75)}"
icepick,"{1: ('cut', 0.75), 2: ('grasp', 0.75), 3: ('break', 0.75), 4: ('change', 0.75), 5: ('control', 0.75), 6: ('cut', 0.75), 7: ('fix', 0.75), 8: ('hammer', 0.75), 9: ('handle', 0.75), 10: ('hold', 0.75), 11: ('manipulate', 0.75), 12: ('move', 0.75), 13: ('operate', 0.75), 14: ('prepare', 0.75), 15: ('repair', 0.75), 16: ('move', 0.75), 17: ('separate', 0.75), 18: ('skin', 0.75), 19: ('strike', 0.75), 20: ('transport', 0.75)}"
instant noodle,"{1: ('open', 1.0), 2: ('grasp', 1.0)}"
jack plane,"{1: ('cut', 0.75), 2: ('grasp', 0.75), 3: ('change', 0.75), 4: ('cut', 0.75), 5: ('fix', 0.75), 6: ('hold', 0.75), 7: ('prepare', 0.75), 8: ('repair', 0.75), 9: ('separate', 0.75), 10: ('skin', 0.75)}"
jack..tool,"{1: ('break', 0.75), 2: ('change', 0.75), 3: ('control', 0.75), 4: ('fix', 0.75), 5: ('handle', 0.75), 6: ('lift', 0.75), 7: ('manipulate', 0.75), 8: ('move', 0.75), 9: ('operate', 0.75), 10: ('prepare', 0.75), 11: ('repair', 0.75), 12: ('move', 0.75), 13: ('transport', 0.75)}"
jackscrew,"{1: ('break', 0.75), 2: ('change', 0.75), 3: ('control', 0.75), 4: ('fix', 0.75), 5: ('handle', 0.75), 6: ('lift', 0.75), 7: ('manipulate', 0.75), 8: ('move', 0.75), 9: ('operate', 0.75), 10: ('prepare', 0.75), 11: ('repair', 0.75), 12: ('move', 0.75), 13: ('transport', 0.75)}"
jigsaw,"{1: ('cut', 0.75), 2: ('bore', 0.75), 3: ('break', 0.75), 4: ('change', 0.75), 5: ('clean', 0.75), 6: ('control', 0.75), 7: ('cut', 0.75), 8: ('drill', 0.75), 9: ('fix', 0.75), 10: ('handle', 0.75), 11: ('install', 0.75), 12: ('manipulate', 0.75), 13: ('move', 0.75), 14: ('operate', 0.75), 15: ('perform', 0.75), 16: ('plug', 0.75), 17: ('prepare', 0.75), 18: ('put', 0.75), 19: ('repair', 0.75), 20: ('move', 0.75), 21: ('separate', 0.75), 22: ('switch', 0.75), 23: ('switch', 0.75), 24: ('switch', 0.75), 25: ('transport', 0.75), 26: ('turn', 0.75), 27: ('turn', 0.75), 28: ('plug', 0.75), 29: ('wash', 0.75)}"
jointer,"{1: ('cut', 0.75), 2: ('grasp', 0.75), 3: ('change', 0.75), 4: ('cut', 0.75), 5: ('fix', 0.75), 6: ('hold', 0.75), 7: ('prepare', 0.75), 8: ('repair', 0.75), 9: ('separate', 0.75), 10: ('skin', 0.75)}"
kettle,"{1: ('carry', 1.5), 2: ('contain', 1.0), 3: ('be heated', 1.0)}"
keyboard,"{1: ('push', 1.0), 2: ('grasp', 1.0)}"
keyhole saw,"{1: ('cut', 0.75), 2: ('grasp', 0.75), 3: ('bore', 0.75), 4: ('break', 0.75), 5: ('change', 0.75), 6: ('clean', 0.75), 7: ('control', 0.75), 8: ('cut', 0.75), 9: ('drill', 0.75), 10: ('fix', 0.75), 11: ('handle', 0.75), 12: ('hold', 0.75), 13: ('install', 0.75), 14: ('manipulate', 0.75), 15: ('move', 0.75), 16: ('operate', 0.75), 17: ('perform', 0.75), 18: ('plug', 0.75), 19: ('prepare', 0.75), 20: ('put', 0.75), 21: ('repair', 0.75), 22: ('move', 0.75), 23: ('see', 0.75), 24: ('separate', 0.75), 25: ('switch', 0.75), 26: ('switch', 0.75), 27: ('switch', 0.75), 28: ('transport', 0.75), 29: ('turn', 0.75), 30: ('turn', 0.75), 31: ('plug', 0.75), 32: ('wash', 0.75)}"
khukurus,"{1: ('cut', 0.75), 2: ('carve', 0.75), 3: ('change', 0.75), 4: ('cube', 0.75), 5: ('cut', 0.75), 6: ('destroy', 0.75), 7: ('dice', 0.75), 8: ('fix', 0.75), 9: ('prepare', 0.75), 10: ('repair', 0.75), 11: ('separate', 0.75), 12: ('skin', 0.75)}"
kirpan,"{1: ('cut', 0.75), 2: ('carve', 0.75), 3: ('change', 0.75), 4: ('crack', 0.75), 5: ('cube', 0.75), 6: ('cut', 0.75), 7: ('destroy', 0.75), 8: ('dice', 0.75), 9: ('fix', 0.75), 10: ('open', 0.75), 11: ('peel', 0.75), 12: ('prepare', 0.75), 13: ('repair', 0.75), 14: ('separate', 0.75), 15: ('serve', 0.75), 16: ('skin', 0.75)}"
kitchen knife,"{1: ('cut', 0.75), 2: ('carve', 0.75), 3: ('change', 0.75), 4: ('crack', 0.75), 5: ('cube', 0.75), 6: ('cut', 0.75), 7: ('dice', 0.75), 8: ('fix', 0.75), 9: ('open', 0.75), 10: ('peel', 0.75), 11: ('prepare', 0.75), 12: ('repair', 0.75), 13: ('separate', 0.75), 14: ('serve', 0.75), 15: ('skin', 0.75)}"
kitchenknife,"{1: ('cut', 0.75), 2: ('carve', 0.75), 3: ('change', 0.75), 4: ('crack', 0.75), 5: ('cube', 0.75), 6: ('cut', 0.75), 7: ('dice', 0.75), 8: ('fix', 0.75), 9: ('open', 0.75), 10: ('peel', 0.75), 11: ('prepare', 0.75), 12: ('repair', 0.75), 13: ('separate', 0.75), 14: ('serve', 0.75), 15: ('skin', 0.75)}"
kleenex,"{1: ('dry', 1.0), 2: ('grasp', 1.0)}"
knife,"{1: ('cut', 2.25), 2: ('mix', 1.0), 3: ('break', 1.0), 4: ('cut', 0.75), 5: ('carve', 0.75), 6: ('change', 0.75), 7: ('crack', 0.75), 8: ('cube', 0.75), 9: ('dice', 0.75), 10: ('fix', 0.75), 11: ('open', 0.75), 12: ('peel', 0.75), 13: ('prepare', 0.75), 14: ('repair', 0.75), 15: ('separate', 0.75), 16: ('serve', 0.75), 17: ('skin', 0.75)}"
knife blade,"{1: ('cut', 0.75), 2: ('change', 0.75), 3: ('cut', 0.75), 4: ('fix', 0.75), 5: ('prepare', 0.75), 6: ('repair', 0.75), 7: ('separate', 0.75), 8: ('slit', 0.75)}"
knife..tool,"{1: ('cut', 0.75), 2: ('carve', 0.75), 3: ('change', 0.75), 4: ('crack', 0.75), 5: ('cube', 0.75), 6: ('cut', 0.75), 7: ('dice', 0.75), 8: ('fix', 0.75), 9: ('open', 0.75), 10: ('peel', 0.75), 11: ('prepare', 0.75), 12: ('repair', 0.75), 13: ('separate', 0.75), 14: ('serve', 0.75), 15: ('skin', 0.75)}"
knife..weapon,"{1: ('cut', 0.75), 2: ('carve', 0.75), 3: ('change', 0.75), 4: ('cube', 0.75), 5: ('cut', 0.75), 6: ('destroy', 0.75), 7: ('dice', 0.75), 8: ('fix', 0.75), 9: ('prepare', 0.75), 10: ('repair', 0.75), 11: ('separate', 0.75), 12: ('skin', 0.75)}"
kri,"{1: ('cut', 0.75), 2: ('carve', 0.75), 3: ('change', 0.75), 4: ('crack', 0.75), 5: ('cube', 0.75), 6: ('cut', 0.75), 7: ('destroy', 0.75), 8: ('dice', 0.75), 9: ('fix', 0.75), 10: ('open', 0.75), 11: ('peel', 0.75), 12: ('prepare', 0.75), 13: ('repair', 0.75), 14: ('separate', 0.75), 15: ('serve', 0.75), 16: ('skin', 0.75)}"
ladle,"{1: ('mix', 1.0), 2: ('break', 1.0)}"
lancet,"{1: ('cut', 0.75), 2: ('carve', 0.75), 3: ('change', 0.75), 4: ('crack', 0.75), 5: ('cube', 0.75), 6: ('cut', 0.75), 7: ('dice', 0.75), 8: ('fix', 0.75), 9: ('open', 0.75), 10: ('peel', 0.75), 11: ('prepare', 0.75), 12: ('repair', 0.75), 13: ('separate', 0.75), 14: ('serve', 0.75), 15: ('skin', 0.75)}"
laptop,"{1: ('entertain', 1.0), 2: ('read', 1.0), 3: ('time', 1.0), 4: ('write', 1.0)}"
latchstring,"{1: ('grasp', 0.75), 2: ('change', 0.75), 3: ('fix', 0.75), 4: ('hold', 0.75), 5: ('open', 0.75), 6: ('prepare', 0.75), 7: ('repair', 0.75)}"
laundry hamper,"{1: ('contain', 1.0)}"
lawn mower,"{1: ('change', 0.75), 2: ('fix', 0.75), 3: ('prepare', 0.75), 4: ('repair', 0.75)}"
letter opener,"{1: ('cut', 0.75), 2: ('carve', 0.75), 3: ('change', 0.75), 4: ('crack', 0.75), 5: ('cube', 0.75), 6: ('cut', 0.75), 7: ('dice', 0.75), 8: ('fix', 0.75), 9: ('open', 0.75), 10: ('peel', 0.75), 11: ('prepare', 0.75), 12: ('repair', 0.75), 13: ('separate', 0.75), 14: ('serve', 0.75), 15: ('skin', 0.75)}"
lettuce,"{1: ('eat', 1.0)}"
light switch,"{1: ('illuminate', 1.0)}"
lightbulb,"{1: ('grasp', 1.0), 2: ('illuminate', 1.0)}"
linoleum knife,"{1: ('cut', 0.75), 2: ('carve', 0.75), 3: ('change', 0.75), 4: ('crack', 0.75), 5: ('cube', 0.75), 6: ('cut', 0.75), 7: ('dice', 0.75), 8: ('fix', 0.75), 9: ('open', 0.75), 10: ('peel', 0.75), 11: ('prepare', 0.75), 12: ('repair', 0.75), 13: ('separate', 0.75), 14: ('serve', 0.75), 15: ('skin', 0.75)}"
lister,"{1: ('change', 0.75), 2: ('fix', 0.75), 3: ('plow', 0.75), 4: ('prepare', 0.75), 5: ('repair', 0.75)}"
lochaber ax,"{1: ('cut', 0.75), 2: ('change', 0.75), 3: ('chop', 0.75), 4: ('cut', 0.75), 5: ('fix', 0.75), 6: ('prepare', 0.75), 7: ('repair', 0.75), 8: ('separate', 0.75), 9: ('skin', 0.75)}"
locking plier,"{1: ('grasp', 0.75), 2: ('change', 0.75), 3: ('fix', 0.75), 4: ('hold', 0.75), 5: ('prepare', 0.75), 6: ('repair', 0.75)}"
lug wrench,"{1: ('grasp', 0.75), 2: ('change', 0.75), 3: ('fix', 0.75), 4: ('hold', 0.75), 5: ('prepare', 0.75), 6: ('repair', 0.75), 7: ('wrench', 0.75)}"
machete,"{1: ('cut', 0.75), 2: ('carve', 0.75), 3: ('change', 0.75), 4: ('cube', 0.75), 5: ('cut', 0.75), 6: ('destroy', 0.75), 7: ('dice', 0.75), 8: ('fix', 0.75), 9: ('prepare', 0.75), 10: ('repair', 0.75), 11: ('separate', 0.75), 12: ('skin', 0.75)}"
mallet..hammer,"{1: ('grasp', 0.75), 2: ('change', 0.75), 3: ('fix', 0.75), 4: ('hammer', 0.75), 5: ('hit', 0.75), 6: ('hold', 0.75), 7: ('prepare', 0.75), 8: ('repair', 0.75), 9: ('strike', 0.75)}"
marker,"{1: ('open', 1.0), 2: ('grasp', 1.0)}"
marlinespike,"{1: ('grasp', 0.75), 2: ('change', 0.75), 3: ('fix', 0.75), 4: ('hold', 0.75), 5: ('prepare', 0.75), 6: ('repair', 0.75), 7: ('separate', 0.75)}"
match plane,"{1: ('cut', 0.75), 2: ('grasp', 0.75), 3: ('change', 0.75), 4: ('cut', 0.75), 5: ('fix', 0.75), 6: ('hold', 0.75), 7: ('prepare', 0.75), 8: ('repair', 0.75), 9: ('separate', 0.75), 10: ('skin', 0.75)}"
mattock,"{1: ('cut', 0.75), 2: ('break', 0.75), 3: ('change', 0.75), 4: ('control', 0.75), 5: ('cut', 0.75), 6: ('fix', 0.75), 7: ('hammer', 0.75), 8: ('handle', 0.75), 9: ('manipulate', 0.75), 10: ('move', 0.75), 11: ('operate', 0.75), 12: ('prepare', 0.75), 13: ('repair', 0.75), 14: ('move', 0.75), 15: ('separate', 0.75), 16: ('skin', 0.75), 17: ('strike', 0.75), 18: ('transport', 0.75)}"
maul,"{1: ('grasp', 0.75), 2: ('change', 0.75), 3: ('fix', 0.75), 4: ('hammer', 0.75), 5: ('hit', 0.75), 6: ('hold', 0.75), 7: ('prepare', 0.75), 8: ('repair', 0.75), 9: ('strike', 0.75)}"
metal box,"{1: ('contain', 0.75), 2: ('support', 0.6), 3: ('contain', 0.52)}"
microwave,"{1: ('heat', 1.0)}"
miter box,"{1: ('grasp', 0.75), 2: ('change', 0.75), 3: ('fix', 0.75), 4: ('hold', 0.75), 5: ('prepare', 0.75), 6: ('repair', 0.75)}"
moldboard plow,"{1: ('change', 0.75), 2: ('fix', 0.75), 3: ('plow', 0.75), 4: ('prepare', 0.75), 5: ('repair', 0.75)}"
monkey wrench,"{1: ('grasp', 0.75), 2: ('change', 0.75), 3: ('fix', 0.75), 4: ('hold', 0.75), 5: ('prepare', 0.75), 6: ('repair', 0.75), 7: ('wrench', 0.75)}"
mug,"{1: ('carry', 1.0), 2: ('contain', 1.0), 3: ('be heated', 1.0)}"
nailfile,"{1: ('grasp', 0.75), 2: ('beautify', 0.75), 3: ('change', 0.75), 4: ('file', 0.75), 5: ('fix', 0.75), 6: ('hold', 0.75), 7: ('polish', 0.75), 8: ('prepare', 0.75), 9: ('repair', 0.75)}"
needlenose plier,"{1: ('grasp', 0.75), 2: ('change', 0.75), 3: ('fix', 0.75), 4: ('hold', 0.75), 5: ('prepare', 0.75), 6: ('repair', 0.75)}"
neolith,"{1: ('change', 0.75), 2: ('fix', 0.75), 3: ('prepare', 0.75), 4: ('repair', 0.75)}"
newspaper,"{1: ('read', 1.5), 2: ('clean', 1.0)}"
notebook,"{1: ('open', 1.0), 2: ('grasp', 1.0)}"
o ring,"{1: ('grasp', 0.75), 2: ('change', 0.75), 3: ('fix', 0.75), 4: ('hold', 0.75), 5: ('mark', 0.75), 6: ('prepare', 0.75), 7: ('repair', 0.75)}"
open end wrench,"{1: ('grasp', 0.75), 2: ('change', 0.75), 3: ('fix', 0.75), 4: ('hold', 0.75), 5: ('prepare', 0.75), 6: ('repair', 0.75), 7: ('wrench', 0.75)}"
opener,"{1: ('grasp', 0.75), 2: ('change', 0.75), 3: ('fix', 0.75), 4: ('hold', 0.75), 5: ('open', 0.75), 6: ('prepare', 0.75), 7: ('repair', 0.75)}"
openside plane,"{1: ('cut', 0.75), 2: ('grasp', 0.75), 3: ('change', 0.75), 4: ('cut', 0.75), 5: ('fix', 0.75), 6: ('hold', 0.75), 7: ('prepare', 0.75), 8: ('repair', 0.75), 9: ('separate', 0.75), 10: ('skin', 0.75)}"
ottoman,"{1: ('comfort', 1.0), 2: ('increase', 1.0), 3: ('support', 1.0)}"
oven,"{1: ('heat', 1.0)}"
painting,"{1: ('decorate', 1.5)}"
paleolith,"{1: ('change', 0.75), 2: ('fix', 0.75), 3: ('prepare', 0.75), 4: ('repair', 0.75)}"
palette knife,"{1: ('grasp', 0.75), 2: ('change', 0.75), 3: ('fix', 0.75), 4: ('hold', 0.75), 5: ('mix', 0.75), 6: ('prepare', 0.75), 7: ('repair', 0.75), 8: ('spread', 0.75)}"
pallet..hand tool,"{1: ('grasp', 0.75), 2: ('change', 0.75), 3: ('fix', 0.75), 4: ('hold', 0.75), 5: ('prepare', 0.75), 6: ('repair', 0.75)}"
pan,"{1: ('carry', 1.0), 2: ('contain', 1.0), 3: ('be heated', 1.0)}"
paper box,"{1: ('contain', 0.75), 2: ('block', 0.68), 3: ('move', 0.68), 4: ('weigh', 0.68), 5: ('contain', 0.52)}"
paper cutter,"{1: ('cut', 0.75), 2: ('change', 0.75), 3: ('cut', 0.75), 4: ('fix', 0.75), 5: ('prepare', 0.75), 6: ('repair', 0.75), 7: ('separate', 0.75)}"
paper towel roll,"{1: ('clean', 1.0)}"
parang,"{1: ('cut', 0.75), 2: ('carve', 0.75), 3: ('change', 0.75), 4: ('crack', 0.75), 5: ('cube', 0.75), 6: ('cut', 0.75), 7: ('destroy', 0.75), 8: ('dice', 0.75), 9: ('fix', 0.75), 10: ('open', 0.75), 11: ('peel', 0.75), 12: ('prepare', 0.75), 13: ('repair', 0.75), 14: ('separate', 0.75), 15: ('serve', 0.75), 16: ('skin', 0.75)}"
parer,"{1: ('cut', 0.75), 2: ('carve', 0.75), 3: ('change', 0.75), 4: ('crack', 0.75), 5: ('cube', 0.75), 6: ('cut', 0.75), 7: ('dice', 0.75), 8: ('fix', 0.75), 9: ('open', 0.75), 10: ('peel', 0.75), 11: ('prepare', 0.75), 12: ('repair', 0.75), 13: ('separate', 0.75), 14: ('serve', 0.75), 15: ('skin', 0.75)}"
pen,"{1: ('write', 1.5)}"
pencil,"{1: ('write', 1.5)}"
penknife,"{1: ('cut', 0.75), 2: ('carve', 0.75), 3: ('change', 0.75), 4: ('crack', 0.75), 5: ('cube', 0.75), 6: ('cut', 0.75), 7: ('dice', 0.75), 8: ('fix', 0.75), 9: ('fold', 0.75), 10: ('open', 0.75), 11: ('peel', 0.75), 12: ('prepare', 0.75), 13: ('repair', 0.75), 14: ('separate', 0.75), 15: ('serve', 0.75), 16: ('skin', 0.75)}"
pestle..hand tool,"{1: ('grasp', 0.75), 2: ('change', 0.75), 3: ('crunch', 0.75), 4: ('fix', 0.75), 5: ('grind', 0.75), 6: ('hold', 0.75), 7: ('mix', 0.75), 8: ('prepare', 0.75), 9: ('press', 0.75), 10: ('repair', 0.75)}"
pestle..tool,"{1: ('change', 0.75), 2: ('crunch', 0.75), 3: ('fix', 0.75), 4: ('grind', 0.75), 5: ('mix', 0.75), 6: ('prepare', 0.75), 7: ('press', 0.75), 8: ('repair', 0.75)}"
phillips screwdriver,"{1: ('grasp', 0.75), 2: ('change', 0.75), 3: ('fix', 0.75), 4: ('hold', 0.75), 5: ('open', 0.75), 6: ('poke', 0.75), 7: ('prepare', 0.75), 8: ('repair', 0.75), 9: ('resolve', 0.75), 10: ('screw', 0.75)}"
pick..implement,"{1: ('grasp', 0.75), 2: ('change', 0.75), 3: ('fix', 0.75), 4: ('hold', 0.75), 5: ('prepare', 0.75), 6: ('repair', 0.75)}"
pick..tool,"{1: ('cut', 0.75), 2: ('change', 0.75), 3: ('cut', 0.75), 4: ('fix', 0.75), 5: ('prepare', 0.75), 6: ('repair', 0.75), 7: ('separate', 0.75), 8: ('skin', 0.75)}"
pilot bit,"{1: ('cut', 0.75), 2: ('change', 0.75), 3: ('cut', 0.75), 4: ('fix', 0.75), 5: ('prepare', 0.75), 6: ('repair', 0.75), 7: ('separate', 0.75)}"
pin wrench,"{1: ('grasp', 0.75), 2: ('change', 0.75), 3: ('fix', 0.75), 4: ('hold', 0.75), 5: ('prepare', 0.75), 6: ('repair', 0.75), 7: ('wrench', 0.75)}"
pincer,"{1: ('grasp', 0.75), 2: ('change', 0.75), 3: ('fix', 0.75), 4: ('hold', 0.75), 5: ('prepare', 0.75), 6: ('repair', 0.75)}"
pipe cutter,"{1: ('cut', 0.75), 2: ('grasp', 0.75), 3: ('change', 0.75), 4: ('cut', 0.75), 5: ('fix', 0.75), 6: ('hold', 0.75), 7: ('prepare', 0.75), 8: ('repair', 0.75), 9: ('separate', 0.75)}"
pipe wrench,"{1: ('grasp', 0.75), 2: ('change', 0.75), 3: ('fix', 0.75), 4: ('hold', 0.75), 5: ('prepare', 0.75), 6: ('repair', 0.75), 7: ('wrench', 0.75)}"
piston ring,"{1: ('grasp', 0.75), 2: ('change', 0.75), 3: ('fix', 0.75), 4: ('hold', 0.75), 5: ('mark', 0.75), 6: ('prepare', 0.75), 7: ('repair', 0.75)}"
pitcher,"{1: ('grasp', 1.0), 2: ('wrap', 1.0), 3: ('contain', 1.0), 4: ('pour', 1.0)}"
pitchfork,"{1: ('grasp', 0.75), 2: ('change', 0.75), 3: ('fix', 0.75), 4: ('hold', 0.75), 5: ('lift', 0.75), 6: ('prepare', 0.75), 7: ('repair', 0.75)}"
pitsaw,"{1: ('cut', 0.75), 2: ('grasp', 0.75), 3: ('bore', 0.75), 4: ('break', 0.75), 5: ('change', 0.75), 6: ('clean', 0.75), 7: ('control', 0.75), 8: ('cut', 0.75), 9: ('drill', 0.75), 10: ('fix', 0.75), 11: ('handle', 0.75), 12: ('hold', 0.75), 13: ('install', 0.75), 14: ('manipulate', 0.75), 15: ('move', 0.75), 16: ('operate', 0.75), 17: ('perform', 0.75), 18: ('plug', 0.75), 19: ('prepare', 0.75), 20: ('put', 0.75), 21: ('repair', 0.75), 22: ('move', 0.75), 23: ('see', 0.75), 24: ('separate', 0.75), 25: ('switch', 0.75), 26: ('switch', 0.75), 27: ('switch', 0.75), 28: ('transport', 0.75), 29: ('turn', 0.75), 30: ('turn', 0.75), 31: ('plug', 0.75), 32: ('wash', 0.75)}"
plane..edge tool,"{1: ('cut', 0.75), 2: ('grasp', 0.75), 3: ('change', 0.75), 4: ('cut', 0.75), 5: ('fix', 0.75), 6: ('hold', 0.75), 7: ('prepare', 0.75), 8: ('repair', 0.75), 9: ('separate', 0.75), 10: ('skin', 0.75)}"
plane..power tool,"{1: ('break', 0.75), 2: ('change', 0.75), 3: ('clean', 0.75), 4: ('control', 0.75), 5: ('fix', 0.75), 6: ('handle', 0.75), 7: ('install', 0.75), 8: ('manipulate', 0.75), 9: ('move', 0.75), 10: ('operate', 0.75), 11: ('perform', 0.75), 12: ('plug', 0.75), 13: ('prepare', 0.75), 14: ('put', 0.75), 15: ('repair', 0.75), 16: ('move', 0.75), 17: ('switch', 0.75), 18: ('switch', 0.75), 19: ('switch', 0.75), 20: ('transport', 0.75), 21: ('turn', 0.75), 22: ('turn', 0.75), 23: ('plug', 0.75), 24: ('wash', 0.75)}"
plastering trowel,"{1: ('grasp', 0.75), 2: ('change', 0.75), 3: ('fix', 0.75), 4: ('hold', 0.75), 5: ('prepare', 0.75), 6: ('repair', 0.75), 7: ('scoop', 0.75), 8: ('spread', 0.75)}"
plastic box,"{1: ('move', 0.75), 2: ('weigh', 0.75), 3: ('block', 0.75), 4: ('contain', 0.75), 5: ('contain', 0.52)}"
plate,"{1: ('grasp', 1.0), 2: ('carry', 1.0), 3: ('contain', 1.0), 4: ('be heated', 1.0), 5: ('break', 1.0), 6: ('support', 0.68)}"
plexor.n.wn.medicine,"{1: ('grasp', 0.75), 2: ('change', 0.75), 3: ('fix', 0.75), 4: ('hammer', 0.75), 5: ('hit', 0.75), 6: ('hold', 0.75), 7: ('prepare', 0.75), 8: ('repair', 0.75), 9: ('strike', 0.75)}"
pliers,"{1: ('grasp', 1.0), 2: ('grasp', 1.0), 3: ('grasp', 0.75), 4: ('change', 0.75), 5: ('fix', 0.75), 6: ('hold', 0.75), 7: ('prepare', 0.75), 8: ('repair', 0.75)}"
plow,"{1: ('change', 0.75), 2: ('fix', 0.75), 3: ('plow', 0.75), 4: ('prepare', 0.75), 5: ('repair', 0.75)}"
plumber zz s snake,"{1: ('grasp', 0.75), 2: ('change', 0.75), 3: ('fix', 0.75), 4: ('hold', 0.75), 5: ('prepare', 0.75), 6: ('repair', 0.75), 7: ('unclog', 0.75)}"
plunger,"{1: ('clean', 1.0), 2: ('grasp', 0.75), 3: ('change', 0.75), 4: ('fix', 0.75), 5: ('hold', 0.75), 6: ('prepare', 0.75), 7: ('repair', 0.75), 8: ('unclog', 0.75)}"
pneumatic drill,"{1: ('cut', 0.75), 2: ('bore', 0.75), 3: ('break', 0.75), 4: ('change', 0.75), 5: ('clean', 0.75), 6: ('control', 0.75), 7: ('cut', 0.75), 8: ('drill', 0.75), 9: ('fix', 0.75), 10: ('handle', 0.75), 11: ('install', 0.75), 12: ('manipulate', 0.75), 13: ('move', 0.75), 14: ('operate', 0.75), 15: ('perform', 0.75), 16: ('plug', 0.75), 17: ('prepare', 0.75), 18: ('put', 0.75), 19: ('repair', 0.75), 20: ('move', 0.75), 21: ('separate', 0.75), 22: ('switch', 0.75), 23: ('switch', 0.75), 24: ('switch', 0.75), 25: ('transport', 0.75), 26: ('turn', 0.75), 27: ('turn', 0.75), 28: ('plug', 0.75), 29: ('wash', 0.75)}"
pocketknife,"{1: ('cut', 0.75), 2: ('carve', 0.75), 3: ('change', 0.75), 4: ('crack', 0.75), 5: ('cube', 0.75), 6: ('cut', 0.75), 7: ('dice', 0.75), 8: ('fix', 0.75), 9: ('open', 0.75), 10: ('peel', 0.75), 11: ('prepare', 0.75), 12: ('repair', 0.75), 13: ('separate', 0.75), 14: ('serve', 0.75), 15: ('skin', 0.75)}"
pointing trowel,"{1: ('grasp', 0.75), 2: ('change', 0.75), 3: ('fix', 0.75), 4: ('hold', 0.75), 5: ('prepare', 0.75), 6: ('repair', 0.75), 7: ('scoop', 0.75), 8: ('spread', 0.75)}"
poleax..ax,"{1: ('cut', 0.75), 2: ('change', 0.75), 3: ('chop', 0.75), 4: ('cut', 0.75), 5: ('fix', 0.75), 6: ('prepare', 0.75), 7: ('repair', 0.75), 8: ('separate', 0.75), 9: ('skin', 0.75)}"
poleax..battle ax,"{1: ('cut', 0.75), 2: ('change', 0.75), 3: ('chop', 0.75), 4: ('cut', 0.75), 5: ('fix', 0.75), 6: ('prepare', 0.75), 7: ('repair', 0.75), 8: ('separate', 0.75), 9: ('skin', 0.75)}"
poniard,"{1: ('cut', 0.75), 2: ('carve', 0.75), 3: ('change', 0.75), 4: ('crack', 0.75), 5: ('cube', 0.75), 6: ('cut', 0.75), 7: ('destroy', 0.75), 8: ('dice', 0.75), 9: ('fix', 0.75), 10: ('open', 0.75), 11: ('peel', 0.75), 12: ('prepare', 0.75), 13: ('repair', 0.75), 14: ('separate', 0.75), 15: ('serve', 0.75), 16: ('skin', 0.75)}"
portable saw,"{1: ('cut', 0.75), 2: ('bore', 0.75), 3: ('break', 0.75), 4: ('change', 0.75), 5: ('clean', 0.75), 6: ('control', 0.75), 7: ('cut', 0.75), 8: ('drill', 0.75), 9: ('fix', 0.75), 10: ('handle', 0.75), 11: ('install', 0.75), 12: ('manipulate', 0.75), 13: ('move', 0.75), 14: ('operate', 0.75), 15: ('perform', 0.75), 16: ('plug', 0.75), 17: ('prepare', 0.75), 18: ('put', 0.75), 19: ('repair', 0.75), 20: ('move', 0.75), 21: ('separate', 0.75), 22: ('switch', 0.75), 23: ('switch', 0.75), 24: ('switch', 0.75), 25: ('transport', 0.75), 26: ('turn', 0.75), 27: ('turn', 0.75), 28: ('plug', 0.75), 29: ('wash', 0.75)}"
poster,"{1: ('decorate', 1.0)}"
posthole digger,"{1: ('grasp', 0.75), 2: ('change', 0.75), 3: ('dig', 0.75), 4: ('fix', 0.75), 5: ('hold', 0.75), 6: ('prepare', 0.75), 7: ('repair', 0.75)}"
pot,"{1: ('carry', 1.0), 2: ('contain', 1.0), 3: ('be heated', 1.0)}"
potato,"{1: ('eat', 1.5)}"
power drill,"{1: ('cut', 0.75), 2: ('bore', 0.75), 3: ('break', 0.75), 4: ('change', 0.75), 5: ('clean', 0.75), 6: ('control', 0.75), 7: ('cut', 0.75), 8: ('drill', 0.75), 9: ('fix', 0.75), 10: ('handle', 0.75), 11: ('install', 0.75), 12: ('manipulate', 0.75), 13: ('move', 0.75), 14: ('operate', 0.75), 15: ('perform', 0.75), 16: ('plug', 0.75), 17: ('prepare', 0.75), 18: ('put', 0.75), 19: ('repair', 0.75), 20: ('move', 0.75), 21: ('separate', 0.75), 22: ('switch', 0.75), 23: ('transport', 0.75), 24: ('turn', 0.75), 25: ('plug', 0.75), 26: ('wash', 0.75)}"
power mower,"{1: ('change', 0.75), 2: ('fix', 0.75), 3: ('prepare', 0.75), 4: ('repair', 0.75)}"
power saw,"{1: ('cut', 0.75), 2: ('bore', 0.75), 3: ('break', 0.75), 4: ('change', 0.75), 5: ('clean', 0.75), 6: ('control', 0.75), 7: ('cut', 0.75), 8: ('drill', 0.75), 9: ('fix', 0.75), 10: ('handle', 0.75), 11: ('install', 0.75), 12: ('manipulate', 0.75), 13: ('move', 0.75), 14: ('operate', 0.75), 15: ('perform', 0.75), 16: ('plug', 0.75), 17: ('prepare', 0.75), 18: ('put', 0.75), 19: ('repair', 0.75), 20: ('move', 0.75), 21: ('separate', 0.75), 22: ('switch', 0.75), 23: ('switch', 0.75), 24: ('switch', 0.75), 25: ('transport', 0.75), 26: ('turn', 0.75), 27: ('turn', 0.75), 28: ('plug', 0.75), 29: ('wash', 0.75)}"
power tool,"{1: ('break', 0.75), 2: ('change', 0.75), 3: ('clean', 0.75), 4: ('control', 0.75), 5: ('fix', 0.75), 6: ('handle', 0.75), 7: ('install', 0.75), 8: ('manipulate', 0.75), 9: ('move', 0.75), 10: ('operate', 0.75), 11: ('perform', 0.75), 12: ('plug', 0.75), 13: ('prepare', 0.75), 14: ('put', 0.75), 15: ('repair', 0.75), 16: ('move', 0.75), 17: ('switch', 0.75), 18: ('switch', 0.75), 19: ('switch', 0.75), 20: ('transport', 0.75), 21: ('turn', 0.75), 22: ('turn', 0.75), 23: ('plug', 0.75), 24: ('wash', 0.75)}"
pruner,"{1: ('cut', 0.75), 2: ('grasp', 0.75), 3: ('bore', 0.75), 4: ('break', 0.75), 5: ('change', 0.75), 6: ('clean', 0.75), 7: ('control', 0.75), 8: ('cut', 0.75), 9: ('drill', 0.75), 10: ('fix', 0.75), 11: ('handle', 0.75), 12: ('hold', 0.75), 13: ('install', 0.75), 14: ('manipulate', 0.75), 15: ('move', 0.75), 16: ('operate', 0.75), 17: ('perform', 0.75), 18: ('plug', 0.75), 19: ('prepare', 0.75), 20: ('put', 0.75), 21: ('repair', 0.75), 22: ('move', 0.75), 23: ('see', 0.75), 24: ('separate', 0.75), 25: ('switch', 0.75), 26: ('switch', 0.75), 27: ('switch', 0.75), 28: ('transport', 0.75), 29: ('turn', 0.75), 30: ('turn', 0.75), 31: ('plug', 0.75), 32: ('wash', 0.75)}"
pruning knife,"{1: ('cut', 0.75), 2: ('carve', 0.75), 3: ('change', 0.75), 4: ('crack', 0.75), 5: ('cube', 0.75), 6: ('cut', 0.75), 7: ('dice', 0.75), 8: ('fix', 0.75), 9: ('open', 0.75), 10: ('peel', 0.75), 11: ('prepare', 0.75), 12: ('repair', 0.75), 13: ('separate', 0.75), 14: ('serve', 0.75), 15: ('skin', 0.75)}"
pruning saw,"{1: ('cut', 1.25), 2: ('cut', 0.75), 3: ('grasp', 0.75), 4: ('bore', 0.75), 5: ('break', 0.75), 6: ('change', 0.75), 7: ('clean', 0.75), 8: ('control', 0.75), 9: ('drill', 0.75), 10: ('fix', 0.75), 11: ('handle', 0.75), 12: ('hold', 0.75), 13: ('install', 0.75), 14: ('manipulate', 0.75), 15: ('move', 0.75), 16: ('operate', 0.75), 17: ('perform', 0.75), 18: ('plug', 0.75), 19: ('prepare', 0.75), 20: ('put', 0.75), 21: ('repair', 0.75), 22: ('move', 0.75), 23: ('see', 0.75), 24: ('separate', 0.75), 25: ('switch', 0.75), 26: ('transport', 0.75), 27: ('turn', 0.75), 28: ('plug', 0.75), 29: ('wash', 0.75)}"
pruning shear,"{1: ('cut', 0.75), 2: ('grasp', 0.75), 3: ('change', 0.75), 4: ('cut', 0.75), 5: ('fix', 0.75), 6: ('hold', 0.75), 7: ('open', 0.75), 8: ('peel', 0.75), 9: ('prepare', 0.75), 10: ('repair', 0.75), 11: ('separate', 0.75), 12: ('skin', 0.75)}"
pump type plier,"{1: ('grasp', 0.75), 2: ('change', 0.75), 3: ('fix', 0.75), 4: ('hold', 0.75), 5: ('prepare', 0.75), 6: ('repair', 0.75)}"
punch,"{1: ('change', 0.75), 2: ('fix', 0.75), 3: ('pierce', 0.75), 4: ('prepare', 0.75), 5: ('repair', 0.75)}"
punch plier,"{1: ('change', 0.75), 2: ('fix', 0.75), 3: ('pierce', 0.75), 4: ('prepare', 0.75), 5: ('repair', 0.75)}"
putty knife,"{1: ('grasp', 0.75), 2: ('change', 0.75), 3: ('fix', 0.75), 4: ('hold', 0.75), 5: ('mix', 0.75), 6: ('prepare', 0.75), 7: ('repair', 0.75), 8: ('spread', 0.75)}"
rake,"{1: ('change', 0.75), 2: ('fix', 0.75), 3: ('pick', 0.75), 4: ('prepare', 0.75), 5: ('repair', 0.75)}"
ram,"{1: ('change', 0.75), 2: ('fix', 0.75), 3: ('hit', 0.75), 4: ('prepare', 0.75), 5: ('repair', 0.75)}"
rammer,"{1: ('change', 0.75), 2: ('fix', 0.75), 3: ('hit', 0.75), 4: ('prepare', 0.75), 5: ('repair', 0.75)}"
rasp,"{1: ('grasp', 0.75), 2: ('beautify', 0.75), 3: ('change', 0.75), 4: ('file', 0.75), 5: ('fix', 0.75), 6: ('hold', 0.75), 7: ('polish', 0.75), 8: ('prepare', 0.75), 9: ('repair', 0.75)}"
rat tail file,"{1: ('grasp', 0.75), 2: ('beautify', 0.75), 3: ('change', 0.75), 4: ('file', 0.75), 5: ('fix', 0.75), 6: ('hold', 0.75), 7: ('polish', 0.75), 8: ('prepare', 0.75), 9: ('repair', 0.75)}"
ravehook,"{1: ('grasp', 0.75), 2: ('change', 0.75), 3: ('fix', 0.75), 4: ('hold', 0.75), 5: ('prepare', 0.75), 6: ('repair', 0.75)}"
razor,"{1: ('cut', 1.25), 2: ('cut', 0.75), 3: ('change', 0.75), 4: ('fix', 0.75), 5: ('hammer', 0.75), 6: ('prepare', 0.75), 7: ('repair', 0.75), 8: ('separate', 0.75), 9: ('skin', 0.75), 10: ('strike', 0.75)}"
razorblade,"{1: ('cut', 0.75), 2: ('change', 0.75), 3: ('cut', 0.75), 4: ('fix', 0.75), 5: ('prepare', 0.75), 6: ('repair', 0.75), 7: ('separate', 0.75), 8: ('slit', 0.75)}"
reamer..drill,"{1: ('cut', 0.75), 2: ('bore', 0.75), 3: ('change', 0.75), 4: ('cut', 0.75), 5: ('drill', 0.75), 6: ('fix', 0.75), 7: ('prepare', 0.75), 8: ('repair', 0.75), 9: ('separate', 0.75)}"
remote control,"{1: ('break', 1.0)}"
rib joint plier,"{1: ('grasp', 0.75), 2: ('change', 0.75), 3: ('fix', 0.75), 4: ('hold', 0.75), 5: ('prepare', 0.75), 6: ('repair', 0.75)}"
riding mower,"{1: ('change', 0.75), 2: ('fix', 0.75), 3: ('prepare', 0.75), 4: ('repair', 0.75)}"
ripping chisel,"{1: ('cut', 0.75), 2: ('change', 0.75), 3: ('cut', 0.75), 4: ('fix', 0.75), 5: ('hammer', 0.75), 6: ('prepare', 0.75), 7: ('repair', 0.75), 8: ('separate', 0.75), 9: ('skin', 0.75), 10: ('strike', 0.75)}"
ripsaw,"{1: ('cut', 0.75), 2: ('grasp', 0.75), 3: ('bore', 0.75), 4: ('break', 0.75), 5: ('change', 0.75), 6: ('clean', 0.75), 7: ('control', 0.75), 8: ('cut', 0.75), 9: ('drill', 0.75), 10: ('fix', 0.75), 11: ('handle', 0.75), 12: ('hold', 0.75), 13: ('install', 0.75), 14: ('manipulate', 0.75), 15: ('move', 0.75), 16: ('operate', 0.75), 17: ('perform', 0.75), 18: ('plug', 0.75), 19: ('prepare', 0.75), 20: ('put', 0.75), 21: ('repair', 0.75), 22: ('move', 0.75), 23: ('see', 0.75), 24: ('separate', 0.75), 25: ('switch', 0.75), 26: ('switch', 0.75), 27: ('switch', 0.75), 28: ('transport', 0.75), 29: ('turn', 0.75), 30: ('turn', 0.75), 31: ('plug', 0.75), 32: ('wash', 0.75)}"
roach clip,"{1: ('grasp', 0.75), 2: ('change', 0.75), 3: ('fix', 0.75), 4: ('hold', 0.75), 5: ('prepare', 0.75), 6: ('repair', 0.75)}"
rock bit,"{1: ('cut', 0.75), 2: ('change', 0.75), 3: ('cut', 0.75), 4: ('fix', 0.75), 5: ('prepare', 0.75), 6: ('repair', 0.75), 7: ('separate', 0.75)}"
room decor,"{1: ('decorate', 1.0)}"
round file,"{1: ('grasp', 0.75), 2: ('beautify', 0.75), 3: ('change', 0.75), 4: ('file', 0.75), 5: ('fix', 0.75), 6: ('hold', 0.75), 7: ('polish', 0.75), 8: ('prepare', 0.75), 9: ('repair', 0.75)}"
rounder,"{1: ('change', 0.75), 2: ('fix', 0.75), 3: ('prepare', 0.75), 4: ('repair', 0.75), 5: ('roll', 0.75), 6: ('roll', 0.75)}"
router,"{1: ('cut', 0.75), 2: ('bore', 0.75), 3: ('break', 0.75), 4: ('change', 0.75), 5: ('clean', 0.75), 6: ('control', 0.75), 7: ('cut', 0.75), 8: ('drill', 0.75), 9: ('fix', 0.75), 10: ('handle', 0.75), 11: ('install', 0.75), 12: ('manipulate', 0.75), 13: ('move', 0.75), 14: ('operate', 0.75), 15: ('perform', 0.75), 16: ('plug', 0.75), 17: ('prepare', 0.75), 18: ('put', 0.75), 19: ('repair', 0.75), 20: ('move', 0.75), 21: ('separate', 0.75), 22: ('switch', 0.75), 23: ('switch', 0.75), 24: ('switch', 0.75), 25: ('transport', 0.75), 26: ('turn', 0.75), 27: ('turn', 0.75), 28: ('plug', 0.75), 29: ('wash', 0.75)}"
router plane,"{1: ('cut', 0.75), 2: ('grasp', 0.75), 3: ('change', 0.75), 4: ('cut', 0.75), 5: ('fix', 0.75), 6: ('hold', 0.75), 7: ('prepare', 0.75), 8: ('repair', 0.75), 9: ('separate', 0.75), 10: ('skin', 0.75)}"
rubber eraser,"{1: ('grasp', 1.0)}"
s wrench,"{1: ('grasp', 0.75), 2: ('change', 0.75), 3: ('fix', 0.75), 4: ('hold', 0.75), 5: ('prepare', 0.75), 6: ('repair', 0.75), 7: ('wrench', 0.75)}"
saber saw,"{1: ('cut', 0.75), 2: ('bore', 0.75), 3: ('break', 0.75), 4: ('change', 0.75), 5: ('clean', 0.75), 6: ('control', 0.75), 7: ('cut', 0.75), 8: ('drill', 0.75), 9: ('fix', 0.75), 10: ('handle', 0.75), 11: ('install', 0.75), 12: ('manipulate', 0.75), 13: ('move', 0.75), 14: ('operate', 0.75), 15: ('perform', 0.75), 16: ('plug', 0.75), 17: ('prepare', 0.75), 18: ('put', 0.75), 19: ('repair', 0.75), 20: ('move', 0.75), 21: ('separate', 0.75), 22: ('switch', 0.75), 23: ('switch', 0.75), 24: ('switch', 0.75), 25: ('transport', 0.75), 26: ('turn', 0.75), 27: ('turn', 0.75), 28: ('plug', 0.75), 29: ('wash', 0.75)}"
safe,"{1: ('contain', 1.0)}"
safety razor,"{1: ('cut', 0.75), 2: ('change', 0.75), 3: ('cut', 0.75), 4: ('fix', 0.75), 5: ('hammer', 0.75), 6: ('prepare', 0.75), 7: ('repair', 0.75), 8: ('separate', 0.75), 9: ('skin', 0.75), 10: ('strike', 0.75)}"
salt,"{1: ('eat', 1.0)}"
sandblaster,"{1: ('grasp', 0.75), 2: ('beautify', 0.75), 3: ('change', 0.75), 4: ('clean', 0.75), 5: ('fix', 0.75), 6: ('hold', 0.75), 7: ('polish', 0.75), 8: ('prepare', 0.75), 9: ('repair', 0.75)}"
saw,"{1: ('cut', 1.25), 2: ('cut', 0.75), 3: ('grasp', 0.75), 4: ('change', 0.75), 5: ('fix', 0.75), 6: ('hold', 0.75), 7: ('prepare', 0.75), 8: ('repair', 0.75), 9: ('see', 0.75), 10: ('separate', 0.75)}"
saw set,"{1: ('bend', 0.75), 2: ('change', 0.75), 3: ('fix', 0.75), 4: ('prepare', 0.75), 5: ('repair', 0.75)}"
sawmill,"{1: ('cut', 0.75), 2: ('bore', 0.75), 3: ('break', 0.75), 4: ('change', 0.75), 5: ('clean', 0.75), 6: ('control', 0.75), 7: ('cut', 0.75), 8: ('drill', 0.75), 9: ('fix', 0.75), 10: ('handle', 0.75), 11: ('install', 0.75), 12: ('manipulate', 0.75), 13: ('move', 0.75), 14: ('operate', 0.75), 15: ('perform', 0.75), 16: ('plug', 0.75), 17: ('prepare', 0.75), 18: ('put', 0.75), 19: ('repair', 0.75), 20: ('move', 0.75), 21: ('separate', 0.75), 22: ('switch', 0.75), 23: ('switch', 0.75), 24: ('switch', 0.75), 25: ('transport', 0.75), 26: ('turn', 0.75), 27: ('turn', 0.75), 28: ('plug', 0.75), 29: ('wash', 0.75)}"
scalpel,"{1: ('cut', 1.25), 2: ('cut', 0.75), 3: ('carve', 0.75), 4: ('change', 0.75), 5: ('crack', 0.75), 6: ('cube', 0.75), 7: ('dice', 0.75), 8: ('fix', 0.75), 9: ('open', 0.75), 10: ('peel', 0.75), 11: ('prepare', 0.75), 12: ('repair', 0.75), 13: ('separate', 0.75), 14: ('serve', 0.75), 15: ('skin', 0.75)}"
scauper,"{1: ('grasp', 0.75), 2: ('change', 0.75), 3: ('engrave', 0.75), 4: ('fix', 0.75), 5: ('hold', 0.75), 6: ('prepare', 0.75), 7: ('repair', 0.75), 8: ('scoop', 0.75)}"
scissors,"{1: ('cut', 2.25), 2: ('grasp', 1.0), 3: ('cut', 0.75), 4: ('grasp', 0.75), 5: ('change', 0.75), 6: ('fix', 0.75), 7: ('hold', 0.75), 8: ('open', 0.75), 9: ('peel', 0.75), 10: ('prepare', 0.75), 11: ('repair', 0.75), 12: ('separate', 0.75), 13: ('skin', 0.75)}"
scoop..shovel,"{1: ('grasp', 0.75), 2: ('change', 0.75), 3: ('dig', 0.75), 4: ('fix', 0.75), 5: ('hold', 0.75), 6: ('prepare', 0.75), 7: ('repair', 0.75)}"
scraper,"{1: ('grasp', 0.75), 2: ('change', 0.75), 3: ('fix', 0.75), 4: ('hold', 0.75), 5: ('prepare', 0.75), 6: ('repair', 0.75)}"
screw key,"{1: ('grasp', 0.75), 2: ('change', 0.75), 3: ('fix', 0.75), 4: ('hold', 0.75), 5: ('prepare', 0.75), 6: ('repair', 0.75), 7: ('wrench', 0.75)}"
screw wrench,"{1: ('grasp', 0.75), 2: ('change', 0.75), 3: ('fix', 0.75), 4: ('hold', 0.75), 5: ('prepare', 0.75), 6: ('repair', 0.75), 7: ('wrench', 0.75)}"
screwdriver,"{1: ('fix', 1.25), 2: ('screw', 1.25), 3: ('grasp', 0.75), 4: ('change', 0.75), 5: ('hold', 0.75), 6: ('open', 0.75), 7: ('poke', 0.75), 8: ('prepare', 0.75), 9: ('repair', 0.75), 10: ('resolve', 0.75)}"
scriber,"{1: ('grasp', 0.75), 2: ('change', 0.75), 3: ('fix', 0.75), 4: ('hold', 0.75), 5: ('mark', 0.75), 6: ('pierce', 0.75), 7: ('pierce', 0.75), 8: ('prepare', 0.75), 9: ('repair', 0.75)}"
scrub brush,"{1: ('clean', 1.0)}"
scrub plane,"{1: ('cut', 0.75), 2: ('grasp', 0.75), 3: ('change', 0.75), 4: ('cut', 0.75), 5: ('fix', 0.75), 6: ('hold', 0.75), 7: ('prepare', 0.75), 8: ('repair', 0.75), 9: ('separate', 0.75), 10: ('skin', 0.75)}"
scuffle,"{1: ('change', 0.75), 2: ('fix', 0.75), 3: ('prepare', 0.75), 4: ('repair', 0.75)}"
scythe,"{1: ('cut', 0.75), 2: ('change', 0.75), 3: ('cut', 0.75), 4: ('fix', 0.75), 5: ('hammer', 0.75), 6: ('prepare', 0.75), 7: ('repair', 0.75), 8: ('separate', 0.75), 9: ('skin', 0.75), 10: ('strike', 0.75)}"
seal..signet,"{1: ('grasp', 0.75), 2: ('change', 0.75), 3: ('fix', 0.75), 4: ('hold', 0.75), 5: ('mark', 0.75), 6: ('prepare', 0.75), 7: ('repair', 0.75)}"
secateur,"{1: ('cut', 0.75), 2: ('grasp', 0.75), 3: ('change', 0.75), 4: ('cut', 0.75), 5: ('fix', 0.75), 6: ('hold', 0.75), 7: ('open', 0.75), 8: ('peel', 0.75), 9: ('prepare', 0.75), 10: ('repair', 0.75), 11: ('separate', 0.75), 12: ('skin', 0.75)}"
set square,"{1: ('grasp', 0.75), 2: ('change', 0.75), 3: ('fix', 0.75), 4: ('hold', 0.75), 5: ('prepare', 0.75), 6: ('repair', 0.75)}"
shampoo,"{1: ('wrap', 1.0), 2: ('open', 1.0)}"
shaping tool,"{1: ('shape', 0.75), 2: ('change', 0.75), 3: ('fix', 0.75), 4: ('prepare', 0.75), 5: ('repair', 0.75), 6: ('shape', 0.75)}"
shaver,"{1: ('cut', 0.75), 2: ('change', 0.75), 3: ('cut', 0.75), 4: ('fix', 0.75), 5: ('hammer', 0.75), 6: ('prepare', 0.75), 7: ('repair', 0.75), 8: ('separate', 0.75), 9: ('skin', 0.75), 10: ('strike', 0.75)}"
shear..edge tool,"{1: ('cut', 0.75), 2: ('change', 0.75), 3: ('cut', 0.75), 4: ('fix', 0.75), 5: ('prepare', 0.75), 6: ('repair', 0.75), 7: ('separate', 0.75), 8: ('skin', 0.75)}"
shear..scissor,"{1: ('cut', 0.75), 2: ('grasp', 0.75), 3: ('change', 0.75), 4: ('cut', 0.75), 5: ('fix', 0.75), 6: ('hold', 0.75), 7: ('open', 0.75), 8: ('peel', 0.75), 9: ('prepare', 0.75), 10: ('repair', 0.75), 11: ('separate', 0.75), 12: ('skin', 0.75)}"
shelf,"{1: ('contain', 1.5)}"
shelving unit,"{1: ('contain', 1.0)}"
shiv,"{1: ('cut', 0.75), 2: ('carve', 0.75), 3: ('change', 0.75), 4: ('cube', 0.75), 5: ('cut', 0.75), 6: ('destroy', 0.75), 7: ('dice', 0.75), 8: ('fix', 0.75), 9: ('prepare', 0.75), 10: ('repair', 0.75), 11: ('separate', 0.75), 12: ('skin', 0.75)}"
shovel..hand tool,"{1: ('grasp', 0.75), 2: ('change', 0.75), 3: ('dig', 0.75), 4: ('fix', 0.75), 5: ('hold', 0.75), 6: ('prepare', 0.75), 7: ('repair', 0.75)}"
sickle,"{1: ('cut', 0.75), 2: ('change', 0.75), 3: ('cut', 0.75), 4: ('fix', 0.75), 5: ('hammer', 0.75), 6: ('prepare', 0.75), 7: ('repair', 0.75), 8: ('separate', 0.75), 9: ('skin', 0.75), 10: ('strike', 0.75)}"
side table,"{1: ('increase', 1.0), 2: ('support', 1.0)}"
signet,"{1: ('grasp', 0.75), 2: ('change', 0.75), 3: ('fix', 0.75), 4: ('hold', 0.75), 5: ('mark', 0.75), 6: ('prepare', 0.75), 7: ('repair', 0.75)}"
sink basin,"{1: ('wash', 1.0), 2: ('dispose', 1.0)}"
slicer..knife,"{1: ('cut', 0.75), 2: ('carve', 0.75), 3: ('change', 0.75), 4: ('crack', 0.75), 5: ('cube', 0.75), 6: ('cut', 0.75), 7: ('dice', 0.75), 8: ('fix', 0.75), 9: ('open', 0.75), 10: ('peel', 0.75), 11: ('prepare', 0.75), 12: ('repair', 0.75), 13: ('separate', 0.75), 14: ('serve', 0.75), 15: ('skin', 0.75)}"
slick..trowel,"{1: ('grasp', 0.75), 2: ('change', 0.75), 3: ('fix', 0.75), 4: ('hold', 0.75), 5: ('prepare', 0.75), 6: ('repair', 0.75), 7: ('scoop', 0.75), 8: ('spread', 0.75)}"
slip joint plier,"{1: ('grasp', 0.75), 2: ('change', 0.75), 3: ('fix', 0.75), 4: ('hold', 0.75), 5: ('prepare', 0.75), 6: ('repair', 0.75)}"
slouse,"{1: ('grasp', 0.75), 2: ('change', 0.75), 3: ('fix', 0.75), 4: ('hold', 0.75), 5: ('mix', 0.75), 6: ('prepare', 0.75), 7: ('repair', 0.75), 8: ('spread', 0.75)}"
smooth plane,"{1: ('cut', 0.75), 2: ('grasp', 0.75), 3: ('change', 0.75), 4: ('cut', 0.75), 5: ('fix', 0.75), 6: ('hold', 0.75), 7: ('prepare', 0.75), 8: ('repair', 0.75), 9: ('separate', 0.75), 10: ('skin', 0.75)}"
snip,"{1: ('cut', 0.75), 2: ('grasp', 0.75), 3: ('change', 0.75), 4: ('cut', 0.75), 5: ('fix', 0.75), 6: ('hold', 0.75), 7: ('open', 0.75), 8: ('peel', 0.75), 9: ('prepare', 0.75), 10: ('repair', 0.75), 11: ('separate', 0.75), 12: ('skin', 0.75)}"
snuffer,"{1: ('cut', 0.75), 2: ('grasp', 0.75), 3: ('change', 0.75), 4: ('cut', 0.75), 5: ('fix', 0.75), 6: ('hold', 0.75), 7: ('open', 0.75), 8: ('peel', 0.75), 9: ('prepare', 0.75), 10: ('repair', 0.75), 11: ('separate', 0.75), 12: ('skin', 0.75)}"
soap bar,"{1: ('clean', 1.0)}"
soap bottle,"{1: ('clean', 1.0)}"
socket wrench,"{1: ('grasp', 0.75), 2: ('change', 0.75), 3: ('fix', 0.75), 4: ('hold', 0.75), 5: ('prepare', 0.75), 6: ('repair', 0.75), 7: ('wrench', 0.75)}"
soda can,"{1: ('wrap', 1.0), 2: ('open', 1.0)}"
sofa,"{1: ('comfort', 1.5), 2: ('increase', 1.0), 3: ('support', 1.0)}"
soldering iron,"{1: ('grasp', 0.75), 2: ('heat', 0.75), 3: ('change', 0.75), 4: ('fix', 0.75), 5: ('heat', 0.75), 6: ('hold', 0.75), 7: ('melt', 0.75), 8: ('prepare', 0.75), 9: ('repair', 0.75), 10: ('solder', 0.75)}"
spade bit,"{1: ('cut', 0.75), 2: ('change', 0.75), 3: ('cut', 0.75), 4: ('fix', 0.75), 5: ('prepare', 0.75), 6: ('repair', 0.75), 7: ('separate', 0.75)}"
spade..hand shovel,"{1: ('grasp', 0.75), 2: ('change', 0.75), 3: ('dig', 0.75), 4: ('fix', 0.75), 5: ('hold', 0.75), 6: ('prepare', 0.75), 7: ('repair', 0.75)}"
sparkplug wrench,"{1: ('grasp', 0.75), 2: ('change', 0.75), 3: ('fix', 0.75), 4: ('hold', 0.75), 5: ('prepare', 0.75), 6: ('repair', 0.75), 7: ('wrench', 0.75)}"
spatula,"{1: ('cut', 1.0), 2: ('mix', 1.0), 3: ('break', 1.0)}"
spatula..hand tool,"{1: ('grasp', 0.75), 2: ('change', 0.75), 3: ('fix', 0.75), 4: ('hold', 0.75), 5: ('mix', 0.75), 6: ('prepare', 0.75), 7: ('repair', 0.75), 8: ('spread', 0.75)}"
spiral ratchet screwdriver,"{1: ('grasp', 0.75), 2: ('change', 0.75), 3: ('fix', 0.75), 4: ('hold', 0.75), 5: ('open', 0.75), 6: ('poke', 0.75), 7: ('prepare', 0.75), 8: ('repair', 0.75), 9: ('resolve', 0.75), 10: ('screw', 0.75)}"
spokeshave,"{1: ('cut', 0.75), 2: ('grasp', 0.75), 3: ('change', 0.75), 4: ('cut', 0.75), 5: ('fix', 0.75), 6: ('hold', 0.75), 7: ('prepare', 0.75), 8: ('repair', 0.75), 9: ('separate', 0.75), 10: ('skin', 0.75)}"
sponge,"{1: ('grasp', 1.0), 2: ('absorb', 1.0), 3: ('move', 0.75), 4: ('weigh', 0.75), 5: ('block', 0.75), 6: ('support', 0.75), 7: ('contain', 0.75), 8: ('contain', 0.75)}"
spoon,"{1: ('cut', 1.0), 2: ('mix', 1.0), 3: ('break', 1.0)}"
spray bottle,"{1: ('carry', 1.0)}"
spreader,"{1: ('grasp', 0.75), 2: ('change', 0.75), 3: ('fix', 0.75), 4: ('hold', 0.75), 5: ('prepare', 0.75), 6: ('repair', 0.75), 7: ('spread', 0.75)}"
spud,"{1: ('grasp', 0.75), 2: ('change', 0.75), 3: ('dig', 0.75), 4: ('fix', 0.75), 5: ('hold', 0.75), 6: ('prepare', 0.75), 7: ('repair', 0.75)}"
square..hand tool,"{1: ('grasp', 0.75), 2: ('change', 0.75), 3: ('fix', 0.75), 4: ('hold', 0.75), 5: ('prepare', 0.75), 6: ('repair', 0.75)}"
stamp..die,"{1: ('shape', 0.75), 2: ('change', 0.75), 3: ('fix', 0.75), 4: ('prepare', 0.75), 5: ('repair', 0.75), 6: ('shape', 0.75)}"
stamping machine,"{1: ('break', 0.75), 2: ('change', 0.75), 3: ('clean', 0.75), 4: ('control', 0.75), 5: ('fix', 0.75), 6: ('handle', 0.75), 7: ('install', 0.75), 8: ('manipulate', 0.75), 9: ('move', 0.75), 10: ('operate', 0.75), 11: ('perform', 0.75), 12: ('plug', 0.75), 13: ('prepare', 0.75), 14: ('put', 0.75), 15: ('repair', 0.75), 16: ('move', 0.75), 17: ('switch', 0.75), 18: ('switch', 0.75), 19: ('switch', 0.75), 20: ('transport', 0.75), 21: ('turn', 0.75), 22: ('turn', 0.75), 23: ('plug', 0.75), 24: ('wash', 0.75)}"
stapler,"{1: ('staple', 1.5), 2: ('grasp', 1.0)}"
star drill,"{1: ('cut', 0.75), 2: ('bore', 0.75), 3: ('change', 0.75), 4: ('cut', 0.75), 5: ('drill', 0.75), 6: ('fix', 0.75), 7: ('pierce', 0.75), 8: ('prepare', 0.75), 9: ('repair', 0.75), 10: ('separate', 0.75)}"
statue,"{1: ('decorate', 1.0)}"
steak knife,"{1: ('cut', 0.75), 2: ('grasp', 0.75), 3: ('carve', 0.75), 4: ('change', 0.75), 5: ('clean', 0.75), 6: ('crack', 0.75), 7: ('cube', 0.75), 8: ('cut', 0.75), 9: ('dice', 0.75), 10: ('fix', 0.75), 11: ('hold', 0.75), 12: ('open', 0.75), 13: ('peel', 0.75), 14: ('pick', 0.75), 15: ('prepare', 0.75), 16: ('repair', 0.75), 17: ('rub', 0.75), 18: ('separate', 0.75), 19: ('serve', 0.75), 20: ('skin', 0.75), 21: ('spread', 0.75), 22: ('contain', 0.75), 23: ('wipe', 0.75)}"
steel wool pad,"{1: ('beautify', 0.75), 2: ('change', 0.75), 3: ('fix', 0.75), 4: ('polish', 0.75), 5: ('prepare', 0.75), 6: ('repair', 0.75), 7: ('smoothen', 0.75), 8: ('smoothen', 0.75)}"
stemmer..tamp,"{1: ('change', 0.75), 2: ('compress', 0.75), 3: ('fix', 0.75), 4: ('prepare', 0.75), 5: ('press', 0.75), 6: ('repair', 0.75), 7: ('tamp', 0.75), 8: ('tamp', 0.75)}"
stiletto,"{1: ('cut', 0.75), 2: ('carve', 0.75), 3: ('change', 0.75), 4: ('crack', 0.75), 5: ('cube', 0.75), 6: ('cut', 0.75), 7: ('destroy', 0.75), 8: ('dice', 0.75), 9: ('fix', 0.75), 10: ('open', 0.75), 11: ('peel', 0.75), 12: ('prepare', 0.75), 13: ('repair', 0.75), 14: ('separate', 0.75), 15: ('serve', 0.75), 16: ('skin', 0.75)}"
stillson wrench,"{1: ('grasp', 0.75), 2: ('change', 0.75), 3: ('fix', 0.75), 4: ('hold', 0.75), 5: ('prepare', 0.75), 6: ('repair', 0.75), 7: ('wrench', 0.75)}"
stool,"{1: ('increase', 1.5), 2: ('support', 1.0)}"
stove burner,"{1: ('heat', 1.0)}"
straight flute,"{1: ('cut', 0.75), 2: ('bore', 0.75), 3: ('change', 0.75), 4: ('cut', 0.75), 5: ('drill', 0.75), 6: ('fix', 0.75), 7: ('prepare', 0.75), 8: ('repair', 0.75), 9: ('separate', 0.75)}"
straight razor,"{1: ('cut', 0.75), 2: ('change', 0.75), 3: ('cut', 0.75), 4: ('fix', 0.75), 5: ('hammer', 0.75), 6: ('prepare', 0.75), 7: ('repair', 0.75), 8: ('separate', 0.75), 9: ('skin', 0.75), 10: ('strike', 0.75)}"
straightedge,"{1: ('grasp', 0.75), 2: ('change', 0.75), 3: ('fix', 0.75), 4: ('hold', 0.75), 5: ('prepare', 0.75), 6: ('repair', 0.75)}"
strickle..tool,"{1: ('change', 0.75), 2: ('fix', 0.75), 3: ('prepare', 0.75), 4: ('repair', 0.75)}"
surgical knife,"{1: ('cut', 0.75), 2: ('carve', 0.75), 3: ('change', 0.75), 4: ('crack', 0.75), 5: ('cube', 0.75), 6: ('cut', 0.75), 7: ('dice', 0.75), 8: ('fix', 0.75), 9: ('open', 0.75), 10: ('peel', 0.75), 11: ('prepare', 0.75), 12: ('repair', 0.75), 13: ('separate', 0.75), 14: ('serve', 0.75), 15: ('skin', 0.75)}"
switchblade,"{1: ('cut', 0.75), 2: ('carve', 0.75), 3: ('change', 0.75), 4: ('crack', 0.75), 5: ('cube', 0.75), 6: ('cut', 0.75), 7: ('dice', 0.75), 8: ('fix', 0.75), 9: ('open', 0.75), 10: ('peel', 0.75), 11: ('prepare', 0.75), 12: ('repair', 0.75), 13: ('separate', 0.75), 14: ('serve', 0.75), 15: ('skin', 0.75)}"
t square,"{1: ('grasp', 0.75), 2: ('change', 0.75), 3: ('fix', 0.75), 4: ('hold', 0.75), 5: ('prepare', 0.75), 6: ('repair', 0.75)}"
table knife,"{1: ('cut', 0.75), 2: ('grasp', 0.75), 3: ('carve', 0.75), 4: ('change', 0.75), 5: ('clean', 0.75), 6: ('crack', 0.75), 7: ('cube', 0.75), 8: ('cut', 0.75), 9: ('dice', 0.75), 10: ('fix', 0.75), 11: ('hold', 0.75), 12: ('open', 0.75), 13: ('peel', 0.75), 14: ('pick', 0.75), 15: ('prepare', 0.75), 16: ('repair', 0.75), 17: ('rub', 0.75), 18: ('separate', 0.75), 19: ('serve', 0.75), 20: ('skin', 0.75), 21: ('spread', 0.75), 22: ('contain', 0.75), 23: ('wipe', 0.75)}"
table saw,"{1: ('cut', 0.75), 2: ('bore', 0.75), 3: ('break', 0.75), 4: ('change', 0.75), 5: ('clean', 0.75), 6: ('control', 0.75), 7: ('cut', 0.75), 8: ('drill', 0.75), 9: ('fix', 0.75), 10: ('handle', 0.75), 11: ('install', 0.75), 12: ('manipulate', 0.75), 13: ('move', 0.75), 14: ('operate', 0.75), 15: ('perform', 0.75), 16: ('plug', 0.75), 17: ('prepare', 0.75), 18: ('put', 0.75), 19: ('repair', 0.75), 20: ('move', 0.75), 21: ('separate', 0.75), 22: ('switch', 0.75), 23: ('switch', 0.75), 24: ('switch', 0.75), 25: ('transport', 0.75), 26: ('turn', 0.75), 27: ('turn', 0.75), 28: ('plug', 0.75), 29: ('wash', 0.75)}"
table top decor,"{1: ('decorate', 1.0)}"
tableknife,"{1: ('cut', 0.75), 2: ('grasp', 0.75), 3: ('carve', 0.75), 4: ('change', 0.75), 5: ('clean', 0.75), 6: ('crack', 0.75), 7: ('cube', 0.75), 8: ('cut', 0.75), 9: ('dice', 0.75), 10: ('fix', 0.75), 11: ('hold', 0.75), 12: ('open', 0.75), 13: ('peel', 0.75), 14: ('pick', 0.75), 15: ('prepare', 0.75), 16: ('repair', 0.75), 17: ('rub', 0.75), 18: ('separate', 0.75), 19: ('serve', 0.75), 20: ('skin', 0.75), 21: ('spread', 0.75), 22: ('contain', 0.75), 23: ('wipe', 0.75)}"
tack hammer,"{1: ('grasp', 0.75), 2: ('change', 0.75), 3: ('fix', 0.75), 4: ('hammer', 0.75), 5: ('hit', 0.75), 6: ('hold', 0.75), 7: ('prepare', 0.75), 8: ('repair', 0.75), 9: ('strike', 0.75)}"
tamp,"{1: ('change', 0.75), 2: ('compress', 0.75), 3: ('fix', 0.75), 4: ('prepare', 0.75), 5: ('press', 0.75), 6: ('repair', 0.75), 7: ('tamp', 0.75), 8: ('tamp', 0.75)}"
tap wrench,"{1: ('grasp', 0.75), 2: ('change', 0.75), 3: ('fix', 0.75), 4: ('hold', 0.75), 5: ('prepare', 0.75), 6: ('repair', 0.75), 7: ('wrench', 0.75)}"
tap..tool,"{1: ('cut', 0.75), 2: ('change', 0.75), 3: ('cut', 0.75), 4: ('fix', 0.75), 5: ('prepare', 0.75), 6: ('repair', 0.75), 7: ('separate', 0.75)}"
taper file,"{1: ('grasp', 0.75), 2: ('beautify', 0.75), 3: ('change', 0.75), 4: ('file', 0.75), 5: ('fix', 0.75), 6: ('hold', 0.75), 7: ('polish', 0.75), 8: ('prepare', 0.75), 9: ('repair', 0.75)}"
teddy bear,"{1: ('decorate', 1.0)}"
television,"{1: ('entertain', 1.0)}"
tennis racket,"{1: ('exercise', 1.0), 2: ('break', 1.0)}"
thinning shear,"{1: ('cut', 0.75), 2: ('grasp', 0.75), 3: ('change', 0.75), 4: ('cut', 0.75), 5: ('fix', 0.75), 6: ('hold', 0.75), 7: ('open', 0.75), 8: ('peel', 0.75), 9: ('prepare', 0.75), 10: ('repair', 0.75), 11: ('separate', 0.75), 12: ('skin', 0.75)}"
tile cutter,"{1: ('cut', 0.75), 2: ('change', 0.75), 3: ('cut', 0.75), 4: ('fix', 0.75), 5: ('prepare', 0.75), 6: ('repair', 0.75), 7: ('separate', 0.75), 8: ('skin', 0.75)}"
tire iron,"{1: ('grasp', 0.75), 2: ('change', 0.75), 3: ('fix', 0.75), 4: ('hold', 0.75), 5: ('prepare', 0.75), 6: ('repair', 0.75)}"
tissue box,"{1: ('clean', 1.0)}"
to go cup,"{1: ('move', 0.75), 2: ('weigh', 0.75), 3: ('block', 0.75), 4: ('support', 0.75), 5: ('contain', 0.68)}"
toaster,"{1: ('heat', 1.0)}"
toilet,"{1: ('wash', 1.0), 2: ('dispose', 1.0)}"
toilet paper,"{1: ('clean', 1.0)}"
tomato,"{1: ('eat', 1.0)}"
toothbrush,"{1: ('grasp', 1.0)}"
toothpaste,"{1: ('grasp', 1.0)}"
toothpick,"{1: ('clean', 1.25), 2: ('hold', 1.25), 3: ('pick', 1.25), 4: ('grasp', 0.75), 5: ('change', 0.75), 6: ('fix', 0.75), 7: ('pierce', 0.75), 8: ('prepare', 0.75), 9: ('repair', 0.75), 10: ('stick', 0.75)}"
torque wrench,"{1: ('grasp', 0.75), 2: ('change', 0.75), 3: ('fix', 0.75), 4: ('hold', 0.75), 5: ('prepare', 0.75), 6: ('repair', 0.75), 7: ('wrench', 0.75)}"
towel,"{1: ('clean', 1.5)}"
trap and drain auger,"{1: ('grasp', 0.75), 2: ('change', 0.75), 3: ('fix', 0.75), 4: ('hold', 0.75), 5: ('prepare', 0.75), 6: ('repair', 0.75), 7: ('unclog', 0.75)}"
tray,"{1: ('support', 0.75), 2: ('contain', 0.75), 3: ('contain', 0.75)}"
trench knife,"{1: ('cut', 0.75), 2: ('carve', 0.75), 3: ('change', 0.75), 4: ('cube', 0.75), 5: ('cut', 0.75), 6: ('destroy', 0.75), 7: ('dice', 0.75), 8: ('fix', 0.75), 9: ('prepare', 0.75), 10: ('repair', 0.75), 11: ('separate', 0.75), 12: ('skin', 0.75)}"
trepan..drill,"{1: ('cut', 0.75), 2: ('bore', 0.75), 3: ('change', 0.75), 4: ('cut', 0.75), 5: ('drill', 0.75), 6: ('fix', 0.75), 7: ('prepare', 0.75), 8: ('repair', 0.75), 9: ('separate', 0.75)}"
triphammer,"{1: ('break', 0.75), 2: ('change', 0.75), 3: ('clean', 0.75), 4: ('control', 0.75), 5: ('fix', 0.75), 6: ('hammer', 0.75), 7: ('handle', 0.75), 8: ('install', 0.75), 9: ('manipulate', 0.75), 10: ('move', 0.75), 11: ('operate', 0.75), 12: ('perform', 0.75), 13: ('plug', 0.75), 14: ('prepare', 0.75), 15: ('put', 0.75), 16: ('repair', 0.75), 17: ('move', 0.75), 18: ('strike', 0.75), 19: ('switch', 0.75), 20: ('switch', 0.75), 21: ('switch', 0.75), 22: ('transport', 0.75), 23: ('turn', 0.75), 24: ('turn', 0.75), 25: ('plug', 0.75), 26: ('wash', 0.75)}"
trowel,"{1: ('grasp', 0.75), 2: ('change', 0.75), 3: ('fix', 0.75), 4: ('hold', 0.75), 5: ('prepare', 0.75), 6: ('repair', 0.75), 7: ('scoop', 0.75), 8: ('spread', 0.75)}"
try square,"{1: ('grasp', 0.75), 2: ('change', 0.75), 3: ('fix', 0.75), 4: ('hold', 0.75), 5: ('prepare', 0.75), 6: ('repair', 0.75)}"
twist bit,"{1: ('cut', 0.75), 2: ('change', 0.75), 3: ('cut', 0.75), 4: ('fix', 0.75), 5: ('prepare', 0.75), 6: ('repair', 0.75), 7: ('separate', 0.75)}"
two handed saw,"{1: ('cut', 0.75), 2: ('grasp', 0.75), 3: ('bore', 0.75), 4: ('break', 0.75), 5: ('change', 0.75), 6: ('clean', 0.75), 7: ('control', 0.75), 8: ('cut', 0.75), 9: ('drill', 0.75), 10: ('fix', 0.75), 11: ('handle', 0.75), 12: ('hold', 0.75), 13: ('install', 0.75), 14: ('manipulate', 0.75), 15: ('move', 0.75), 16: ('operate', 0.75), 17: ('perform', 0.75), 18: ('plug', 0.75), 19: ('prepare', 0.75), 20: ('put', 0.75), 21: ('repair', 0.75), 22: ('move', 0.75), 23: ('see', 0.75), 24: ('separate', 0.75), 25: ('switch', 0.75), 26: ('switch', 0.75), 27: ('switch', 0.75), 28: ('transport', 0.75), 29: ('turn', 0.75), 30: ('turn', 0.75), 31: ('plug', 0.75), 32: ('wash', 0.75)}"
undercoat,"{1: ('grasp', 0.75), 2: ('change', 0.75), 3: ('fix', 0.75), 4: ('hold', 0.75), 5: ('mark', 0.75), 6: ('prepare', 0.75), 7: ('repair', 0.75)}"
upset,"{1: ('change', 0.75), 2: ('fix', 0.75), 3: ('prepare', 0.75), 4: ('repair', 0.75)}"
vaccum cleaner,"{1: ('clean', 1.0)}"
vase,"{1: ('carry', 1.0)}"
watch,"{1: ('time', 1.5)}"
water bottle,"{1: ('wrap', 1.0), 2: ('open', 1.0)}"
watering can,"{1: ('carry', 1.0)}"
weeder,"{1: ('grasp', 0.75), 2: ('change', 0.75), 3: ('fix', 0.75), 4: ('hold', 0.75), 5: ('prepare', 0.75), 6: ('repair', 0.75)}"
window,"{1: ('illuminate', 1.0)}"
wine bottle,"{1: ('carry', 1.0)}"
wire cutter,"{1: ('cut', 0.75), 2: ('change', 0.75), 3: ('cut', 0.75), 4: ('fix', 0.75), 5: ('hammer', 0.75), 6: ('prepare', 0.75), 7: ('repair', 0.75), 8: ('separate', 0.75), 9: ('skin', 0.75), 10: ('strike', 0.75)}"
wire stripper,"{1: ('grasp', 0.75), 2: ('change', 0.75), 3: ('fix', 0.75), 4: ('hold', 0.75), 5: ('prepare', 0.75), 6: ('repair', 0.75), 7: ('strip', 0.75)}"
wood chisel,"{1: ('cut', 0.75), 2: ('change', 0.75), 3: ('cut', 0.75), 4: ('fix', 0.75), 5: ('hammer', 0.75), 6: ('prepare', 0.75), 7: ('repair', 0.75), 8: ('separate', 0.75), 9: ('skin', 0.75), 10: ('strike', 0.75)}"
wrench,"{1: ('grasp', 0.75), 2: ('change', 0.75), 3: ('fix', 0.75), 4: ('hold', 0.75), 5: ('prepare', 0.75), 6: ('repair', 0.75), 7: ('wrench', 0.75)}"
yataghan,"{1: ('cut', 0.75), 2: ('carve', 0.75), 3: ('change', 0.75), 4: ('cube', 0.75), 5: ('cut', 0.75), 6: ('destroy', 0.75), 7: ('dice', 0.75), 8: ('fix', 0.75), 9: ('prepare', 0.75), 10: ('repair', 0.75), 11: ('separate', 0.75), 12: ('skin', 0.75)}"
