task,correct_configuration,predicted_configuration,correct_prediction,configuration_choices
add a fourth tile to the word,the robot has 1 arm(s) with 7 dofs and rigid robot grippers with 2 fingers and it can not walk.,the robot has 1 arm(s) with 7 dofs and rigid robot grippers with 2 fingers and it can not walk.,True,"['The robot has 1 arm(s) with 6 DoFs and rigid No specified Gripper and it can not walk.', 'The robot has 1 arm(s) with 7 DoFs and rigid Robot Grippers with 2 Fingers and it can not walk.', 'The robot has 1 arm(s) with 1 DoFs and rigid No specified Gripper and it can not walk.', 'The robot has 1 arm(s) with 5 DoFs and rigid No specified Gripper and it can not walk.', 'The robot has 1 arm(s) with 6 DoFs and rigid Robot Grippers with 2 Fingers and it can not walk.']"
adjust the desk lamp,the robot has 1 arm(s) with 6 dofs and rigid no specified gripper and it can not walk.,the robot has 1 arm(s) with 6 dofs and rigid no specified gripper and it can not walk.,True,"['The robot has 1 arm(s) with 6 DoFs and rigid No specified Gripper and it can not walk.', 'The robot has 0 arm(s) with 5 DoFs and rigid No specified Gripper and it can not walk.', 'The robot has 0 arm(s) with 4 DoFs and rigid No specified Gripper and it can not walk.', 'The robot has 1 arm(s) with 5 DoFs and rigid No specified Gripper and it can not walk.', 'The robot has 1 arm(s) with 1 DoFs and rigid No specified Gripper and it can not walk.']"
align the blue towel with the plate,the robot has 1 arm(s) with 7 dofs and rigid robot grippers with 2 fingers and it can not walk.,the robot has 1 arm(s) with 7 dofs and rigid robot grippers with 2 fingers and it can not walk.,True,"['The robot has 1 arm(s) with 1 DoFs and rigid No specified Gripper and it can not walk.', 'The robot has 1 arm(s) with 7 DoFs and rigid Robot Grippers with 2 Fingers and it can not walk.', 'The robot has 1 arm(s) with 6 DoFs and rigid No specified Gripper and it can not walk.', 'The robot has 0 arm(s) with 6 DoFs and rigid No specified Gripper and it can not walk.', 'The robot has 1 arm(s) with 7 DoFs and rigid No specified Gripper and it can not walk.']"
align the rope along the ridge of the black object,the robot has 1 arm(s) with 7 dofs and rigid robot grippers with 2 fingers and it can not walk.,the robot has 1 arm(s) with 7 dofs and rigid robot grippers with 2 fingers and it can not walk.,True,"['The robot has 0 arm(s) with 7 DoFs and rigid Robot Grippers with 2 Fingers and it can not walk.', 'The robot has 0 arm(s) with 5 DoFs and rigid Robot Grippers with 2 Fingers and it can not walk.', 'The robot has 1 arm(s) with 1 DoFs and rigid No specified Gripper and it can not walk.', 'The robot has 0 arm(s) with 6 DoFs and rigid Robot Grippers with 2 Fingers and it can not walk.', 'The robot has 1 arm(s) with 7 DoFs and rigid Robot Grippers with 2 Fingers and it can not walk.']"
arrange shoes,the robot has 1 arm(s) with 6 dofs and rigid no specified gripper and it can not walk.,the robot has 1 arm(s) with 6 dofs and rigid no specified gripper and it can not walk.,True,"['The robot has 1 arm(s) with 5 DoFs and rigid No specified Gripper and it can not walk.', 'The robot has 1 arm(s) with 6 DoFs and rigid No specified Gripper and it can not walk.', 'The robot has 0 arm(s) with 4 DoFs and rigid No specified Gripper and it can not walk.', 'The robot has 0 arm(s) with 5 DoFs and rigid No specified Gripper and it can not walk.', 'The robot has 1 arm(s) with 1 DoFs and rigid No specified Gripper and it can not walk.']"
arrange sofa,the robot has 1 arm(s) with 6 dofs and rigid no specified gripper and it can not walk.,the robot has 1 arm(s) with 6 dofs and rigid no specified gripper and it can not walk.,True,"['The robot has 0 arm(s) with 6 DoFs and rigid No specified Gripper and it can not walk.', 'The robot has 1 arm(s) with 6 DoFs and rigid No specified Gripper and it can not walk.', 'The robot has 0 arm(s) with 5 DoFs and rigid No specified Gripper and it can not walk.', 'The robot has 1 arm(s) with 1 DoFs and rigid No specified Gripper and it can not walk.', 'The robot has 0 arm(s) with 4 DoFs and rigid No specified Gripper and it can not walk.']"
arrange some of the bottle on the counter,the robot has 0 arm(s) with 6 dofs and rigid no specified gripper and it can not walk.,the robot has 1 arm(s) with 5 dofs and rigid no specified gripper and it can not walk.,False,"['The robot has 0 arm(s) with 6 DoFs and rigid No specified Gripper and it can not walk.', 'The robot has 1 arm(s) with 1 DoFs and rigid No specified Gripper and it can not walk.', 'The robot has 1 arm(s) with 4 DoFs and rigid No specified Gripper and it can not walk.', 'The robot has 0 arm(s) with 5 DoFs and rigid No specified Gripper and it can not walk.', 'The robot has 1 arm(s) with 5 DoFs and rigid No specified Gripper and it can not walk.']"
arrange the black objects on the table,the robot has 1 arm(s) with 7 dofs and rigid robot grippers with 2 fingers and it can not walk.,the robot has 1 arm(s) with 7 dofs and rigid robot grippers with 2 fingers and it can not walk.,True,"['The robot has 0 arm(s) with 6 DoFs and rigid No specified Gripper and it can not walk.', 'The robot has 1 arm(s) with 1 DoFs and rigid No specified Gripper and it can not walk.', 'The robot has 1 arm(s) with 7 DoFs and rigid No specified Gripper and it can not walk.', 'The robot has 0 arm(s) with 7 DoFs and rigid No specified Gripper and it can not walk.', 'The robot has 1 arm(s) with 7 DoFs and rigid Robot Grippers with 2 Fingers and it can not walk.']"
arrange the black objects together,the robot has 1 arm(s) with 7 dofs and rigid robot grippers with 2 fingers and it can not walk.,the robot has 1 arm(s) with 7 dofs and rigid robot grippers with 2 fingers and it can not walk.,True,"['The robot has 1 arm(s) with 7 DoFs and rigid Robot Grippers with 2 Fingers and it can not walk.', 'The robot has 0 arm(s) with 7 DoFs and rigid No specified Gripper and it can not walk.', 'The robot has 0 arm(s) with 7 DoFs and rigid Robot Grippers with 2 Fingers and it can not walk.', 'The robot has 1 arm(s) with 1 DoFs and rigid No specified Gripper and it can not walk.', 'The robot has 0 arm(s) with 6 DoFs and rigid No specified Gripper and it can not walk.']"
arrange the cups,the robot has 1 arm(s) with 7 dofs and rigid robot grippers with 2 fingers and it can not walk.,the robot has 1 arm(s) with 7 dofs and rigid robot grippers with 2 fingers and it can not walk.,True,"['The robot has 1 arm(s) with 6 DoFs and rigid No specified Gripper and it can not walk.', 'The robot has 1 arm(s) with 7 DoFs and rigid Robot Grippers with 2 Fingers and it can not walk.', 'The robot has 1 arm(s) with 6 DoFs and rigid Robot Grippers with 2 Fingers and it can not walk.', 'The robot has 0 arm(s) with 6 DoFs and rigid Robot Grippers with 2 Fingers and it can not walk.', 'The robot has 1 arm(s) with 1 DoFs and rigid No specified Gripper and it can not walk.']"
assemble: attach the bubble ring to the ball,the robot has 1 arm(s) with 6 dofs and rigid robot grippers with 2 fingers and it can not walk.,the robot has 1 arm(s) with 6 dofs and rigid robot grippers with 2 fingers and it can not walk.,True,"['The robot has 1 arm(s) with 6 DoFs and rigid Robot Grippers with 2 Fingers and it can not walk.', 'The robot has 1 arm(s) with 1 DoFs and rigid No specified Gripper and it can not walk.', 'The robot has 1 arm(s) with 6 DoFs and rigid No specified Gripper and it can not walk.', 'The robot has 1 arm(s) with 5 DoFs and rigid No specified Gripper and it can not walk.', 'The robot has 1 arm(s) with 4 DoFs and rigid No specified Gripper and it can not walk.']"
attach the three piece lego to the stack of lego's,the robot has 1 arm(s) with 7 dofs and rigid robot grippers with 2 fingers and it can not walk.,the robot has 1 arm(s) with 7 dofs and rigid robot grippers with 2 fingers and it can not walk.,True,"['The robot has 1 arm(s) with 7 DoFs and rigid Robot Grippers with 2 Fingers and it can not walk.', 'The robot has 0 arm(s) with 7 DoFs and rigid Robot Grippers with 2 Fingers and it can not walk.', 'The robot has 0 arm(s) with 7 DoFs and rigid No specified Gripper and it can not walk.', 'The robot has 1 arm(s) with 1 DoFs and rigid No specified Gripper and it can not walk.', 'The robot has 1 arm(s) with 7 DoFs and rigid No specified Gripper and it can not walk.']"
bad. place the pan onto the stove.,the robot has 0 arm(s) with 6 dofs and rigid no specified gripper and it can not walk.,the robot has 1 arm(s) with 4 dofs and rigid no specified gripper and it can not walk.,False,"['The robot has 1 arm(s) with 1 DoFs and rigid No specified Gripper and it can not walk.', 'The robot has 0 arm(s) with 6 DoFs and rigid No specified Gripper and it can not walk.', 'The robot has 0 arm(s) with 4 DoFs and rigid No specified Gripper and it can not walk.', 'The robot has 0 arm(s) with 5 DoFs and rigid No specified Gripper and it can not walk.', 'The robot has 1 arm(s) with 4 DoFs and rigid No specified Gripper and it can not walk.']"
bring bat from the wall to the bed.,the robot has 1 arm(s) with 6 dofs and soft no specified gripper and it can not walk.,the robot has 1 arm(s) with 6 dofs and soft no specified gripper and it can not walk.,True,"['The robot has 1 arm(s) with 4 DoFs and soft No specified Gripper and it can not walk.', 'The robot has 1 arm(s) with 4 DoFs and rigid No specified Gripper and it can not walk.', 'The robot has 1 arm(s) with 6 DoFs and soft No specified Gripper and it can not walk.', 'The robot has 1 arm(s) with 1 DoFs and rigid No specified Gripper and it can not walk.', 'The robot has 1 arm(s) with 5 DoFs and soft No specified Gripper and it can not walk.']"
bring the bowl to the counter.,the robot has 1 arm(s) with 6 dofs and rigid no specified gripper and it can not walk.,the robot has 1 arm(s) with 6 dofs and rigid no specified gripper and it can not walk.,True,"['The robot has 1 arm(s) with 4 DoFs and rigid No specified Gripper and it can not walk.', 'The robot has 1 arm(s) with 6 DoFs and rigid No specified Gripper and it can not walk.', 'The robot has 1 arm(s) with 5 DoFs and rigid No specified Gripper and it can not walk.', 'The robot has 0 arm(s) with 4 DoFs and rigid No specified Gripper and it can not walk.', 'The robot has 1 arm(s) with 1 DoFs and rigid No specified Gripper and it can not walk.']"
bring the mug closer to the edge,the robot has 1 arm(s) with 7 dofs and rigid robot grippers with 2 fingers and it can not walk.,the robot has 1 arm(s) with 6 dofs and rigid robot grippers with 2 fingers and it can not walk.,False,"['The robot has 1 arm(s) with 7 DoFs and rigid Robot Grippers with 2 Fingers and it can not walk.', 'The robot has 1 arm(s) with 5 DoFs and rigid Robot Grippers with 2 Fingers and it can not walk.', 'The robot has 1 arm(s) with 6 DoFs and rigid Robot Grippers with 2 Fingers and it can not walk.', 'The robot has 1 arm(s) with 1 DoFs and rigid No specified Gripper and it can not walk.', 'The robot has 1 arm(s) with 4 DoFs and rigid Robot Grippers with 2 Fingers and it can not walk.']"
bring two bottles to the toilet tank,the robot has 0 arm(s) with 6 dofs and soft no specified gripper and it can not walk.,the robot has 1 arm(s) with 5 dofs and rigid no specified gripper and it can not walk.,False,"['The robot has 1 arm(s) with 5 DoFs and rigid No specified Gripper and it can not walk.', 'The robot has 1 arm(s) with 1 DoFs and rigid No specified Gripper and it can not walk.', 'The robot has 0 arm(s) with 6 DoFs and soft No specified Gripper and it can not walk.', 'The robot has 0 arm(s) with 5 DoFs and rigid No specified Gripper and it can not walk.', 'The robot has 0 arm(s) with 5 DoFs and soft No specified Gripper and it can not walk.']"
bring two sets of keys to the coffee table,the robot has 1 arm(s) with 6 dofs and soft no specified gripper and it can not walk.,the robot has 1 arm(s) with 6 dofs and soft no specified gripper and it can not walk.,True,"['The robot has 0 arm(s) with 5 DoFs and rigid No specified Gripper and it can not walk.', 'The robot has 1 arm(s) with 1 DoFs and rigid No specified Gripper and it can not walk.', 'The robot has 1 arm(s) with 6 DoFs and rigid No specified Gripper and it can not walk.', 'The robot has 0 arm(s) with 6 DoFs and rigid No specified Gripper and it can not walk.', 'The robot has 1 arm(s) with 6 DoFs and soft No specified Gripper and it can not walk.']"
browse internet,the robot has 2 arm(s) with 6 dofs and soft no specified gripper and it can walk.,the robot has 2 arm(s) with 6 dofs and soft no specified gripper and it can walk.,True,"['The robot has 2 arm(s) with 4 DoFs and soft No specified Gripper and it can not walk.', 'The robot has 1 arm(s) with 1 DoFs and rigid No specified Gripper and it can not walk.', 'The robot has 2 arm(s) with 4 DoFs and soft No specified Gripper and it can walk.', 'The robot has 2 arm(s) with 6 DoFs and soft No specified Gripper and it can walk.', 'The robot has 2 arm(s) with 5 DoFs and soft No specified Gripper and it can walk.']"
brush teeth,the robot has 2 arm(s) with 6 dofs and soft no specified gripper and it can walk.,the robot has 2 arm(s) with 6 dofs and rigid no specified gripper and it can not walk.,False,"['The robot has 2 arm(s) with 6 DoFs and soft No specified Gripper and it can walk.', 'The robot has 1 arm(s) with 1 DoFs and rigid No specified Gripper and it can not walk.', 'The robot has 2 arm(s) with 6 DoFs and soft No specified Gripper and it can not walk.', 'The robot has 2 arm(s) with 6 DoFs and rigid No specified Gripper and it can not walk.', 'The robot has 2 arm(s) with 5 DoFs and rigid No specified Gripper and it can not walk.']"
